Word,Article,Plural,WordType,English,Bangla,Partizip_II,Auxiliary,Example_Sentence,Synonyms,Antonyms
(sich) anziehen,,,verb,,,,,,,
(sich) ausruhen,,,verb,,,,,,,
(sich) duschen,,,verb,,,,,,,
(sich) fürchten,,,verb,,,,,,,
(sich) rasieren,,,verb,,,,,,,
(sich) schneiden,,,verb,,,,,,,
(sich) setzen,,,verb,,,,,,,
(sich) siezen,,,verb,,,,,,,
(sich) stoßen,,,verb,,,,,,,
(sich) streiten,,,verb,,,,,,,
(sich) trennen,,,verb,,,,,,,
(sich) umdrehen,,,verb,,,,,,,
(sich) unterhalten,,,verb,,,,,,,
(sich) verabreden,,,verb,,,,,,,
(sich) verabschieden,,,verb,,,,,,,
(sich) verbessern,,,verb,,,,,,,
(sich) verbrennen,,,verb,,,,,,,
(sich) verletzen,,,verb,,,,,,,
(sich) verstecken,,,verb,,,,,,,
(sich) verstehen,,,verb,,,,,,,
(sich) verändern,,,verb,,,,,,,
(sich) vorbereiten,,,verb,,,,,,,
(sich) vorstellen,,,verb,,,,,,,
(sich) waschen,,,verb,,,,,,,
(sich) wünschen,,,verb,,,,,,,
(sich) zwingen,,,verb,,,,,,,
(sich) ärgern,,,verb,,,,,,,
(sich) überzeugen,,,verb,,,,,,,
ab,,,preposition,from / as of,হতে / থেকে,,,Die Fahrt kostet ab Hamburg 200 Euro.,,
abbiegen,,,verb,to turn,মোড় নেওয়া,abgebogen,ist,An der nächsten Kreuzung müssen Sie links abbiegen.,,
Abbildung,die,-en,noun,illustration / picture,চিত্র / ছবি,,,"Auf der Abbildung sehen Sie, wie man das Gerät einschaltet.",,
Abenteuer,das,-,noun,adventure,অভিযান,,,Unser Urlaub war ein tolles Abenteuer.,,
aber,,,conjunction,however / but,কিন্তু,,,"Heute kann ich nicht, aber morgen ganz bestimmt.",,
abfahren,,,verb,,,,,Unser Zug ist pünktlich abgefahren.,,
Abfahrt,die,-en,noun,departure,ছেড়ে যাওয়া,,,Es bleiben uns noch zwanzig Minuten bis zur Abfahrt.,,
Abfall,der,¨-e,noun,waste / garbage,আবর্জনা,,,Werfen Sie den Bioabfall bitte nicht zum normalen Müll.,,
Abfalleimer,der,-,noun,trash can,আবর্জনার পাত্র,,,Wirf das bitte in den Abfalleimer!,,
Abgase,,,noun,exhaust fumes,নিষ্কাশিত গ্যাস,,,Abgase aus Industrie und Haushalten verschmutzen die Luft.,die Abgase (Pl.),
abgeben,,,verb,to hand in / deliver,জমা দেওয়া,abgegeben,hat,Ich soll dieses Päckchen bei Herrn Müller abgeben.,,
abheben,,,verb,to withdraw (money),তুলে নেওয়া,abgehoben,hat,Für die Reise habe ich 500 Euro von meinem Konto abgehoben.,,
abholen,,,verb,to pick up,নিতে আসা,abgeholt,hat,Meine Freundin hat mich vom Bahnhof abgeholt.,,
abhängen,,,verb,to depend (on),নির্ভর করা,abgehangen,hat,"Vielleicht bleiben wir ein paar Tage länger, das hängt vom Wetter ab.",,
abhängig,,,adj,dependent,নির্ভরশীল,,,Gregor ist finanziell von seinen Eltern abhängig.,,
Abitur,das,,noun,A-levels / high school diploma,উচ্চ মাধ্যমিক সার্টিফিকেট,,,Meine Tochter hat gerade Abitur gemacht.,das Abitur (D) → A/CH: Matura,
ablehnen,,,verb,to decline / reject,প্রত্যাখ্যান করা,abgelehnt,hat,"Er hat mein Angebot, ihm zu helfen, abgelehnt.",,
abmachen,,,verb,to agree / arrange,রাজি হওয়া / ব্যবস্থা করা,abgemacht,hat,"Wir hatten doch abgemacht, dass du die Getränke besorgst.",,
abnehmen,,,verb,to lose weight / take off,কমানো / ওজন কমানো,abgenommen,hat,Ich habe zehn Kilo abgenommen.,,
Abonnement,das,-s/-e,noun,subscription,সাবস্ক্রিপশন,,,Ich habe das Abonnement gekündigt.,,
abonnieren,,,verb,to subscribe,সাবস্ক্রাইব করা,abonniert,hat,Diese Zeitschrift würde ich gerne abonnieren.,,
absagen,,,verb,to cancel (an appointment),বাতিল করা,abgesagt,hat,"Ich muss unser Treffen leider absagen, weil ich krank geworden bin.",,
Abschied,der,-e,noun,farewell / goodbye / parting,বিদায় / বিদায় গ্রহণ,,,Der Abschied von meinen Freunden fiel mir schwer.,,
Abschluss,der,¨-e,noun,graduation / conclusion,সমাপ্তি / ডিগ্রি,,,Ein guter Schulabschluss ist sehr wichtig.,,
Abschnitt,der,-e,noun,section / paragraph,অনুচ্ছেদ,,,Lesen Sie bitte den zweiten Abschnitt.,,
abschreiben,,,verb,to copy (from someone),নকল করা,abgeschrieben,hat,Er hat die Hausaufgaben von mir abgeschrieben.,,
Absender,der,-,noun,sender (male),প্রেরক (পুরুষ),,,Schicken Sie das Paket an den Absender zurück.,,
Absenderin,die,-nen,noun,sender (female),প্রেরক (মহিলা),,,Die Absenderin des Briefes war meine Tante.,,
Absicht,die,-en,noun,intention,উদ্দেশ্য,,,"Entschuldigen Sie bitte, meine Tochter hat das nicht mit Absicht gemacht.",,
absolut,,,adj,absolutely / absolute,একেবারে / পরম,,,"Was Sie da sagen, ist absolut falsch.",,
abstimmen,,,verb,to vote,ভোট দেওয়া,abgestimmt,hat,Lasst uns über diesen Punkt abstimmen.,,
Abteilung,die,-en,noun,department,বিভাগ,,,Meine Freundin arbeitet in der Abteilung von Frau Kaufmann.,,
Abwart,der,-e,noun,caretaker / janitor (CH),তত্ত্বাবধায়ক (সুইজারল্যান্ড),,,"Der Abwart hat mir geholfen, den Schrank in die Wohnung zu tragen.",D/A: Hausmeister,
Abwartin,die,-nen,noun,caretaker / janitor (CH, female),তত্ত্বাবধায়িকা (সুইজারল্যান্ড),,Die Abwartin kümmert sich um das Haus.,,D/A: Hausmeisterin
abwaschen,,,verb,to wash up (dishes),বাসন ধোয়া,abgewaschen,hat,Ich muss noch das Geschirr abwaschen.,,
abwesend,,,adj,absent,অনুপস্থিত,,,Herr Huber ist bis zum 25. April abwesend.,,
abwärts,,,adverb,downwards,নিচের দিকে,,,Von dort führt der Weg abwärts ins Tal.,,
achten,,,verb,to pay attention (to),মনোযোগ দেওয়া,geachtet,hat,"Achten Sie bitte darauf, dass Sie abschließen, wenn Sie gehen.",,
Achtung,die,,noun,attention / caution,সাবধান,,,"Achtung! Achtung, hier endet die Straße!",,
Adresse,die,-n,noun,address,ঠিকানা,,,Hast du schon meine neue Adresse?,,
Ahnung,die,,noun,idea / clue,ধারণা,,,"Ich hatte keine Ahnung, dass du heute Geburtstag hast.",,
Aktion,die,-en,noun,action / campaign,কর্মসূচি,,,Die Stadt sollte eine Aktion für Familien planen.,,
aktiv,,,adj,active,সক্রিয়,,,Ich bin sehr aktiv und mache viel Sport.,,
Aktivität,die,-en,noun,activity,কার্যকলাপ,,,In den Ferien bietet die Stadt für Kinder verschiedene Freizeitaktivitäten.,,
aktuell,,,adj,current / up-to-date,বর্তমান / হালনাগাদ,,,Umweltschutz ist ein aktuelles Thema.,,
akzeptieren,,,verb,to accept,গ্রহণ করা,akzeptiert,hat,Ich kann diese Bedingungen nicht akzeptieren.,,
Alarm,der,-e,noun,alarm,এলার্ম,,,Bei Feueralarm dürfen Sie die Aufzüge nicht benutzen.,,
Alkohol,der,,noun,alcohol,মদ / অ্যালকোহল,,,"Nein, danke! Ich trinke keinen Alkohol.",,
all-,,,pronoun,all,সব,,,Sind alle Kinder da?,,
allein,,,adj,alone,একা,,,Ich gehe nicht gern allein spazieren.,,
aller-,,,prefix,best of all / most,সবচেয়ে,,,"Am allerbesten ist es, wenn du dich ins Bett legst und lange schläfst.",,
allerdings,,,adverb,however / though,যদিও,,,"Wir können uns morgen treffen, allerdings habe ich erst ab Mittag Zeit.",,
allgemein,,,adj,general / in general,সাধারণত,,,"Es ist allgemein bekannt, dass man hier gut essen kann.",,
Alltag,der,,noun,everyday life,দৈনন্দিন জীবন,,,"Das ist mein Alltag: putzen, waschen, kochen.",,
alltäglich,,,adj,everyday / mundane,দৈনন্দিন / সাধারণ,,,Das alltägliche Leben ist manchmal langweilig.,,
Alphabet,das,-e,noun,alphabet,বর্ণমালা,,,Wie viele Buchstaben hat das Alphabet in Ihrer Sprache?,,
als,,,conjunction,when / than / as,যখন / চেয়ে / হিসেবে,,,"Als mein Mann kam, war die Party schon zu Ende.",,
als ob,,,conjunction,as if,যেন,,,"Er tut so, als ob wir nie darüber gesprochen hätten.",,
also,,,adverb,so / therefore,অতএব / তাহলে,,,"Also, die Sache ist so: …",,
alt,,,adj,old,পুরানো / বয়স্ক,,,Wie alt sind Sie?,,
Altenheim,das,-e,noun,old people's home,বৃদ্ধাশ্রম,,,Die Großeltern unserer Nachbarn sind im Altenheim.,das Altersheim,
Alter,das,,noun,age,বয়স,,,Wir sind etwa im gleichen Alter.,,
alternativ,,,adj,alternative,বিকল্প,,,Wir brauchen alternative Energien.,,
Alternative,die,-n,noun,alternative,বিকল্প,,,Auf dieser Strecke ist der Zug eine gute Alternative zum Flugzeug.,,
Altersheim,das,-e,noun,old people's home,বৃদ্ধাশ্রম,,,Die Großeltern unserer Nachbarn sind im Altersheim.,das Altenheim,
Ampel,die,-n,noun,traffic light,ট্রাফিক লাইট,,,Dort an der Ampel kannst du über die Straße gehen.,,
Amt,das,¨-er,noun,office / authority,অফিস / কর্তৃপক্ষ,,,Das Arbeitsamt befindet sich neben dem Busbahnhof.,,
an,,,preposition,at / on / to,এ / উপর / দিকে,,,Am Anfang war alles sehr schwierig.,,
analysieren,,,verb,to analyze,বিশ্লেষণ করা,analysiert,hat,Die Politiker analysieren die Situation auf dem Arbeitsmarkt.,,
anbieten,,,verb,to offer,প্রস্তাব দেওয়া,angeboten,hat,Darf ich Ihnen etwas zu trinken anbieten?,,
Anbieter,der,-,noun,provider,প্রদানকারী,,,Ist das ein privater Telefonanbieter?,,
ander-,,,pronoun,other,অন্য,,,Die anderen sind schon nach Hause gegangen.,,
andererseits,,,adverb,on the other hand,অন্যদিকে,,,"Tarek möchte zwar studieren, aber andererseits möchte er auch gleich Geld verdienen.",,
anders,,,adverb,different / differently,ভিন্নভাবে,,,Oliver ist anders als seine Freunde.,,
anerkennen,,,verb,to recognize / acknowledge,স্বীকৃতি দেওয়া,anerkannt,hat,Meine Ausbildung wird hier nicht anerkannt.,,
Anfang,der,¨-e,noun,beginning / start,শুরু,,,Am Anfang habe ich bei der Arbeit viele Fragen gestellt.,,
anfangen,,,verb,to start / begin,শুরু করা,angefangen,hat,Wann fängst du mit der Arbeit an?,,
anfangs,,,adverb,initially / at first,প্রথমে,,,Anfangs ging alles gut.,,
Angabe,die,-n,noun,detail / specification,বিবরণ,,,"Wir brauchen von Ihnen folgende Angaben: Name, Adresse, Geburtsdatum.",,
angeben,,,verb,to state / specify,উল্লেখ করা,angegeben,hat,Bitte geben Sie Ihre genaue Adresse an.,,
Angebot,das,-e,noun,offer / special offer,প্রস্তাব / বিশেষ অফার,,,Der Käse ist heute im Angebot.,,
Angehörige,die,-n,noun,relative (female),আত্মীয় (মহিলা),,,Die Angehörigen wurden über den Unfall informiert.,,
angenehm,,,adj,pleasant / comfortable,আরামদায়ক,,,Wir wünschen Ihnen eine angenehme Reise.,,
Angestellte,die,-n,noun,employee (female),কর্মচারী (মহিলা),,,Meine Frau ist Angestellte bei einer Bank.,,
Angst,die,¨-e,noun,fear / anxiety,ভয়,,,"Du brauchst keine Angst zu haben, der Hund tut dir nichts.",,
anhaben,,,verb,to have on / to wear,পরা আছে,angehabt,hat,Gestern hatte Julia ein rotes Kleid an.,,
anklicken,,,verb,to click (on),ক্লিক করা,angeklickt,hat,"Du musst das Bild anklicken, dann wird es größer.",,
ankommen,,,verb,to arrive,পৌঁছানো,angekommen,ist,Wann kommt der Zug in Hamburg an?,,
Ankunft,die,,noun,arrival,আগমন,,,"Die Abfahrt ist um 0.55 Uhr, die Ankunft um 8.07 Uhr.",,
ankündigen,,,verb,to announce,ঘোষণা করা,angekündigt,hat,Wir sollten unseren Besuch ankündigen.,,
Anlage,die,-n,noun,system / attachment / facility,সিস্টেম / সংযুক্তি,,,Meine Musikanlage ist kaputt.,,
Anleitung,die,-en,noun,instruction / manual,নির্দেশিকা,,,"In der Anleitung steht, dass bei diesem Spiel der Älteste beginnt.",,
anmelden,,,verb,to register / sign up,নিবন্ধন করা,angemeldet,hat,Für diesen Kurs müssen Sie sich unbedingt vorher anmelden.,,
Anmeldung,die,-en,noun,registration,নিবন্ধন,,,"Die Anmeldung ist im Erdgeschoss, Zimmer 55.",,
annehmen,,,verb,to accept / to assume,গ্রহণ করা / ধরে নেওয়া,angenommen,hat,Ich nehme Ihre Einladung gern an.,,
Annonce,die,-n,noun,classified ad,বিজ্ঞাপন,,,"Ich habe alle Annoncen gelesen, aber die Wohnungen sind zu teuer.",,
Anrede,die,-n,noun,salutation / form of address,সম্বোধন,,,Du darfst im Brief die Anrede nicht vergessen.,,
Anruf,der,-e,noun,phone call,ফোন কল,,,Ich warte auf einen Anruf aus Berlin.,,
Anrufbeantworter,der,-,noun,answering machine,উত্তর দেওয়ার মেশিন,,,Ich habe dir eine Nachricht auf den Anrufbeantworter gesprochen.,,
anrufen,,,verb,to call (phone),ফোন করা,angerufen,hat,Ich rufe Sie heute Abend an.,,
Ansage,die,-n,noun,announcement,ঘোষণা,,,Achten Sie auf die Ansage am Bahnsteig.,,
anschaffen,,,verb,to purchase / acquire,কেনা / সংগ্রহ করা,angeschafft,hat,Wir haben uns neue Möbel angeschafft.,,
anschließen,,,verb,to connect,সংযোগ করা,angeschlossen,hat,Wo kann ich den Computer anschließen?,,
Anschluss,der,¨-e,noun,connection,সংযোগ,,,In Mannheim haben Sie Anschluss nach Saarbrücken.,,
anschnallen,,,verb,to fasten seatbelt,সিটবেল্ট বাঁধা,angeschnallt,hat,"Vergiss nicht, dich anzuschnallen.",,
ansehen,,,verb,to look at,দেখা / তাকানো,angesehen,hat,Warum siehst du mich so erschrocken an?,,
ansprechen,,,verb,to approach / speak to,কথা বলা / সম্বোধন করা,angesprochen,hat,Gestern hat mich unsere neue Nachbarin im Treppenhaus angesprochen.,,
Anspruch,der,¨-e,noun,claim / entitlement,দাবি / অধিকার,,,Sie haben keinen Anspruch auf Fahrgeld.,,
anstellen,,,verb,to turn on / to employ / to queue,চালু করা / নিয়োগ করা / লাইনে দাঁড়ানো,angestellt,hat,Können Sie bitte die Heizung anstellen?,,
anstrengend,,,adj,strenuous / exhausting,ক্লান্তিকর,,,Ich finde diese Arbeit sehr anstrengend.,,
Antrag,der,¨-e,noun,application / request,আবেদন,,,Haben Sie schon einen Antrag für das Wohngeld ausgefüllt?,,
Antwort,die,-en,noun,answer,উত্তর,,,Leider habe ich keine Antwort bekommen.,,
antworten,,,verb,to answer,উত্তর দেওয়া,geantwortet,hat,Jorge hat seit drei Wochen nicht auf meinen Brief geantwortet.,,
Anwalt,der,¨-e,noun,lawyer (male),আইনজীবী (পুরুষ),,,Ich möchte zuerst mit meinem Anwalt sprechen.,,
anwenden,,,verb,to apply / use,প্রয়োগ করা,angewandt/angewendet,hat,Diese Salbe muss man dreimal am Tag anwenden.,,
anwesend,,,adj,present (in attendance),উপস্থিত,,,Bei dem Treffen waren alle Mitglieder anwesend.,,
Anwältin,die,-nen,noun,lawyer (female),আইনজীবী (মহিলা),,,Die Anwältin hat den Fall gewonnen.,,
Anzahl,die,-en,noun,number / quantity / count,সংখ্যা / পরিমাণ,,,Die Anzahl der Teilnehmer war gross.,,
Anzeige,die,-n,noun,ad / police report,বিজ্ঞাপন / পুলিশ রিপোর্ট,,,"Ich habe alle Anzeigen gelesen, aber die Wohnungen sind zu teuer.",,
anzeigen,,,verb,to report / to display,প্রদর্শন করা / রিপোর্ট করা,angezeigt,hat,"Wenn Sie hier parken, zeige ich Sie an.",,
Anzug,der,¨-e,noun,suit (clothing),স্যুট,,,Mein Mann hat sich einen neuen Anzug gekauft.,,
Apartment,das,-s,noun,apartment,অ্যাপার্টমেন্ট,,,Wir haben ein Ferienapartment gemietet.,,
Apfel,der,¨-,noun,apple,আপেল,,,Zum Frühstück esse ich jeden Tag einen Apfel.,,
Apotheke,die,-n,noun,pharmacy,ফার্মেসি,,,Ist hier in der Nähe eine Apotheke?,,
Apparat,der,-e,noun,device / apparatus,যন্ত্র,,,Können Sie den Apparat bitte etwas leiser stellen?,,
Appetit,der,,noun,appetite,ক্ষুধা,,,"Ich habe heute keinen Appetit, ich mag nichts essen.",,
Aprikose,die,-n,noun,apricot,খুবানি,,,Schmecken dir die Aprikosen?,D/CH: Aprikose, A: Marille
Arbeit,die,-en,noun,work / job,কাজ / চাকরি,,,Wie gefällt dir deine Arbeit?,,
arbeiten,,,verb,to work,কাজ করা,gearbeitet,hat,Er arbeitet heute bis 16 Uhr.,,
Arbeiter,der,-,noun,worker (male),শ্রমিক (পুরুষ),,,Maria ist seit zwei Jahren Arbeiterin bei Siemens.,,
Arbeiterin,die,-nen,noun,worker (female),শ্রমিক (মহিলা),,,Die Arbeiterin macht um 17 Uhr Feierabend.,,
Arbeitserlaubnis,die,,noun,work permit,কাজের অনুমতি,,,Haben Sie eine Arbeitserlaubnis?,,
arbeitslos,,,adj,unemployed,বেকার,,,Wie lange sind Sie schon arbeitslos?,,
Arbeitslosigkeit,die,,noun,unemployment,বেকারত্ব,,,Die Arbeitslosigkeit ist gesunken.,,
Arbeitsplatz,der,¨-e,noun,workplace / job,কর্মস্থল / চাকরি,,,In der Industrie gibt es immer weniger Arbeitsplätze.,,
Arbeitsstelle,die,-n,noun,job position / workplace,চাকরির স্থান,,,Meine Frau hat eine neue Arbeitsstelle gefunden.,,
Architekt,der,-en,noun,architect (male),স্থপতি (পুরুষ),,,Dieses Haus hat eine berühmte Architektin gebaut.,,
Architektin,die,-nen,noun,architect (female),স্থপতি (মহিলা),,,Die Architektin hat das Gebäude entworfen.,,
Arm,der,-e,noun,arm,বাহু,,,Mein Freund hat sich den Arm gebrochen.,,
Art,die,-en,noun,type / kind / manner,ধরন / প্রকৃতি,,,Im Zoo haben sie 34 verschiedene Arten von Vögeln.,,
Artikel,der,-,noun,article,প্রবন্ধ / আর্টিকেল (ব্যাকরণ),,,"Im Deutschen gibt es drei Artikel: der, die, das.",,
Arzt,der,¨-e,noun,doctor (male),ডাক্তার (পুরুষ),,,Ich muss heute zum Arzt.,,
Asyl,das,,noun,asylum,আশ্রয়,,,Die Menschen sind auf der Flucht und bitten um Asyl.,,
Atem,der,,noun,breath,শ্বাস,,,Bitte den Atem anhalten.,,
atmen,,,verb,to breathe,শ্বাস নেওয়া,geatmet,hat,Er hat eine Erkältung und kann nicht durch die Nase atmen.,,
auch,,,adverb,also / too / even,এছাড়াও / এমনকি,,,Ich muss leider gehen. – Ich auch.,,
auf,,,preposition,on / upon / at,উপর / এ,,,Deine Brille liegt auf dem Schreibtisch.,,
Aufenthalt,der,-e,noun,stay / stopover,অবস্থান / যাত্রাবিরতি,,,Der Zug hat in München nur 20 Minuten Aufenthalt.,,
auffallen,,,verb,to stand out / to notice,নজরে আসা,aufgefallen,ist,"Mir ist aufgefallen, dass Harriett ganz blass ist.",,
auffordern,,,verb,to ask / to request / to invite,অনুরোধ করা,aufgefordert,hat,"Sie forderte mich auf, meine Meinung zu sagen.",,
Aufforderung,die,-en,noun,request / demand,অনুরোধ,,,"Sie erhalten eine Aufforderung, den Betrag bis Juni zu zahlen.",,
aufführen,,,verb,to perform (theater),অভিনয় করা,aufgeführt,hat,Die Kinder führen zu Weihnachten ein Theaterstück auf.,,
Aufgabe,die,-n,noun,task / homework / assignment,কাজ / হোমওয়ার্ক,,,Hast du deine Hausaufgaben für die Schule schon gemacht?,,
aufgeben,,,verb,to give up / to send (mail),হাল ছেড়ে দেওয়া / পাঠানো,aufgegeben,hat,Ich habe auf der Post ein Paket aufgegeben.,,
aufhalten,,,verb,to stop / to hold open / to stay,থামানো / ধরে রাখা / অবস্থান করা,aufgehalten,hat,Wo hält er sich gerade auf? – In München.,,
aufheben,,,verb,to pick up / to keep,উঠানো / সংরক্ষণ করা,aufgehoben,hat,"Lassen Sie die Papiere nur auf dem Boden liegen, ich hebe sie schon auf.",,
aufhören,,,verb,to stop / to end,থামা / শেষ হওয়া,aufgehört,hat,Es hört nicht auf zu schneien.,,
aufladen,,,verb,to charge (battery),চার্জ করা,aufgeladen,hat,"Ich muss mein Telefon aufladen, die Batterie ist leer.",,
auflösen,,,verb,to dissolve (tablet),দ্রবীভূত করা,aufgelöst,hat,Die Tablette bitte in Wasser auflösen.,,
aufmerksam,,,adj,attentive,মনোযোগী,,,Die Schülerin hörte aufmerksam zu.,,
Aufnahme,die,-n,noun,recording,রেকর্ডিং,,,Bitte seid leise! – Ich starte die Aufnahme.,,
aufnehmen,,,verb,to take in / to record,গ্রহণ করা / রেকর্ড করা,aufgenommen,hat,Wir haben Aneta in unseren Verein aufgenommen.,,
aufpassen,,,verb,to pay attention / to watch,মনোযোগ দেওয়া / দেখাশোনা করা,aufgepasst,hat,"Tut mir leid, da habe ich wohl nicht aufgepasst.",,
aufregen,,,verb,to excite / to get upset,উত্তেজিত করা / রাগানো,aufgeregt,hat,"Es regt mich auf, dass ich schon wieder Überstunden machen muss.",,
aufräumen,,,verb,to tidy up / clean up,পরিষ্কার করা / গোছানো,aufgeräumt,hat,Vor meinem Urlaub muss ich unbedingt noch meinen Schreibtisch aufräumen.,,
aufschreiben,,,verb,to write down / note,লিখে রাখা / টুকে নেওয়া,aufgeschrieben,hat,Schreib dir die Telefonnummer auf!,,
aufstehen,,,verb,to get up / stand up,উঠা / দাঁড়ানো,aufgestanden,ist,Ich stehe jeden Morgen um sechs Uhr auf.,,
Auftrag,der,¨-e,noun,,,,,,,
auftreten,,,verb,to perform / appear,প্রদর্শন করা / উপস্থিত হওয়া,aufgetreten,ist,Nächste Woche tritt in der Stadthalle eine berühmte Musikgruppe auf.,,
Auftritt,der,-e,noun,,,,,,,
aufwachen,,,verb,to wake up,ঘুম থেকে উঠা,aufgewacht,ist,Von dem Lärm bin ich aufgewacht.,,
aufwärts,,,adverb,upwards / uphill,উপরের দিকে,,,"Sie müssen gute Schuhe anziehen, der Weg geht immer aufwärts.",,
Aufzug,der,¨-e,noun,,,,,,,
Auge,das,-n,noun,,,,,,,
Augenblick,der,-e,noun,,,,,,,
aus,,,preposition,from / out of / off,থেকে / বাইরে / বন্ধ,,,Frau Müller geht jeden Morgen um 8 Uhr aus dem Haus.,,
Ausbildung,die,-en,noun,,,,,,,
Ausdruck,der,¨-e,noun,,,,,,,
ausdrucken,,,verb,to print out,প্রিন্ট করা,ausgedruckt,hat,Kann ich das auf deinem Drucker ausdrucken?,,
auseinander,,,adverb,apart,পৃথকভাবে,,,Wir wohnen nicht weit auseinander.,,
Ausfahrt,die,-en,noun,,,,,,,
ausfallen,,,verb,to be cancelled / to fall out,বাতিল হওয়া / ঝরে পড়া,ausgefallen,ist,Nächste Woche fällt der Kurs aus.,,
Ausflug,der,¨-e,noun,,,,,,,
ausfüllen,,,verb,to fill out (form),পূরণ করা,ausgefüllt,hat,Füllen Sie bitte dieses Formular aus!,,
Ausgabe,die,-n,noun,,,,,,,
Ausgang,der,¨-e,noun,,,,,,,
ausgeben,,,verb,to spend (money),খরচ করা,ausgegeben,hat,Carola gibt viel Geld für ihr Hobby aus.,,
ausgebildet,,,adj,trained / qualified,প্রশিক্ষিত,,,Für diesen Beruf müssen Sie gut ausgebildet sein.,,
ausgehen,,,verb,to go out / to turn off,বাহিরে যাওয়া / বন্ধ হওয়া,ausgegangen,ist,Plötzlich ist das Licht ausgegangen.,,
ausgezeichnet,,,adj,excellent,চমৎকার,,,Essen und Unterkunft waren ausgezeichnet.,,
Aushilfe,die,-n,noun,,,,,,,
Auskunft,die,¨-e,noun,,,,,,,
Ausland,das,,noun,,,,,Ich habe meine Ausbildung,,
Ausländer,der,-,noun,,,,,,,
Ausländerin,die,-nen,noun,,,,,,,
ausländisch,,,adj,foreign,বিদেশী,,,Die ausländischen Studenten müssen zuerst einen Deutschkurs besuchen.,,
ausmachen,,,verb,to turn off / to agree / to matter,বন্ধ করা / রাজি হওয়া / গুরুত্ব রাখা,ausgemacht,hat,Machen Sie bitte das Licht aus!,,
Ausnahme,die,-n,noun,,,,,,,
ausreichen,,,verb,to suffice / to be enough,যথেষ্ট হওয়া,ausgereicht,hat,Das Geld muss bis März ausreichen.,,
ausreichend,,,adj,sufficient,পর্যাপ্ত,,,Das Geld ist für die Reise ausreichend.,,
ausrichten,,,verb,to convey (message) / to organize,বার্তা পৌঁছে দেওয়া,ausgerichtet,hat,"Mein Mann ist nicht da, soll ich ihm etwas ausrichten?",,
ausschließen,,,verb,to rule out / to exclude,বাদ দেওয়া,ausgeschlossen,hat,Das kann man nicht ganz ausschließen.,,
ausschließlich,,,adverb,exclusively,একচেটিয়াভাবে,,,"Tut mir leid, wir haben ausschließlich Nichtraucherzimmer.",,
aussehen,,,verb,to look (appearance),দেখতে লাগা,ausgesehen,hat,"Sie sehen wieder besser aus, sind Sie wieder gesund?",,
Aussicht,die,-en,noun,,,,,,,
Aussprache,die,,noun,,,,,,,
aussprechen,,,verb,to pronounce,উচ্চারণ করা,ausgesprochen,hat,Wie spricht man dieses Wort aus?,,
ausstellen,,,verb,to exhibit / to issue,প্রদর্শন করা / ইস্যু করা,ausgestellt,hat,Im Schaufenster sind Winterschuhe ausgestellt.,,
Ausstellung,die,-en,noun,,,,,,,
Auswahl,die,-en,noun,,,,,,,
Ausweis,der,-e,noun,,,,,,,
auswählen,,,verb,to select / choose,নির্বাচন করা,ausgewählt,hat,Für die Aufgabe können Sie aus drei Themen auswählen.,,
ausziehen,,,verb,to take off (clothes) / to move out,খোলা (কাপড়) / সরে যাওয়া,ausgezogen,hat/ist,Willst du den Mantel nicht ausziehen?,,
Auto,das,-s,noun,,,,,,,
Autobahn,die,-en,noun,,,,,,,
Automat,der,-en,noun,,,,,,,
automatisch,,,adj,automatically,স্বয়ংক্রিয়ভাবে,,,Die Tür schließt automatisch.,,
Autor,der,-en,noun,,,,,,,
Autorin,die,-nen,noun,,,,,Von diesem Turm hat man eine tolle,,
außen,,,adverb,outside / on the outside,বাইরে,,,Wir haben das Schloss nur von außen gesehen.,,
außer,,,preposition,except / besides,ছাড়া / ব্যতীত,,,Außer Lisa hat sich niemand um die Stelle beworben.,,
außerdem,,,adverb,besides / moreover,তা ছাড়া / উপরন্তু,,,Möchten Sie außerdem noch etwas?,,
außerhalb,,,preposition,outside of,বাইরে,,,Wir wohnen außerhalb von Berlin.,,
backen,,,verb,to bake,বেক করা / সেকা,gebacken,hat,"Wenn du kommst, backe ich einen Kuchen.",,
Bad,das,¨-er,noun,bath / bathroom,গোসল / বাথরুম,,,Nach einem warmen Bad fühlt man sich gleich viel besser.,,
baden,,,verb,to bathe / to swim,গোসল করা / সাঁতার কাটা,gebadet,hat,Wenn du baden möchtest: Das Badezimmer ist dort hinten links.,,
Badewanne,die,-n,noun,bathtub,বাথটাব,,,Nach einem langen Arbeitstag setzte sie sich in die Badewanne.,,
Bahn,die,-en,noun,train / railway,ট্রেন / রেলপথ,,,Ich komme mit der Bahn.,,
Bahnhof,der,¨-e,noun,train station,রেল স্টেশন,,,Ich bringe Sie zum Bahnhof.,,
Bahnsteig,der,-e,noun,platform (train),প্ল্যাটফর্ম,,,Auf Hauptbahnhöfen gibt es meist viele Bahnsteige.,D/A: Bahnsteig, CH: Perron
bald,,,adverb,soon,শীঘ্রই,,,Besuchen Sie uns doch bald mal.,,
Balkon,der,-e,noun,balcony,বারান্দা,,,Die Wohnung hat auch einen kleinen Balkon.,,
Ball,der,¨-e,noun,ball,বল,,,Ich spiele gern mit meinen Kindern Ball.,,
Ballett,das,-e,noun,ballet,ব্যালে,,,Meine Tochter möchte gern Ballett tanzen.,,
Banane,die,-n,noun,banana,কলা,,,"1 Kilo Bananen, bitte.",,
Bancomat,der,-en,noun,ATM (Austria/Switzerland),এটিএম (অস্ট্রিয়া/সুইজারল্যান্ড),,,Ich hole noch schnell Geld vom Bankomaten.,D: Geldautomat,
Bank,die,-en,noun,bank (financial),ব্যাংক,,,Bei welcher Bank haben Sie Ihr Konto?,,
Bankleitzahl,die,-en,noun,bank routing number,ব্যাংক রাউটিং নম্বর,,,Bitte geben Sie Ihre Bankleitzahl an.,,
Bankomat-Karte,die,-n,noun,ATM card (Austria),এটিএম কার্ড (অস্ট্রিয়া),,,Sie können auch mit Bankomat-Karte zahlen.,A: Bankomat-Karte, D: EC-Karte
bar,die,-s,adj,cash,নগদ,,,Zahlen Sie bar?,,
Bargeld,das,,noun,cash (money),নগদ টাকা,,,Ich habe kein Bargeld mehr.,,
Bart,der,¨-e,noun,beard,দাড়ি,,,John trägt jetzt einen Bart.,,
Basketball,der,¨-e,noun,basketball,বাস্কেটবল,,,Sie spielt sehr gern Basketball.,,
basteln,,,verb,to do crafts / to tinker,হস্তশিল্প করা,gebastelt,hat,Die Kinder basteln ein Vogelhaus.,,
Batterie,die,-n,noun,battery,ব্যাটারি,,,Bringst du bitte Batterien für die Kamera mit?,,
Bau,der,Bauten,noun,building / construction,ভবন / নির্মাণ,,,Ich wohne in einer Neubauwohnung.,,
Bauch,der,¨-e,noun,belly / stomach,পেট,,,Mir tut der Bauch weh.,,
bauen,,,verb,to build,নির্মাণ করা,gebaut,hat,Mein Nachbar hat ein Haus gebaut.,,
Bauer,der,-n,noun,farmer,কৃষক,,,Wir kaufen unser Gemüse beim Bauern.,,
Bauernhof,der,¨-e,noun,farm,খামার / কৃষি খামার,,,Meine Großeltern hatten einen Bauernhof.,,
Baum,der,¨-e,noun,tree,গাছ,,,Wir haben zwei Bäume im Garten.,,
Baustelle,die,-n,noun,construction site,নির্মাণস্থল,,,Wir müssen die Baustelle umfahren.,,
beachten,,,verb,to observe / to pay attention to,মনোযোগ দেওয়া / লক্ষ্য করা,beachtet,hat,Bitte beachten Sie die Ansagen am Bahnsteig.,,
Beamte,der,-n,noun,civil servant (male),সরকারি কর্মচারী (পুরুষ),,,Meine Frau ist Beamtin bei der Polizei.,,
Beamtin,die,-nen,noun,civil servant (female),সরকারি কর্মচারী (মহিলা),,,Meine Frau ist Beamtin bei der Polizei.,,
beantragen,,,verb,to apply for,আবেদন করা,beantragt,hat,Hast du schon einen neuen Pass beantragt?,,
beantworten,,,verb,to answer (a question),উত্তর দেওয়া,beantwortet,hat,Sie haben meine Frage leider nicht beantwortet.,,
Bedarf,der,,noun,need / demand,প্রয়োজন / চাহিদা,,,An diesem Produkt besteht großer Bedarf.,,
bedeuten,,,verb,to mean / to signify,অর্থ বোঝানো,bedeutet,hat,Was bedeutet dieses Wort?,,
Bedeutung,die,-en,noun,meaning / significance,অর্থ,,,Das Wort 'Maus' hat inzwischen zwei Bedeutungen.,,
bedienen,,,verb,to serve / to operate,পরিবেশন করা / চালানো,bedient,hat,Werden Sie schon bedient?,,
Bedienungsanleitung,die,-en,noun,operating instructions,পরিচালনা নির্দেশিকা,,,Die Bedienungsanleitung verstehe ich nicht.,,
Bedingung,die,-en,noun,condition / requirement,শর্ত,,,"Wenn Sie unsere Bedingungen akzeptieren, können wir einen Vertrag machen.",,
beeinflussen,,,verb,to influence,প্রভাবিত করা,beeinflusst,hat,Dieses Ereignis hat die Wahlen beeinflusst.,,
beenden,,,verb,to finish / end,শেষ করা,beendet,hat,Du musst deine Ausbildung auf jeden Fall beenden.,,
befreit,,,adj,exempt / free,মুক্ত / অব্যাহতিপ্রাপ্ত,,,Studenten und Studentinnen sind von den Rundfunk-Gebühren befreit.,,
befriedigend,,,adj,satisfactory,সন্তোষজনক,,,Das Ergebnis ist befriedigend.,,
begegnen,,,verb,to meet / encounter,সাক্ষাৎ হওয়া,begegnet,ist,Sind wir uns nicht schon mal irgendwann begegnet?,,
begeistert,,,adj,enthusiastic / excited,উত্তেজিত / উৎসাহী,,,"Es war ein tolles Konzert, ich bin begeistert.",,
Beginn,der,,noun,beginning / start,শুরু,,,Zu Beginn der Stunde begrüßt die Lehrerin ihre Schüler.,,
beginnen,,,verb,to begin,শুরু করা,begonnen,hat,In zwei Wochen beginnen die Sommerferien.,,
begleiten,,,verb,to accompany,সঙ্গী হওয়া / সহযাত্রী হওয়া,begleitet,hat,Ich begleite dich ein Stück.,,
begrenzt,,,adj,limited,সীমিত,,,Die Teilnehmerzahl ist auf 12 begrenzt.,,
begründen,,,verb,to give reasons for / justify,যুক্তি দেখানো,begründet,hat,Bitte begründen Sie Ihre Meinung.,,
Begründung,die,-en,noun,justification / reason,যুক্তি / কারণ,,,Die Miete wurde ohne Begründung erhöht.,,
begrüßen,,,verb,to greet / welcome,স্বাগত জানানো,begrüßt,hat,Der Gastgeber begrüßt seine Gäste.,,
behalten,,,verb,to keep,রাখা,behalten,hat,Darf ich die Zeitschrift behalten?,,
behandeln,,,verb,to treat / to handle,চিকিৎসা করা / ব্যবহার করা,behandelt,hat,Welcher Arzt hat Sie bis jetzt behandelt?,,
behaupten,,,verb,to claim / to assert,দাবি করা,behauptet,hat,"Er behauptet, unsere Meinung sei nicht wichtig.",,
behindern,,,verb,to obstruct / to hinder,বাধা দেওয়া,behindert,hat,"Bitte parken Sie so, dass Sie niemanden behindern.",,
behindert,,,adj,disabled / handicapped,প্রতিবন্ধী,,,Seit dem Unfall ist das Kind unserer Freunde behindert.,,
Behörde,die,-n,noun,authority / government agency,কর্তৃপক্ষ,,,Sie erhalten ein Schreiben von der zuständigen Behörde.,,
bei,,,preposition,at / near / with,কাছে / এ / সঙ্গে,,,Potsdam liegt bei Berlin.,,
beid-,,,pronoun,both,উভয়,,,Beide waren mit meinem Vorschlag einverstanden.,,
Bein,das,-e,noun,leg,পা,,,Andreas hat sich das Bein gebrochen.,,
beinahe,,,adverb,almost / nearly,প্রায়,,,Ich habe heute beinahe den Bus verpasst.,,
Beispiel,das,-e,noun,example,উদাহরণ,,,Können Sie mir ein Beispiel sagen?,,
beispielsweise,,,adverb,for example / for instance,উদাহরণস্বরূপ,,,"Hier gibt's so viele Sachen: beispielsweise Wurst, Obst, Brot …",,
Beitrag,der,¨-e,noun,contribution / fee,অবদান / ফি,,,Die Krankenkasse hat die Beiträge erhöht.,,
beißen,,,verb,to bite,কামড়ানো,gebissen,hat,"Pass auf, dass dich der Hund nicht beißt!",,
bekannt,,,adj,known / famous,পরিচিত / বিখ্যাত,,,Ein Onkel von mir ist ein bekannter Politiker.,,
bekannt geben,,,verb,to announce,ঘোষণা দেওয়া,bekannt gegeben,hat,Den Prüfungsort geben wir Ihnen noch rechtzeitig bekannt.,,
Bekannte,die,-n,noun,acquaintance (female),পরিচিত ব্যক্তি (মহিলা),,,In Hannover wohnen Bekannte von mir.,,
bekommen,,,verb,to get / receive,পাওয়া,bekommen,hat,Haben Sie meinen Brief bekommen?,,
Beleg,der,-e,noun,receipt / proof,রসিদ / প্রমাণ,,,Brauchen Sie einen Beleg?,,
beleidigen,,,verb,to offend / insult,অপমান করা,beleidigt,hat,Ich wollte Sie nicht beleidigen.,,
beliebt,,,adj,popular,জনপ্রিয়,,,Dieses Spiel ist bei Jugendlichen sehr beliebt.,,
bemerken,,,verb,to notice / remark,লক্ষ্য করা,bemerkt,hat,"Ich habe nicht bemerkt, dass das Fenster offen ist.",,
benutzen,,,verb,to use,ব্যবহার করা,benutzt,hat,Benutzen Sie bitte die öffentlichen Verkehrsmittel.,,
Benzin,das,,noun,gasoline / petrol,পেট্রোল,,,Das Benzin soll wieder teurer werden.,,
benötigen,,,verb,to need / require,প্রয়োজন হওয়া,benötigt,hat,"Sagen Sie Bescheid, wenn Sie noch etwas benötigen.",,
beobachten,,,verb,to observe / watch,পর্যবেক্ষণ করা,beobachtet,hat,Wer hat den Unfall beobachtet?,,
bequem,,,adj,comfortable,আরামদায়ক,,,Meine Kinder ziehen am liebsten bequeme Sachen an.,,
beraten,,,verb,to advise / counsel,পরামর্শ দেওয়া,beraten,hat,"Unser Personal berät Sie gern, wenn Sie Fragen haben.",,
Beratung,die,,noun,consultation / advice,পরামর্শ,,,Beratungen für Familien gibt es jeden Dienstag zwischen 14 und 16 Uhr.,,
berechnen,,,verb,to calculate / charge,হিসাব করা,berechnet,hat,Die Kosten für die Fahrt müssen erst berechnet werden.,,
Bereich,der,-e,noun,area / field / sector,ক্ষেত্র / এলাকা,,,In welchem Bereich möchten Sie arbeiten?,,
bereit,,,adj,ready / prepared,প্রস্তুত,,,"Ich bin jederzeit bereit, dir zu helfen.",,
bereitet vor,,,verb,,,,,,,
bereits,,,adverb,already,ইতিমধ্যে,,,"Bitte melde dich bei Frau Kaiser, sie hat bereits dreimal angerufen.",,
Berg,der,-e,noun,mountain,পাহাড়,,,Die Zugspitze ist der höchste Berg in Deutschland.,,
Bericht,der,-e,noun,report,রিপোর্ট,,,Ich habe gestern einen interessanten Bericht gelesen.,,
berichten,,,verb,to report,রিপোর্ট করা,berichtet,hat,Alle Zeitungen haben über den Unfall berichtet.,,
Beruf,der,-e,noun,profession / occupation,পেশা,,,Was sind Sie von Beruf?,,
beruflich,,,adj,professional / job-related,পেশাগত,,,Was machen Sie beruflich?,,
berufstätig,,,adj,employed / working,চাকুরিরত,,,Sind Sie berufstätig?,,
beruhigen,,,verb,to calm down,শান্ত করা,beruhigt,hat,"Beruhigen Sie sich bitte, es ist alles in Ordnung.",,
berühmt,,,adj,famous,বিখ্যাত,,,Michael Schumacher ist ein berühmter Rennfahrer.,,
Bescheid,der,-e,noun,notification / decision,বিজ্ঞপ্তি / সিদ্ধান্ত,,,Den endgültigen Bescheid erhalten Sie in etwa vier Wochen.,,
Bescheid geben,,,verb,to let know / notify,জানানো,Bescheid gegeben,hat,Kannst du mir bis morgen Bescheid geben?,,
Bescheid sagen,,,verb,to let know / inform,জানানো,Bescheid gesagt,hat,Ich erkundige mich nach den Terminen und sage Ihnen dann Bescheid.,,
beschließen,,,verb,to decide / resolve,সিদ্ধান্ত নেওয়া,beschlossen,hat,"Wir haben beschlossen, uns ein kleineres Auto zu kaufen.",,
beschreiben,,,verb,to describe,বর্ণনা করা,beschrieben,hat,Kannst du mir den Weg zum Flughafen beschreiben?,,
Beschreibung,die,-en,noun,description,বিবরণ,,,Eine Beschreibung des Geräts liegt bei.,,
beschränken,,,,,,,,,,
beschränkt,,,adj,limited / restricted,সীমাবদ্ধ,,,Die Teilnehmerzahl für den Kurs ist beschränkt.,,
beschädigen,,,verb,to damage,ক্ষতি করা,beschädigt,hat,"Bitte machen Sie eine Liste davon, was die Einbrecher beschädigt haben.",,
beschäftigen,,,verb,to employ / to occupy,নিয়োগ করা / ব্যস্ত রাখা,beschäftigt,hat,Womit haben Sie sich bei Ihrer Arbeit beschäftigt?,,
Beschäftigung,die,,noun,employment / occupation,চাকরি / পেশা,,,"Ich suche eine Halbtagsbeschäftigung, weil ich ein kleines Kind habe.",,
besetzen,,,verb,to occupy,দখল করা,besetzt,hat,Dieser Platz ist besetzt.,,
besichtigen,,,verb,to visit / sightsee,পরিদর্শন করা,besichtigt,hat,Im Urlaub haben wir Schloss Schönbrunn besichtigt.,,
besitzen,,,verb,to own / possess,মালিক হওয়া / অধিকার করা,besessen,hat,Besitzt Ihre Frau ein eigenes Auto?,,
besonder-,,,adj,special / particular,বিশেষ,,,Meine Eltern wollten uns mit dieser Reise eine ganz besondere Freude machen.,,
besonders,,,adv,especially / particularly,বিশেষভাবে,,,Ich habe heute ein besonders günstiges Angebot gesehen.,,
besorgen,,,verb,to get / obtain / procure,জোগাড় করা / সংগ্রহ করা,besorgt,hat,Soll ich die Eintrittskarten besorgen?,,
besprechen,,,verb,to discuss,আলোচনা করা,besprochen,hat,"Wir müssen noch genau besprechen, wann wir losfahren.",,
Besprechung,die,-en,noun,meeting / discussion,বৈঠক / আলোচনা,,,"Tut mir leid, Herr Schmidt ist noch in einer Besprechung.",,
Besserung,die,,noun,improvement / recovery,উন্নতি / আরোগ্য,,,Gute Besserung!,,
bestehen,,,verb,to exist / to pass (exam),অস্তিত্ব থাকা / পাস করা,bestanden,hat,Ich habe die Prüfung bestanden!,,
bestellen,,,verb,to order / to appoint,অর্ডার করা / নিয়োগ করা,bestellt,hat,Wir haben Pizza bestellt.,,
bestimmt,,,adj,certain / definite,নির্দিষ্ট,,,Möchtest du ein bestimmtes Brot?,,
bestrafen,,,verb,to punish,শাস্তি দেওয়া,bestraft,hat,Zu schnelles Fahren wird streng bestraft.,,
bestätigen,,,verb,to confirm,নিশ্চিত করা,bestätigt,hat,Die Firma hat mir den Termin schriftlich bestätigt.,,
Bestätigung,die,-en,noun,confirmation,নিশ্চিতকরণ,,,Ich brauche eine schriftliche Bestätigung für das Amt.,,
Besuch,der,-e,noun,visit / visitor,সাক্ষাৎ / অতিথি,,,Wir bekommen Besuch.,,
besuchen,,,verb,to visit / attend,পরিদর্শন করা / উপস্থিত থাকা,besucht,hat,Besuchen Sie uns doch mal.,,
Betrag,der,¨-e,noun,amount / sum,পরিমাণ / অঙ্ক,,,Bitte überweisen Sie den Betrag auf unser Konto.,,
betreuen,,,verb,to look after / care for,দেখাশোনা করা / যত্ন নেওয়া,betreut,hat,Wer betreut bei Ihnen die Kinder?,,
Betreuer,der,-,noun,caregiver / supervisor (male),তত্ত্বাবধায়ক (পুরুষ),,,Die Betreuerin der Kinder ist sehr nett.,,
Betreuerin,die,-nen,noun,caregiver / supervisor (female),তত্ত্বাবধায়ক (মহিলা),,,Die Betreuerin der Kinder ist sehr nett.,,
Betreuung,die,,noun,care / supervision,তত্ত্বাবধান / দেখাশোনা,,,Haben Sie eine Betreuung für Ihre Kinder?,,
Betrieb,der,-e,noun,company / operation / business,প্রতিষ্ঠান / কার্যক্রম,,,In diesem Betrieb arbeiten zehn Leute.,,
Betriebsrat,der,¨-e,noun,works council (male),শ্রমিক পরিষদ (পুরুষ),,,Der Betriebsrat wird Sie über die neuen Arbeitszeiten informieren.,,
Betriebsrätin,die,-nen,noun,works council (female),শ্রমিক পরিষদ (মহিলা),,,Die Betriebsrätin hilft uns bei Fragen zum Arbeitsrecht.,,
betrunken,,,adj,drunk / intoxicated,মাতাল,,,"Wenn Sie betrunken Auto fahren, verlieren Sie Ihren Führerschein.",,
betrügen,,,verb,to deceive / cheat,প্রতারণা করা,betrogen,hat,Ich würde meine Familie niemals betrügen.,,
Bett,das,-en,noun,bed,বিছানা / খাট,,,Wir wollten uns neue Betten kaufen.,,
bevor,,,conjunction,before,আগে / পূর্বে,,,"Bevor wir gehen, möchte ich noch etwas essen.",,
Bevölkerung,die,,noun,population,জনসংখ্যা,,,11 % der Bevölkerung wurden nicht im Inland geboren.,,
bewegen,,,verb,to move,চলাচল করা / নড়াচড়া করা,bewegt,hat,Ich kann mich vor Schmerzen kaum noch bewegen.,,
Bewegung,die,-en,noun,movement / exercise,চলাচল / ব্যায়াম,,,Sie brauchen mehr Bewegung.,,
Beweis,der,-e,noun,proof / evidence,প্রমাণ,,,Haben Sie dafür Beweise?,,
beweisen,,,verb,to prove,প্রমাণ করা,bewiesen,hat,"Wir können beweisen, dass Sie bei Rot über die Ampel gefahren sind.",,
Bewerbung,die,-en,noun,application,আবেদনপত্র,,,Wohin soll ich meine Bewerbung schicken?,,
bewoelkt,,,adj,cloudy / overcast,মেঘলা,,,Heute ist es stark bewoelkt.,,
Bewohner,der,-,noun,resident / inhabitant (male),বাসিন্দা (পুরুষ),,,Ich kenne die anderen Hausbewohner nicht.,,
Bewohnerin,die,-nen,noun,resident / inhabitant (female),বাসিন্দা (মহিলা),,,Die Bewohnerin im dritten Stock ist ausgezogen.,,
bewölkt,,,,,,,,,,
bezahlen,,,verb,to pay,পরিশোধ করা / মূল্য দেওয়া,bezahlt,hat,Hast du die Rechnung schon bezahlt?,,
Beziehung,die,-en,noun,relationship / relation,সম্পর্ক,,,Wir haben gute Beziehungen zu unseren Nachbarn.,,
Bibliothek,die,-en,noun,library,গ্রন্থাগার,,,Die Stadtbibliothek hat bereits geschlossen.,,
Bier,das,,noun,beer,বিয়ার,,,"Ein Bier, bitte!",,
biert,,,verb,,,,,,,
bieten,,,verb,to offer / to bid,প্রদান করা / দর দেওয়া,geboten,hat,Er hat mir für den alten Wagen noch 800 Euro geboten.,,
Bild,das,-er,noun,picture / image,ছবি / চিত্র,,,Ein Bild von meinen Kindern hängt über meinem Schreibtisch.,,
Bildschirm,der,-e,noun,screen / monitor,পর্দা / মনিটর,,,Ich brauche einen größeren Bildschirm für meinen Computer.,,
Billett,das,-e/-s,noun,ticket (Switzerland/Austria),টিকিট (সুইজারল্যান্ড/অস্ট্রিয়া),,,Ein Billett können Sie am Schalter kaufen.,"CH/A: Billett, D: Fahrkarte",
billig,,,adj,cheap / inexpensive,সস্তা,,,Dieses Buch ist nicht ganz billig.,,
Bio-,,,prefix,organic / bio-,জৈব / বায়ো-,,,Ich kaufe nur noch Biogemüse.,,
Biologie,die,,noun,biology,জীববিজ্ঞান,,,Meine Freundin studiert Biologie.,,
biologisch,,,adj,organic / biological,জৈবিক,,,Biologische Lebensmittel gibt es jetzt auch im Supermarkt.,,
Birne,die,-n,noun,pear,নাশপাতি,,,Möchten Sie Obst? Die Birnen sind heute besonders schön.,,
bis,,,preposition,until / to / by,পর্যন্ত,,,Die Linie 8 fährt nur bis zum Hauptbahnhof.,,
bisher,,,adv,until now / so far,এখন পর্যন্ত,,,Bisher ist alles in Ordnung.,,
bitte,die,-n,particle,please / you're welcome,অনুগ্রহ করে / দয়া করে,,,"Eine Tasse Kaffee, bitte!",,
bitten,,,verb,to ask / to request,অনুরোধ করা / চাওয়া,gebeten,hat,"Darf ich Sie bitten, kurz zuzuhören?",,
bitter,,,adj,bitter,তিক্ত / তিতা,,,Hast du Zucker? Der Tee ist sehr bitter.,,
blass,,,adj,pale,ফ্যাকাশে / বিবর্ণ,,,Du siehst ganz blass aus. Bist du krank?,,
Blatt,das,¨-er,noun,leaf / sheet (of paper),পাতা / কাগজ,,,Die Bäume bekommen schon gelbe Blätter.,,
bleiben,,,verb,to stay / remain,থাকা / অবস্থান করা,geblieben,ist,Ich bleibe heute zu Hause.,,
Bleistift,der,-e,noun,pencil,পেন্সিল,,,Hast du einen Bleistift für mich?,,
Blick,der,-e,noun,view / glance / look,দৃশ্য / দৃষ্টি,,,Von hier hat man einen tollen Blick über die Stadt.,,
blind,,,adj,blind,অন্ধ,,,Er ist von Geburt an blind.,,
Blitz,der,-e,noun,lightning / flash,বিদ্যুৎ / ফ্ল্যাশ,,,"Was für ein Gewitter, hast du den Blitz gesehen?",,
blitzen,,,verb,to flash / to lightning,চমকানো / বিদ্যুৎ চমকানো,geblitzt,hat,Gestern Abend hat es furchtbar geblitzt und gedonnert.,,
blond,,,adj,blond / fair-haired,সোনালী চুল / ব্লন্ড,,,Mein Sohn ist blond.,,
bloß,,,adv,merely / just / only,কেবল / শুধু,,,Ich möchte mich bloß umsehen.,,
Blume,die,-n,noun,flower,ফুল,,,Wir haben meiner Mutter Blumen zum Geburtstag geschenkt.,,
Bluse,die,-n,noun,blouse,ব্লাউজ,,,Ich hätte gerne eine weiße Bluse.,,
Blut,das,,noun,blood,রক্ত,,,Der Verletzte hat viel Blut verloren.,,
bluten,,,verb,to bleed,রক্তপাত হওয়া,geblutet,hat,Ich habe mich verletzt. Meine Hand blutet.,,
blühen,,,verb,to bloom / blossom,ফুল ফোটা / প্রস্ফুটিত হওয়া,geblüht,hat,Die Bäume blühen schon. Es ist Frühling.,,
Boden,der,¨-,noun,floor / ground / soil,মেঝে / মাটি,,,Die Bücher lagen alle auf dem Boden.,,
Bogen,der,-/¨-,noun,arch / sheet (paper) / bow,খিলান / কাগজের পাতা,,,Bitte schreiben Sie Ihren Namen auf den Antwortbogen.,,
Bohne,die,-n,noun,bean,শিম / বিন,,,Ich esse gern Bohnen.,,
Boot,das,-e,noun,boat,নৌকা,,,An diesem See kann man Boote mieten.,,
Botschaft,die,-en,noun,embassy / message,দূতাবাস / বার্তা,,,Das Visum habe ich von der Botschaft bekommen.,,
Braten,der,-,noun,roast (meat),রোস্ট (মাংস),,,Nehmen Sie noch etwas Soße zum Braten?,,
brauchen,,,verb,to need / require,প্রয়োজন হওয়া,gebraucht,hat,Ich brauche ein Auto.,,
brechen,,,verb,to break,ভাঙা / ভেঙে ফেলা,gebrochen,hat,Er hat sich beim Skifahren das Bein gebrochen.,,
breit,,,adj,wide / broad,চওড়া / প্রশস্ত,,,Der Teppich ist zwei Meter lang und einen Meter breit.,,
Breite,die,-n,noun,width / breadth,প্রস্থ / চওড়া,,,"Welche Maße hat der Tisch? – Länge: 1m, Breite: 80cm, Höhe: 1,20m.",,
Bremse,die,-n,noun,brake,ব্রেক,,,Du musst unbedingt die Bremsen kontrollieren lassen.,,
bremsen,,,verb,to brake,ব্রেক করা,gebremst,hat,Der Mann ist ganz plötzlich über die Straße gegangen. Ich musste stark bremsen.,,
brennen,,,verb,to burn,জ্বলা / পোড়া,gebrannt,hat,In diesem Haus hat es letztes Jahr gebrannt.,,
Brief,der,-e,noun,letter (mail),চিঠি,,,Ich schreibe nicht gern Briefe.,,
Briefkasten,der,¨-,noun,mailbox / postbox,চিঠির বাক্স / ডাকবাক্স,,,Ist hier in der Nähe ein Briefkasten?,,
Briefmarke,die,-n,noun,postage stamp,ডাকটিকিট,,,Briefmarken bekommen Sie am Schalter 7.,,
Brieftasche,die,-n,noun,wallet (D),মানিব্যাগ,,,Ich habe nur Kleingeld in meiner Brieftasche.,"D: Brieftasche, CH: Portemonnaie, A: Geldbörse",
Briefträger,der,-,noun,mail carrier / postman,ডাকপিয়ন (পুরুষ),,,War die Briefträgerin schon da?,CH: Pöstler,
Briefträgerin,die,-nen,noun,mail carrier / postwoman,ডাকপিয়ন (মহিলা),,,Die Briefträgerin bringt jeden Morgen die Post.,CH: Pöstlerin,
Briefumschlag,der,¨-e,noun,envelope,খাম,,,Ich hätte gern 50 Briefumschläge und Briefmarken dazu.,"A: Kuvert, CH: Couvert",
Brille,die,-n,noun,glasses / spectacles,চশমা,,,Ich brauche eine neue Brille.,,
bringen,,,verb,to bring / take,আনা / নিয়ে যাওয়া,gebracht,hat,Bringen Sie mir bitte ein Glas Tee!,,
Broschüre,die,-n,noun,brochure / pamphlet,ব্রোশিওর / পুস্তিকা,,,In der Broschüre finden Sie die neuesten Informationen.,,
Brot,das,-e,noun,bread,রুটি / পাঁউরুটি,,,"Brot kaufe ich immer beim Bäcker, nicht im Supermarkt.",,
Bruder,der,¨-,noun,brother,ভাই,,,Mein jüngster Bruder geht noch zur Schule.,,
Brust,die,,noun,chest / breast,বুক / সিনা,,,Ich habe Schmerzen in der Brust.,,
Brötchen,das,-,noun,bread roll (Germany),ব্রেড রোল (জার্মানি),,,Ich hole schnell ein paar Brötchen zum Frühstück.,"D: Brötchen, A: Semmel, CH: Brötli",
Brötli,das,-,noun,bread roll (Switzerland),ব্রেড রোল (সুইজারল্যান্ড),,,Ich hole schnell ein paar Brötli zum Frühstück.,"CH: Brötli, D: Brötchen, A: Semmel",
Brücke,die,-n,noun,bridge,সেতু / পুল,,,Fahren Sie über die nächste Brücke und dann rechts.,,
Bub,der,-en,noun,boy (Austria/Switzerland),ছেলে (অস্ট্রিয়া/সুইজারল্যান্ড),,,In der Schulklasse sind 15 Buben und 10 Mädchen.,"A/CH: Bub, D: Junge",
Buch,das,¨-er,noun,book,বই,,,Haben Sie ein Buch über die Geschichte von Berlin?,,
buchen,,,verb,to book / reserve,বুক করা / সংরক্ষণ করা,gebucht,hat,Ich habe für morgen einen Flug nach Rom gebucht.,,
Buchhandlung,die,-en,noun,bookstore / bookshop,বইয়ের দোকান,,,In der Buchhandlung in der Stadt haben sie das Buch sicher.,,
Buchstabe,der,-n,noun,letter (alphabet),অক্ষর / বর্ণ,,,Gibt es diesen Buchstaben auch in deiner Muttersprache?,,
buchstabieren,,,verb,to spell,বানান করা,buchstabiert,hat,Würden Sie Ihren Namen bitte buchstabieren?,,
Buffet,das,-s,noun,buffet,বুফে,,,Das Buffet ist eröffnet!,,
bunt,,,adj,colorful / multicolored,রঙিন,,,Das bunte Kleid gefällt mir gut.,,
Burg,die,-en,noun,castle / fortress,দুর্গ / প্রাসাদ,,,Von der Burg hat man eine schöne Aussicht.,,
Bus,der,-se,noun,bus,বাস,,,Ich fahre meistens mit dem Bus zur Arbeit.,,
Butter,die,,noun,butter,মাখন,,,Ich möchte nur Butter aufs Brot.,,
Bäckerei,die,-en,noun,bakery,বেকারি,,,Wir kaufen unser Brot immer in der Bäckerei am Markt.,,
böse,,,adj,angry / evil / bad,রাগান্বিত / খারাপ,,,"Ich bin böse auf dich, du bist wieder nicht gekommen!",,
Büchse,die,-n,noun,can / tin (Germany/Switzerland),কৌটা / টিন,,,Ich habe noch eine Büchse Bohnen.,"D/CH: Büchse, A: Dose",
Bühne,die,-n,noun,stage,মঞ্চ,,,Er steht gern auf der Bühne.,,
Bürger,der,-,noun,citizen (male),নাগরিক (পুরুষ),,,EU-Bürgerinnen und Bürger können überall in Europa arbeiten.,,
Bürgerin,die,-nen,noun,citizen (female),নাগরিক (মহিলা),,,Als deutsche Bürgerin darf sie bei der Wahl mitstimmen.,,
Büro,das,-s,noun,office,অফিস / দপ্তর,,,Unser Büro bleibt samstags geschlossen.,,
Bürste,die,-n,noun,brush,ব্রাশ,,,Hast du eine Bürste? Meine Schuhe sind so schmutzig.,,
Cafeteria,die,-s,noun,cafeteria,ক্যাফেটেরিয়া,,,Ich hole mir schnell etwas aus der Cafeteria.,,
Café,das,-s,noun,café / coffee shop,ক্যাফে / কফি হাউস,,,Hier in der Nähe ist ein Café. Lass uns einen Kaffee trinken.,,
Chance,die,-n,noun,chance / opportunity,সুযোগ / সম্ভাবনা,,,"Mein Mann hat gute Chancen, die Stelle zu bekommen.",,
Chef,der,-s,noun,boss / manager (male),বস / ম্যানেজার (পুরুষ),,,"Das kann ich nicht allein entscheiden, da muss ich erst die Chefin fragen.",,
Chefin,die,-nen,noun,boss / manager (female),বস / ম্যানেজার (মহিলা),,,"Fragen Sie am besten die Chefin, ob das möglich ist.",,
chhauer,,,,,,,,,,
Chipkarte,die,-n,noun,chip card,চিপ কার্ড,,,Ich habe eine Chipkarte für diesen Automaten.,,
Coiffeur,der,-e,noun,"hairdresser (male, Switzerland)","হেয়ারড্রেসার (পুরুষ, সুইজারল্যান্ড)",,,Du siehst toll aus! Wer ist dein Coiffeur?,"CH: Coiffeur, D/A: Friseur",
Coiffeuse,die,-n,noun,"hairdresser (female, Switzerland)","হেয়ারড্রেসার (মহিলা, সুইজারল্যান্ড)",,,Meine Tochter will Coiffeuse werden.,"CH: Coiffeuse, D/A: Friseurin",
Couch,die,-s,noun,couch / sofa,সোফা / কাউচ,,,Wir haben uns eine Couch und neue Sessel gekauft.,,
Cousin,der,-s,noun,cousin (male),কাজিন (পুরুষ),,,Meine Cousine wohnt jetzt in Brasilien.,,
Cousine,die,-n,noun,cousin (female),কাজিন (মহিলা),,,Meine Cousine kommt mich im Sommer besuchen.,,
Couvert,das,-s,noun,envelope (Switzerland),খাম (সুইজারল্যান্ড),,,Ich hätte gern 50 Couverts und Briefmarken dazu.,"CH: Couvert, D: Briefumschlag, A: Kuvert",
Creme,die,-n/-s,noun,cream / lotion,ক্রিম,,,Ich hätte gern eine Creme für die Hände.,,
dabei,,,adv,with it / present / there / at it,সঙ্গে / উপস্থিত / এতে,,,"Schön, dass du da bist. Ist deine Familie auch dabei?",,
Dach,das,¨-er,noun,roof,ছাদ,,,Wir müssen das Dach reparieren lassen.,,
dafür,,,adv,for it / in favor of it,এর জন্য / পক্ষে,,,Meine Schwester interessiert sich für Politik. Ich interessiere mich nicht dafür.,,
dagegen,,,adv,against it / on the other hand,এর বিপক্ষে / অন্যদিকে,,,Sind Sie für oder gegen ein Rauchverbot? – Ich bin dagegen.,,
daher,,,adv,therefore / hence / that's why,সুতরাং / সেই কারণে,,,"Ich bin erkältet, daher kann ich heute nicht kommen.",,
dahin,,,adv,there / to that place / until then,সেখানে / ততক্ষণ পর্যন্ত,,,Der Zug kommt in 30 Minuten. Bis dahin können wir einen Kaffee trinken.,,
damals,,,adv,back then / at that time,তখন / সেই সময়ে,,,Mit 15 wollte ich gerne Klavier spielen lernen. Aber damals hatte ich kein Geld dafür.,,
Dame,die,-n,noun,lady / woman,মহিলা / ভদ্রমহিলা,,,Meine Damen und Herren!,,
damit,,,adv,with it / so that / in order to,এটি দিয়ে / যাতে,,,"Mach schnell, damit wir nicht zu spät kommen.",,
danach,,,adv,after that / afterwards,তারপরে / এর পরে,,,"Zuerst gehen wir einkaufen, danach grillen wir auf unserem Balkon.",,
daneben,,,adv,next to it / beside it,এর পাশে,,,"Du weißt doch, wo die Post ist. Gleich daneben ist die Bank.",,
Dank,der,,noun,thanks / gratitude,ধন্যবাদ / কৃতজ্ঞতা,,,Vielen Dank für Ihre Mühe.,,
dankbar,,,adj,grateful / thankful,কৃতজ্ঞ,,,Ich bin Ihnen sehr dankbar für Ihre Hilfe.,,
danke,,,particle,thank you / thanks,ধন্যবাদ,,,"Soll ich Ihnen helfen? Nein, danke, nicht nötig.",,
danken,,,verb,to thank,ধন্যবাদ দেওয়া,gedankt,hat,Ich danke dir für die Einladung.,,
dann,,,adv,then / afterwards,তারপর / তখন,,,"Ich muss noch schnell zur Post, dann komme ich.",,
dapfel,,,,,,,,,,
darstellen,,,verb,to represent / depict / portray,উপস্থাপন করা / চিত্রিত করা,dargestellt,hat,Er konnte das Problem sehr gut darstellen.,,
Darstellung,die,-en,noun,representation / description,উপস্থাপনা / বিবরণ,,,Ihr Buch enthält eine klare Darstellung dieser Probleme.,,
das Auge,das,-n,noun,eye,চোখ,,,Meine beiden Kinder haben blaue Augen.,,
das Ausland,das,,noun,abroad / foreign country,বিদেশ,,,Wir fahren im Urlaub meistens ins Ausland.,,
das Auto,das,-s,noun,car,গাড়ি,,,Mario fährt mit dem Auto zur Arbeit.,,
dass,,,conjunction,that,যে,,,"Rico hat mir gesagt, dass er auch zur Party kommt.",,
dasselbe,,,pronoun,the same (neuter),একই (ক্লীবলিঙ্গ),,,Mein Freund trägt dasselbe T-Shirt wie ich.,,
Datei,die,-en,noun,file (computer),ফাইল (কম্পিউটার),,,Wo hast du die Datei gespeichert?,,
Daten,,,noun,data (plural),ডেটা / তথ্য,,,Wir haben alle Ihre Daten im Computer.,,
Datum,das,Daten,noun,date,তারিখ,,,Welches Datum haben wir heute?,,
Dauer,die,,noun,duration / length,স্থায়িত্ব / সময়কাল,,,Sie können das Buch für die Dauer einer Woche ausleihen.,,
dauern,,,verb,to last / take (time),স্থায়ী হওয়া / সময় লাগা,gedauert,hat,Wie lange dauert die Pause? – Eine halbe Stunde.,,
dauernd,,,adj,constant / continuous / always,অবিরাম / সর্বদা,,,Das dauernde Klingeln des Telefons stört mich.,,
Decke,die,-n,noun,ceiling / blanket,ছাদ / কম্বল,,,Im Wohnzimmer haben wir keine Lampe an der Decke.,,
dekorieren,,,verb,to decorate,সাজানো / সজ্জিত করা,dekoriert,hat,"Hilfst du mir, den Tisch für die Party zu dekorieren?",,
denken,,,verb,to think,চিন্তা করা / ভাবা,gedacht,hat,"Ich denke, dass du recht hast.",,
Denkmal,das,¨-er,noun,monument / memorial,স্মৃতিস্তম্ভ / স্মারক,,,In dieser Stadt gibt es viele berühmte Denkmäler.,,
denn,,,conjunction,because / for / then (particle),কারণ / তবে,,,"Ich lerne jetzt auch Portugiesisch, denn ich möchte nach Südamerika reisen.",,
der Auftrag,der,¨-e,noun,order / assignment,আদেশ / কার্যভার,,,Ich komme im Auftrag von Frau Müller und soll Ihnen diesen Brief geben.,,
der Auftritt,der,-e,noun,performance / appearance,প্রদর্শনী,,,Nach dem Auftritt feiern die Musiker.,,
der Aufzug,der,¨-e,noun,elevator / lift,লিফট,,,Im Büro ist leider der Aufzug kaputt.,D/A: Lift,
der Augenblick,der,-e,noun,moment,মুহূর্ত,,,"Einen Augenblick, bitte!",,
der Ausdruck,der,-e,noun,printout,প্রিন্টআউট,,,Machen Sie doch bitte einen Ausdruck von der E-Mail.,,
der Ausflug,der,¨-e,noun,excursion / trip,ভ্রমণ,,,Am Wochenende machen wir mit Freunden einen Ausflug nach Heidelberg.,,
der Ausgang,der,¨-e,noun,exit,বাহিরের পথ,,,Wo ist der Ausgang bitte?,,
der Ausländer,der,-,noun,foreigner (male),বিদেশী (পুরুষ),,,Viele Ausländer und Ausländerinnen lernen in der Volkshochschule Deutsch.,,
der Ausweis,der,-e,noun,identification card,পরিচয়পত্র,,,Darf ich mal Ihren Ausweis sehen?,,
der Automat,der,-en,noun,vending machine / automat,ভেন্ডিং মেশিন,,,Zigaretten bekommst du am Automaten.,,
der Autor,der,-en,noun,author (male),লেখক (পুরুষ),,,Diese Autorin hat in diesem Jahr schon zwei Bücher geschrieben.,,
derselbe,,,pronoun,the same (masculine),একই (পুংলিঙ্গ),,,Mein Freund und ich gehen in dieselbe Schule.,,
deshalb,,,adv,therefore / that's why,সেই কারণে / তাই,,,Ich war krank. Deshalb war ich nicht im Büro.,,
Dessert,das,-s,noun,dessert,ডেজার্ট / মিষ্টান্ন,,,Nach dem Essen gab es noch ein leckeres Dessert.,D/A: Nachspeise,
deswegen,,,adv,therefore / because of that,এ কারণে / তাই,,,Ich habe falsch geparkt. Deswegen habe ich einen Strafzettel bekommen.,,
det,,,,,,,,,,
Detail,das,-s,noun,detail,বিস্তারিত,,,Dieses Detail ist unwichtig.,,
deutlich,,,adj,clear / distinct,স্পষ্ট,,,Schreiben Sie bitte deutlich!,,
Dialekt,der,-e,noun,dialect,উপভাষা / আঞ্চলিক ভাষা,,,"Ich verstehe dich besser, wenn du nicht Dialekt sprichst.",,
Dialog,der,-e,noun,dialogue,সংলাপ / কথোপকথন,,,Sie hören jetzt einen Dialog.,,
dicht,,,adj,tight / sealed / dense,ঘন / নিবিড় / আঁট,,,Unsere Fenster sind nicht dicht. Es zieht immer.,,
dick,,,adj,thick / fat,মোটা / স্থূল,,,Ich bin zu dick. Ich muss weniger essen.,,
die Ausbildung,die,-en,noun,training / education,প্রশিক্ষণ / শিক্ষা,,,Ich habe meine Ausbildung abgeschlossen.,,
die Ausfahrt,die,-en,noun,exit (highway) / driveway,বাহিরের রাস্তা,,,"Hier ist eine Ausfahrt, da dürfen Sie nicht parken.",,
die Ausgabe,die,-n,noun,expense / edition / issue,খরচ / সংস্করণ,,,Wie hoch sind Ihre Ausgaben in einem Monat?,,
die Aushilfe,die,-n,noun,temporary help / assistant,অস্থায়ী সহায়ক,,,Wir suchen eine freundliche Aushilfe für unser Geschäft.,,
die Auskunft,die,¨-e,noun,information / inquiry,তথ্য,,,Ich hätte gern eine Auskunft.,,
die Ausländerin,die,-nen,noun,foreigner (female),বিদেশী (মহিলা),,,Unsere neue Nachbarin ist Ausländerin.,,
die Ausnahme,die,-n,noun,exception,ব্যতিক্রম,,,"Normalerweise muss ich am Wochenende arbeiten, aber heute ist eine Ausnahme.",,
die Aussicht,die,-en,noun,view / prospect,দৃশ্য / সম্ভাবনা,,,Von diesem Turm hat man eine tolle Aussicht.,,
die Aussprache,die,,noun,pronunciation,উচ্চারণ,,,Ali hat eine gute Aussprache.,,
die Ausstellung,die,-en,noun,exhibition / issuance,প্রদর্শনী,,,Wir waren mit der Lehrerin in einer Ausstellung.,,
die Auswahl,die,-en,noun,selection / choice,নির্বাচন,,,Das Geschäft hat eine große Auswahl.,,
die Autobahn,die,-en,noun,highway / motorway,মহাসড়ক,,,Das Dorf liegt direkt an der Autobahn.,,
die Autorin,die,-nen,noun,author (female),লেখিকা (মহিলা),,,Die Autorin liest aus ihrem neuen Buch vor.,,
Dieb,der,-e,noun,thief,চোর,,,Ein Dieb hat mir auf dem Markt die Tasche gestohlen.,,
dienen,,,verb,to serve,সেবা করা / কাজে লাগা,gedient,hat,Er hat der Firma viele Jahre lang gedient.,,
Dienst,der,,noun,service / duty / shift,সেবা / ডিউটি / শিফট,,,Morgen habe ich Dienst. Deshalb kann ich nicht kommen.,,
dies-,,,pronoun,this / these,এই / এগুলি,,,Wohin fährst du dieses Jahr in Urlaub?,,
dieselbe,,,pronoun,the same (feminine),একই (স্ত্রীলিঙ্গ),,,Wir haben dieselbe Idee!,,
diesmal,,,adv,this time,এবার,,,Diesmal haben wir zum Glück gewonnen.,,
digital,,,adj,digital,ডিজিটাল,,,Ich habe eine Digitaluhr gekauft.,,
Ding,das,-e,noun,thing,জিনিস / বস্তু,,,Gib mir bitte mal das Ding da drüben.,,
Diplom,das,-e,noun,diploma / degree,ডিপ্লোমা / সনদ,,,Wo kann ich mein Diplom abholen?,,
direkt,,,adj,direct / directly,সরাসরি / প্রত্যক্ষ,,,Wir liefern Ihnen die Waren direkt ins Haus.,,
Direktor,der,-en,noun,director / principal (male),পরিচালক (পুরুষ),,,Ich möchte gern mit dem Direktor sprechen.,,
Direktorin,die,-nen,noun,director / principal (female),পরিচালক (মহিলা),,,Ich möchte gern mit der Direktorin sprechen.,,
Diskothek,die,-en,noun,discotheque / nightclub,ডিস্কো / নাইটক্লাব,,,Wir gehen heute Abend in die Disko(thek).,,
Diskussion,die,-en,noun,discussion,আলোচনা / বিতর্ক,,,"Im Fernsehen gab es eine Diskussion zum Thema ""Kinderbetreuung"".",,
diskutieren,,,verb,to discuss,আলোচনা করা / বিতর্ক করা,diskutiert,hat,"Wir haben lange diskutiert, wie wir das Büro einrichten sollen.",,
Distanz,die,-en,noun,distance,দূরত্ব,,,Diese Firma transportiert Waren auch über große Distanzen.,,
Diät,die,,noun,diet,ডায়েট / খাদ্য নিয়ন্ত্রণ,,,Ich möchte abnehmen. Deshalb mache ich eine Diät.,,
doch,,,particle,yes (contradicting) / but / after all,হ্যাঁ (বিরোধে) / কিন্তু / অবশ্যই,,,"Isst du kein Fleisch? – Doch, manchmal schon.",,
Doktor,der,-en,noun,doctor (male),ডাক্তার (পুরুষ),,,Ist Frau Dr. Müller da?,,
Doktorin,die,-nen,noun,doctor (female),ডাক্তার (মহিলা),,,Meine Tochter ist krank. Wir gehen zur Doktorin.,,
Dokument,das,-e,noun,document,নথি / দলিল,,,Hast du alle Dokumente für die Anmeldung dabei?,,
Donner,der,-,noun,thunder,বজ্রধ্বনি,,,Der Donner kam erst lange nach dem Blitz.,,
donnern,,,verb,to thunder / roar,বজ্রপাত হওয়া / গর্জন করা,gedonnert,hat,Hörst du es donnern? Das Gewitter kommt näher.,,
Doppel-,,,prefix,double- / twin-,দ্বি- / যমজ-,,,Wir hätten gern ein Doppelbett.,,
doppelt,,,adj,double,দ্বিগুণ / ডাবল,,,Das Buch habe ich doppelt.,,
Dorf,das,¨-er,noun,village,গ্রাম,,,Unser Dorf liegt direkt an der Autobahn.,,
dort,,,adv,there,সেখানে,,,Dort drüben ist der Bahnhof.,,
dorthin,,,adv,to there / thither,সেদিকে / সেইখানে,,,Deine Tasche kannst du dorthin stellen.,,
Dose,die,-n,noun,can / tin,কৌটা / টিন,,,Ich habe noch eine Dose Bohnen.,D/CH: Büchse,
draußen,,,adv,outside,বাইরে,,,Es ist kalt draußen.,,
Dreck,der,,noun,dirt / filth,ময়লা / মাটি,,,Iss den Apfel nicht! Der lag im Dreck.,,
drehen,,,verb,to turn / rotate,ঘোরানো / মোড় নেওয়া,gedreht,hat,Drehen Sie zum Einschalten den Schalter nach rechts.,,
drin,,,adv,inside / in there,ভিতরে,,,In der Packung ist nichts mehr drin.,,
dringend,,,adj,urgent / urgently,জরুরি / জরুরিভাবে,,,Ich muss dich dringend sprechen.,,
drinnen,,,adv,inside / indoors,ভিতরে / ঘরের ভিতরে,,,Bei der Hitze ist es drinnen viel angenehmer.,,
Droge,die,-n,noun,drug,মাদক / ড্রাগ,,,Nimmst du etwa Drogen?,,
Drogerie,die,-n,noun,drugstore,ড্রাগস্টোর / প্রসাধনী দোকান,,,Waschmittel bekommst du in der Drogerie.,,
Druck,der,,noun,pressure / print,চাপ / মুদ্রণ,,,Mit einem Knopfdruck schaltet man das Gerät ein.,,
drucken,,,verb,to print,মুদ্রণ করা / প্রিন্ট করা,gedruckt,hat,Warum hast du den Brief noch nicht ausgedruckt?,,
Drucker,der,-,noun,printer,প্রিন্টার,,,Ich brauche einen neuen Drucker für meinen Computer.,,
drüben,,,adv,over there,ওপারে / ওদিকে,,,Dort drüben ist die Haltestelle.,,
drücken,,,verb,to press / push,চাপ দেওয়া / টিপা,gedrückt,hat,Sie brauchen nur auf den Knopf zu drücken.,,
dumm,,,adj,stupid / silly,বোকা / মূর্খ,,,"Entschuldigung, das war dumm von mir.",,
dunkel,,,adj,dark,অন্ধকার / গাঢ়,,,Um sechs Uhr ist es schon dunkel.,,
durch,,,preposition,through / by,মধ্য দিয়ে / দ্বারা,,,Wir sind mit dem Fahrrad durch den Wald gefahren.,,
durcheinander,,,adj,mixed up / confused / messy,বিশৃঙ্খল / গোলমেলে,,,Alle meine Sachen sind durcheinander. Ich finde nichts mehr.,,
Durchsage,die,-n,noun,announcement (loudspeaker),ঘোষণা (লাউডস্পিকার),,,"Achtung, Achtung, eine wichtige Durchsage!",,
Durchschnitt,der,-e,noun,average,গড়,,,Im Durchschnitt brauchen wir täglich 20 Minuten zur Arbeit.,,
durchschnittlich,,,adj,on average / average,গড়ে / গড়পড়তা,,,Die Preise sind im letzten Jahr um durchschnittlich 6 % gestiegen.,,
Durst,der,,noun,thirst,তৃষ্ণা / পিপাসা,,,Sie haben sicher Durst.,,
durstig,,,adj,thirsty,তৃষ্ণার্ত,,,Du bist sicher durstig. Was möchtest du trinken?,,
Dusche,die,-n,noun,shower (fixture),শাওয়ার,,,Wir haben leider nur noch ein Zimmer mit Dusche.,,
duzen,,,verb,to address with 'du' (informal you),তুমি বলে সম্বোধন করা,geduzt,hat,"Wollen wir Du zueinander sagen? Ja, wir können uns gern duzen.",,
dünn,,,adj,thin,পাতলা / সরু,,,Mein Sohn ist sehr dünn. Er isst zu wenig.,,
dürfen,,,verb,to be allowed to / may,অনুমতি থাকা / পারা,gedurft,hat,Dürfen wir heute länger fernsehen?,,
e-card,die,,noun,"e-card (health insurance, Austria)","ই-কার্ড (স্বাস্থ্য বীমা, অস্ট্রিয়া)",,,Haben Sie Ihre e-card dabei?,"A: e-card, D: Versichertenkarte",
eben,,,adv,just / exactly / flat,এইমাত্র / ঠিক,,,Ich bin eben erst angekommen.,,
ebenfalls,,,adv,likewise / also,একইভাবে / আরও,,,"Ich wünsche Ihnen ein schönes Wochenende. – Danke, ebenfalls.",,
ebenso,,,adv,just as / likewise,ঠিক তেমনই / একইরকম,,,"Schöne Feiertage. – Danke, ebenso.",,
ec-Karte,die,,noun,EC card / debit card,ইসি কার্ড / ডেবিট কার্ড,,,Sie können auch mit der ec-Karte zahlen.,A: Bankomat-Karte,
echt,,,adj,real / genuine / really,আসল / খাঁটি / সত্যিই,,,Der Film war echt gut.,,
Eck,das,-en,noun,corner (Austria),কোণ (অস্ট্রিয়া),,,Das Regal stellen wir hier ins Eck.,"A: Eck, D/CH: Ecke",
Ecke,die,-n,noun,corner (Germany/Switzerland),কোণ (জার্মানি/সুইজারল্যান্ড),,,Das Regal stellen wir hier in die Ecke.,"D/CH: Ecke, A: Eck",
eckig,,,adj,angular / square / cornered,কৌণিক / চারকোণা,,,"Ich möchte einen eckigen Tisch, keinen runden.",,
egal,,,adj,all the same / doesn't matter,কিছু যায় আসে না / সমান,,,"Es ist mir ganz egal, was die Leute denken.",,
Ehe,die,-n,noun,marriage,বিবাহ / দাম্পত্য,,,Sie hat zwei Kinder aus erster Ehe.,,
Ehefrau,die,-en,noun,wife,স্ত্রী,,,Wie heißt Ihre Ehefrau mit Vornamen?,,
Ehemann,der,¨-er,noun,husband,স্বামী,,,Wie heißt Ihr Ehemann mit Vornamen?,,
Ehepaar,das,-e,noun,married couple,বিবাহিত দম্পতি,,,Das Ehepaar unter uns hat zwei Kinder.,,
eher,,,adv,earlier / rather / sooner,বরং / আগে / শীঘ্র,,,"Michael sieht gerne Serien, ich mag eher Krimis.",,
ehrlich,,,adj,honest / honestly,সৎ / সততার সাথে,,,Sie ist ein ehrlicher Mensch.,,
eigen-,,,adj,own,নিজস্ব / নিজের,,,Fast jedes Kind hat ein eigenes Zimmer.,,
eigentlich,,,adv,actually / really,আসলে / প্রকৃতপক্ষে,,,"Wir wollten eigentlich Freunde besuchen, aber dann sind wir doch zu Hause geblieben.",,
Eile,die,,noun,hurry / haste,তাড়াতাড়ি / ত্বরা,,,Ich bin sehr in Eile.,,
eilen,,,verb,to hurry / rush,তাড়াতাড়ি করা,geeilt,hat/ist,Es eilt sehr. Bitte machen Sie schnell.,,
eilig,,,adj,hurried / in a hurry,তাড়াহুড়ো / ব্যস্ত,,,Hast du es eilig?,,
ein bisschen,,,quantifier,a little / a bit,একটু / সামান্য,,,Möchten Sie noch ein bisschen Reis?,,
ein-,,,numeral,one / a / an,এক / একটি,,,Ich nehme ein Bier. Willst du auch eins?,,
Einbahnstraße,die,-n,noun,one-way street,একমুখী রাস্তা,,,Die Goethestraße ist jetzt eine Einbahnstraße.,,
einbrechen,,,verb,to break in / burgle,সিঁধ কাটা / চুরি করা,eingebrochen,ist,Jemand ist in unsere Wohnung eingebrochen.,,
Einbrecher,der,-,noun,burglar (male),চোর / সিঁধেল চোর (পুরুষ),,,Die Einbrecher haben nichts gestohlen.,,
Einbrecherin,die,-nen,noun,burglar (female),চোর / সিঁধেল চোর (মহিলা),,,Die Einbrecherin wurde von der Polizei gefasst.,,
Einbruch,der,¨-e,noun,break-in / burglary,সিঁধেল চুরি / ডাকাতি,,,In der Urlaubszeit gibt es viele Wohnungseinbrüche.,,
eindeutig,,,adj,clear / unambiguous,সুস্পষ্ট / দ্ব্যর্থহীন,,,Das Ergebnis ist eindeutig. Du hast gewonnen.,,
Eindruck,der,¨-e,noun,impression,প্রভাব / ছাপ,,,"Ich glaube, ich habe bei dem Vorstellungsgespräch einen guten Eindruck gemacht.",,
einerseits,,,adv,on the one hand,একদিকে / একপক্ষে,,,"Einerseits möchte ich die Reise gern machen, andererseits ist sie zu teuer.",,
einfach,,,adj,simple / easy / just,সহজ / সরল / শুধু,,,"Hin und zurück? – Nein, bitte nur einfach.",,
Einfahrt,die,-en,noun,driveway / entrance,প্রবেশ পথ / ড্রাইভওয়ে,,,Da parkt wieder jemand vor unserer Einfahrt.,,
Einfall,der,¨-e,noun,idea / sudden thought,আইডিয়া / হঠাৎ চিন্তা,,,Frag einfach meine Freundin. Sie hat immer gute Einfälle.,,
einfallen,,,verb,to occur / come to mind,মনে পড়া / হঠাৎ মনে আসা,eingefallen,ist,"Mir ist wieder eingefallen, wie das Buch heißt.",,
Einfluss,der,¨-e,noun,influence,প্রভাব,,,Das Wetter hat Einfluss auf die Gesundheit der Menschen.,,
einfügen,,,verb,to insert / paste,সন্নিবেশ করা / পেস্ট করা,eingefügt,hat,"Markieren Sie zuerst die Zeilen, dann „kopieren"" drücken und dann einfügen.",,
einführen,,,verb,to introduce / import,প্রবর্তন করা / আমদানি করা,eingeführt,hat,Dürfen wir diese Ware ins Land einführen?,,
Einführung,die,-en,noun,introduction,ভূমিকা / প্রবর্তন,,,Leider habe ich die Einführung des Kurses verpasst.,,
Eingang,der,¨-e,noun,entrance,প্রবেশদ্বার,,,Das Gebäude hat zwei Eingänge.,,
einheitlich,,,adj,uniform / standardized,অভিন্ন / একই ধরনের,,,Die Schüler dieser Schule tragen einheitliche Kleidung.,,
einig-,,,pronoun,some / a few / agreed,কিছু / কয়েকটি / একমত,,,In diesem Bericht sind einige Fehler.,,
Einkauf,der,¨-e,noun,purchase / shopping,কেনাকাটা / ক্রয়,,,Achten Sie beim Einkauf auf Sonderangebote.,,
einkaufen,,,verb,to shop / go shopping,কেনাকাটা করা,eingekauft,hat,Wir gehen einmal pro Woche einkaufen.,,
Einkommen,das,-,noun,income,আয় / ইনকাম,,,Bei einem höheren Einkommen muss man mehr Steuern zahlen.,,
einladen,,,verb,to invite,আমন্ত্রণ জানানো / দাওয়াত দেওয়া,eingeladen,hat,Darf ich Sie zum Essen einladen?,,
Einladung,die,-en,noun,invitation,আমন্ত্রণ / দাওয়াত,,,Danke für die Einladung.,,
einmal,,,adv,once / one time / sometime,একবার / কখনো,,,Ich habe diese Oper leider nur einmal gesehen.,,
Einnahme,die,-n,noun,revenue / income,রাজস্ব / আয়,,,Unsere Einnahmen waren in diesem Monat höher als im letzten.,,
einnehmen,,,verb,to take (medicine) / earn,গ্রহণ করা (ঔষধ) / আয় করা,eingenommen,hat,Wie muss ich die Tropfen einnehmen?,,
einpacken,,,verb,to pack / wrap up,প্যাক করা / মোড়ানো,eingepackt,hat,Hast du Handtücher eingepackt?,,
einrichten,,,verb,to furnish / set up / arrange,সাজানো / স্থাপন করা / ব্যবস্থা করা,eingerichtet,hat,Ich habe meine Wohnung selbst eingerichtet.,,
Einrichtung,die,-en,noun,furnishings / facility,আসবাবপত্র / প্রতিষ্ঠান,,,"Deine Wohnung ist sehr gemütlich, die Einrichtung gefällt mir sehr gut.",,
einsam,,,adj,lonely / solitary,একাকী / নিঃসঙ্গ,,,Ohne meine Familie fühle ich mich ein bisschen einsam.,,
einschalten,,,verb,to switch on / turn on,চালু করা / অন করা,eingeschaltet,hat,Können Sie bitte die Heizung einschalten?,,
einschließlich,,,preposition,including / inclusive,সহ / সমেত,,,Alles zusammen kostet 200 Euro einschließlich Fahrtkosten.,,
Einschreiben,das,-,noun,registered mail,রেজিস্টার্ড ডাক,,,Ich habe den Brief als Einschreiben geschickt.,,
einsetzen,,,verb,to insert / appoint / employ / advocate,নিয়োগ করা / ব্যবহার করা / সমর্থন করা,eingesetzt,hat,"Peter hat sich dafür eingesetzt, dass ich den Job bekomme.",,
einsteigen,,,verb,to get in / board,উঠা / চড়া (গাড়িতে),eingestiegen,ist,Ab 20 Uhr vorne beim Fahrer einsteigen.,,
einstellen,,,verb,to hire / adjust / set,নিয়োগ করা / সমন্বয় করা,eingestellt,hat,Die Firma wird in diesem Jahr drei neue Leute einstellen.,,
eintragen,,,verb,to enter / register / fill in,লিখে রাখা / নিবন্ধন করা,eingetragen,hat,Tragen Sie sich bitte in die Liste ein.,,
eintreten,,,verb,to enter / join,প্রবেশ করা / যোগদান করা,eingetreten,ist,Letztes Jahr bin ich in einen Sportverein eingetreten.,,
Eintritt,der,,noun,admission / entry fee,প্রবেশ মূল্য,,,Kinder über 10 Jahre zahlen den vollen Eintritt.,,
einverstanden,,,adj,agreed / okay,একমত / সম্মত,,,"Als Termin schlage ich den 3. Mai vor. – Gut, einverstanden!",,
Einwohner,der,-,noun,inhabitant (male),বাসিন্দা (পুরুষ),,,Berlin hat über drei Millionen Einwohner.,,
Einwohnerin,die,-nen,noun,inhabitant (female),বাসিন্দা (মহিলা),,,Berlin hat über drei Millionen Einwohner und Einwohnerinnen.,,
einzahlen,,,verb,to deposit (money),জমা করা (টাকা),eingezahlt,hat,Ich habe gestern Geld auf mein Bankkonto eingezahlt.,,
Einzahlung,die,-en,noun,deposit / payment,জমা / পরিশোধ,,,Sie sollten die Einzahlung pünktlich machen.,,
Einzel-,,,prefix,single / individual,একক / এক-,,,"Einzelkind, Einzelzimmer",,
Einzelheit,die,-en,noun,detail,বিস্তারিত / খুঁটিনাটি,,,Du musst mir das in allen Einzelheiten erzählen.,,
einzeln,,,adj,single / individual / one by one,একক / আলাদা / একে একে,,,"Dieses Mineralwasser gibt es nur als Sechserpack, nicht einzeln.",,
einziehen,,,verb,to move in / collect,স্থানান্তরিত হওয়া / সংগ্রহ করা,eingezogen,ist,Die Wohnung ist fertig. Wir können nächste Woche einziehen.,,
einzig-,,,adj,only / sole / unique,একমাত্র / অনন্য,,,Wir waren die einzigen Gäste.,,
Eis,das,,noun,ice / ice cream,বরফ / আইসক্রিম,,,Im Winter gibt es Eis und Schnee.,,
Eisenbahn,die,-en,noun,railway / train,রেলপথ / ট্রেন,,,Die Kinder wünschen sich eine elektrische Eisenbahn.,,
elegant,,,adj,elegant,অভিজাত / মার্জিত,,,Ich finde dein Kleid sehr elegant.,,
elektrisch,,,adj,electric / electrical,বৈদ্যুতিক / ইলেকট্রিক,,,"Wir kochen nicht mit Gas, sondern elektrisch.",,
Elektro-,,,prefix,electro- / electric,ইলেকট্রো- / বৈদ্যুতিক,,,"Elektrogeschäft, Elektroingenieur, Elektroherd",,
elektronisch,,,adj,electronic,ইলেকট্রনিক,,,Wir sollten die Daten elektronisch bearbeiten.,,
Eltern,,,noun,parents (pl.),মা-বাবা,,,Ich wohne noch bei meinen Eltern.,,
Empfang,der,¨-e,noun,reception / receipt,অভ্যর্থনা / প্রাপ্তি,,,Bitte den Empfang bestätigen!,,
empfangen,,,verb,to receive,গ্রহণ করা / পাওয়া,empfangen,hat,Wir können mit unserem Fernseher über 30 Programme empfangen.,,
empfehlen,,,verb,to recommend,সুপারিশ করা,empfohlen,hat,Was können Sie mir denn empfehlen?,,
Empfehlung,die,-en,noun,recommendation,সুপারিশ,,,Ich rufe auf Empfehlung von Herrn Weber an.,,
Empfänger,der,-,noun,recipient / receiver,প্রাপক / গ্রাহক,,,Es fehlt die genaue Adresse des Empfängers.,,
Ende,das,,noun,end,শেষ / সমাপ্তি,,,Ich wohne am Ende der Straße.,,
enden,,,verb,to end / finish,শেষ হওয়া / সমাপ্ত হওয়া,geendet,hat,Die Straße endet hier.,,
endgültig,,,adj,final / definitive,চূড়ান্ত,,,Damit ist das Problem endgültig gelöst.,,
endlich,,,adv,finally / at last,অবশেষে / শেষ পর্যন্ত,,,Endlich haben wir eine schöne Wohnung gefunden.,,
Energie,die,-n,noun,energy,শক্তি / এনার্জি,,,Wir müssen Energie sparen.,,
eng,,,adj,narrow / tight / close,সংকীর্ণ / ঘনিষ্ঠ / আঁট,,,Die Jacke ist mir zu eng.,,
Enkel,der,-,noun,grandson (male),নাতি (পুরুষ),,,Alle meine Enkel gehen schon zur Schule.,,
Enkelin,die,-nen,noun,granddaughter (female),নাতনি (মহিলা),,,Meine Enkelin geht auch schon zur Schule.,,
entdecken,,,verb,to discover,আবিষ্কার করা,entdeckt,hat,Ich habe in deinem Brief noch ein paar Fehler entdeckt.,,
entfernen,,,verb,to remove / delete,অপসারণ করা / দূর করা,entfernt,hat,Der Müll muss dringend entfernt werden.,,
Entfernung,die,-en,noun,distance / removal,দূরত্ব / অপসারণ,,,Aus dieser Entfernung ist das nicht zu erkennen.,,
entgegenkommen,,,verb,to come towards / accommodate,সামনে আসা / ছাড় দেওয়া,entgegengekommen,ist,Auf dem Weg nach Hause ist mir mein Nachbar entgegengekommen.,,
enthalten,,,verb,to contain,ধারণ করা / থাকা,enthalten,hat,Diese Schokolade enthält nur sehr wenig Zucker.,,
entlang,,,preposition,along,বরাবর / ধরে,,,Gehen Sie diese Straße entlang. Dann kommen Sie direkt zum Bahnhof.,,
entlassen,,,verb,to dismiss / discharge / fire,বরখাস্ত করা / ছেড়ে দেওয়া,entlassen,hat,Die Firma hat viele Mitarbeiter entlassen.,,
Entlassung,die,-en,noun,dismissal / discharge,বরখাস্ত / মুক্তি,,,Seine Entlassung aus der Firma kam überraschend.,,
entscheiden,,,verb,to decide,সিদ্ধান্ত নেওয়া / স্থির করা,entschieden,hat,"Das kann ich nicht allein entscheiden, da muss ich erst fragen.",,
Entscheidung,die,-en,noun,decision,সিদ্ধান্ত,,,Diese wichtige Entscheidung möchte ich zuerst mit meinem Mann besprechen.,,
entschlossen,,,adj,determined / resolute,দৃঢ়প্রতিজ্ঞ / সংকল্পবদ্ধ,,,"Ich bin fest entschlossen, diese Ausbildung fertigzumachen.",,
entschuldigen,,,verb,to excuse / apologize,ক্ষমা করা / মাফ চাওয়া,entschuldigt,hat,"Entschuldigen Sie bitte, dass ich Sie störe.",,
Entschuldigung,die,-en,noun,apology / excuse me,ক্ষমা / দুঃখিত,,,"Oh, Entschuldigung! – Macht nichts. Kein Problem.",,
entsorgen,,,verb,to dispose of,নিষ্পত্তি করা / ফেলা,entsorgt,hat,Wie kann ich meine alte Kaffeemaschine entsorgen?,,
entspannend,,,adj,relaxing,আরামদায়ক / শিথিলকর,,,Der Urlaub war sehr entspannend.,,
entstehen,,,verb,to arise / originate / be created,সৃষ্টি হওয়া / উৎপন্ন হওয়া,entstanden,ist,Hier entsteht ein neues Einkaufszentrum.,,
enttäuschen,,,verb,to disappoint,হতাশ করা / নিরাশ করা,enttäuscht,hat,Leider hat mich sein Verhalten enttäuscht.,,
Enttäuschung,die,-en,noun,disappointment,হতাশা / নিরাশা,,,Das Endspiel war eine große Enttäuschung.,,
entweder ... oder,,,conjunction,either ... or,হয় ... অথবা,,,"Nur einer kann gewinnen, entweder du oder ich.",,
entwickeln,,,verb,to develop,উন্নয়ন করা / বিকাশ করা,entwickelt,hat,Die Firma hat ein neues Produkt entwickelt.,,
Entwicklung,die,-en,noun,development,উন্নয়ন / বিকাশ,,,Genug Schlaf ist wichtig für die Entwicklung Ihres Kindes.,,
Erdapfel,der,¨-,noun,potato (Austria),আলু (অস্ট্রিয়া),,,Kann ich bitte noch Erdäpfel bekommen?,"A: Erdapfel, D: Kartoffel",
Erde,die,,noun,earth / ground / soil,পৃথিবী / মাটি,,,Die Pflanzen brauchen neue Erde.,,
Erdgeschoss,das,-e,noun,ground floor,নিচতলা / গ্রাউন্ড ফ্লোর,,,Unsere Wohnung befindet sich im Erdgeschoss.,,
Ereignis,das,-se,noun,event / occurrence,ঘটনা / ঘটনাবলী,,,Alle Zeitungen haben über diese Ereignisse berichtet.,,
erfahren,,,verb,to learn / find out / experience,জানা / অভিজ্ঞতা অর্জন করা,erfahren,hat,Wann erfahren wir das Ergebnis der Prüfung?,,
Erfahrung,die,-en,noun,experience,অভিজ্ঞতা,,,Ich habe zehn Jahre Erfahrung in diesem Beruf.,,
erfinden,,,verb,to invent,উদ্ভাবন করা,erfunden,hat,Das Rad wurde vor ca. 6000 Jahren erfunden.,,
Erfindung,die,-en,noun,invention,উদ্ভাবন,,,Die Erfindung des Buchdrucks war sehr wichtig.,,
Erfolg,der,-e,noun,success,সাফল্য,,,Der Film war ein großer Erfolg.,,
erfolgreich,,,adj,successful,সফল,,,Mein Großvater war ein erfolgreicher Geschäftsmann.,,
erforderlich,,,adj,required / necessary,প্রয়োজনীয় / আবশ্যক,,,"Es ist erforderlich, dass man den Pass persönlich abholt.",,
erfordern,,,verb,to require / demand,প্রয়োজন হওয়া / দাবি করা,erfordert,hat,Dieser Job erfordert viel Kraft.,,
erfüllen,,,verb,to fulfill / meet / grant,পূরণ করা / মঞ্জুর করা,erfüllt,hat,Sie müssen den Vertrag in allen Punkten erfüllen.,,
Ergebnis,das,-se,noun,result / outcome,ফলাফল / পরিণাম,,,Ein so gutes Ergebnis hat uns alle überrascht.,,
Ergeschoß,das,-e,noun,ground floor (Austria),নিচতলা (অস্ট্রিয়া),,,,,
ergänzen,,,verb,to complete / supplement,সম্পূর্ণ করা / সংযোজন করা,ergänzt,hat,Ergänzen Sie bitte die fehlenden Angaben.,,
erhalten,,,verb,to receive / get / preserve,পাওয়া / গ্রহণ করা,erhalten,hat,Ihr Schreiben vom 3. Januar haben wir erhalten.,,
Erholung,die,-en,noun,recovery / relaxation,আরোগ্য / বিশ্রাম,,,Ich habe zu viel gearbeitet. Jetzt brauche ich etwas Erholung.,,
erhöhen,,,verb,to increase / raise,বৃদ্ধি করা / বাড়ানো,erhöht,hat,Die Regierung wird sicher bald wieder die Steuern erhöhen.,,
Erhöhung,die,-en,noun,increase / raise,বৃদ্ধি / বৃদ্ধিকরণ,,,Wir streiken für eine Lohnerhöhung.,,
erinnern,,,verb,to remind / remember,মনে করিয়ে দেওয়া / স্মরণ করা,erinnert,hat,"Bitte, erinnern Sie mich noch einmal an den Termin.",,
Erinnerung,die,-en,noun,memory / reminder,স্মৃতি / স্মরণ,,,An diese Zeit habe ich viele schöne Erinnerungen.,,
erkennen,,,verb,to recognize / realize,চেনা / বুঝতে পারা,erkannt,hat,Ich habe Roberto gleich an seiner Stimme erkannt.,,
erklären,,,verb,to explain,ব্যাখ্যা করা / বোঝানো,erklärt,hat,"Kannst du mir erklären, wie man diesen Apparat bedient?",,
Erklärung,die,-en,noun,explanation / declaration,ব্যাখ্যা / ঘোষণা,,,Hast du schon die Steuererklärung gemacht?,,
erkältet,,,adj,having a cold,ঠান্ডা লেগেছে / সর্দিযুক্ত,,,Ich bin stark erkältet.,,
Erkältung,die,-en,noun,cold (illness),ঠান্ডা / সর্দি,,,Du hast eine schlimme Erkältung!,,
erlauben,,,verb,to allow / permit,অনুমতি দেওয়া,erlaubt,hat,Parken ist hier nicht erlaubt.,,
Erlaubnis,die,,noun,permission,অনুমতি,,,Sie hätten ihn vorher um Erlaubnis bitten müssen.,,
erleben,,,verb,to experience,অভিজ্ঞতা করা / অনুভব করা,erlebt,hat,In unserem Urlaub haben wir viel Schönes erlebt.,,
Erlebnis,das,-se,noun,experience / adventure,অভিজ্ঞতা / ঘটনা,,,Die Reise war ein tolles Erlebnis.,,
erledigen,,,verb,to handle / take care of,সম্পন্ন করা / মিটানো,erledigt,hat,Könntest du das für mich erledigen?,,
erleichtern,,,verb,to make easier / relieve,সহজ করা / স্বস্তি দেওয়া,erleichtert,hat,"Ich bin erleichtert, dass alles so gut geklappt hat.",,
Ermäßigung,die,-en,noun,discount / reduction,ছাড় / হ্রাসকৃত মূল্য,,,Es gibt eine Ermäßigung für Kinder und Senioren.,,
ernst,,,adj,serious / earnest,গুরুতর / গম্ভীর,,,Der starke Verkehr ist ein ernstes Problem.,,
ernsthaft,,,adj,serious / seriously,গুরুতরভাবে / আন্তরিকভাবে,,,"Ich überlege ernsthaft, ob ich in eine andere Stadt ziehen soll.",,
Ernte,die,-n,noun,harvest,ফসল / শস্য সংগ্রহ,,,Die Ernte ist dieses Jahr gut.,,
ernähren,,,verb,to nourish / feed,পুষ্টি জোগানো / খাওয়ানো,ernährt,hat,"Meine Eltern müssen beide arbeiten, um die Familie zu ernähren.",,
Ernährung,die,,noun,nutrition / diet,পুষ্টি / খাদ্যাভ্যাস,,,Ich finde eine gesunde Ernährung wichtig.,,
erreichen,,,verb,to reach / achieve,পৌঁছানো / অর্জন করা,erreicht,hat,"Wenn wir uns beeilen, erreichen wir noch den 8-Uhr-Zug.",,
Ersatz,der,,noun,replacement / substitute,প্রতিস্থাপন / বিকল্প,,,Sie bekommen von unserer Firma einen Ersatz für das kaputte Gerät.,,
erschrecken,,,verb,to frighten / be startled,ভয় পাওয়া / ভয় দেখানো,erschrocken,ist/hat,Du hast richtig krank ausgesehen. Ich war ganz erschrocken.,,
erschreckt,,,verb,,,,,,,
erschöpft,,,adj,exhausted,ক্লান্ত / অবসন্ন,,,Nach dem Sport bin ich immer sehr erschöpft.,,
ersetzen,,,verb,to replace,প্রতিস্থাপন করা / বদলানো,ersetzt,hat,Wir ersetzen Ihnen die Kosten.,,
erst,,,adv,first / only / not until,প্রথম / মাত্র /এইমাত্র,,,Sofia ist erst 20 Jahre alt.,,
erst-,,,adj,first,প্রথম,,,Ich war zum ersten Mal allein im Urlaub.,,
erstellen,,,verb,to create / compile,তৈরি করা / প্রস্তুত করা,erstellt,hat,Erstellen Sie bitte eine Liste mit allen Informationen.,,
erwachsen,,,adj,grown-up / adult,প্রাপ্তবয়স্ক / সাবালক,,,Die Kinder sind schon fast erwachsen.,,
Erwachsene,der,-n,noun,adult,প্রাপ্তবয়স্ক ব্যক্তি,,,"Erwachsene zahlen 5 Euro, für Kinder ist der Eintritt frei.",,
erwarten,,,verb,to expect / await,আশা করা / অপেক্ষা করা,erwartet,hat,Ich erwarte einen Anruf aus Berlin.,,
erziehen,,,verb,to raise / educate (children),লালন-পালন করা / শিক্ষিত করা,erzogen,hat,Kinder zu erziehen ist nicht leicht.,,
Erziehung,die,,noun,upbringing / education,লালন-পালন / শিক্ষা,,,Heute kümmern sich auch viele Väter um die Erziehung der Kinder.,,
erzählen,,,verb,to tell / narrate,বলা / গল্প বলা,erzählt,hat,Mein Mann hat mir schon viel von Ihnen erzählt.,,
Erzählung,die,-en,noun,story / tale / narrative,গল্প / কাহিনী,,,Diese Erzählung ist sehr berühmt. Du musst sie lesen.,,
eröffnen,,,verb,to open / inaugurate,খোলা / উদ্বোধন করা,eröffnet,hat,Mein Nachbar hat letzten Monat ein Geschäft eröffnet.,,
Eröffnung,die,-en,noun,opening / inauguration,উদ্বোধন / খোলা,,,Die Eröffnung der neuen Oper ist am 1. Juni.,,
Essen,das,-,noun,food / meal,খাবার / খাদ্য,,,Darf ich Sie zum Essen einladen?,,
Essig,der,,noun,vinegar,ভিনেগার / সিরকা,,,Am Salat fehlt noch etwas Essig.,,
Etage,die,-n,noun,floor / storey,তলা / ফ্লোর,,,"Das Büro ist in der 3. Etage, Zimmer 305.","D/CH: Etage, A: Stock",
etwa,,,adv,approximately / about / perhaps,প্রায় / আনুমানিক,,,Von hier sind es etwa zwanzig Kilometer.,,
etwas,,,pronoun,something / some / a little,কিছু / একটু,,,Ich muss dir etwas erzählen.,,
eventuell,,,adj,possible / possibly / maybe,সম্ভবত / হতে পারে,,,Ich komme eventuell etwas später.,,
ewig,,,adj,eternal / forever,চিরন্তন / অনন্তকাল,,,Ich warte schon ewig auf mein neues Auto!,,
Experte,der,-n,noun,expert (male),বিশেষজ্ঞ (পুরুষ),,,Ich bin kein Experte.,,
Expertin,die,-nen,noun,expert (female),বিশেষজ্ঞ (মহিলা),,,Meine Kollegin ist Expertin für Computer.,,
Export,der,-e,noun,export,রপ্তানি / এক্সপোর্ট,,,"Hier ist die Firma Schulz, Import und Export.",,
extra,,,adj,extra / special / on purpose,অতিরিক্ত / ইচ্ছাকৃতভাবে,,,Die Getränke kosten extra.,,
extrem,,,adj,extreme / extremely,চরম / অত্যন্ত,,,Die Prüfung war extrem schwer.,,
Fabrik,die,-en,noun,factory,কারখানা / ফ্যাক্টরি,,,Ich arbeite in einer Autofabrik.,,
Fach,das,¨-er,noun,compartment / subject / field,বগি / বিষয় / ক্ষেত্র,,,Die Handtücher sind im obersten Fach links.,,
Fachfrau,die,-en,noun,specialist / expert (female),বিশেষজ্ঞ (মহিলা),,,,,
Fachleute,,,noun,specialists / experts (pl.),বিশেষজ্ঞরা (বহুবচন),,,Die suchen Fachleute für dieses Computerprogramm.,,
Fachmann,der,Fachleute,noun,specialist / expert (male),বিশেষজ্ঞ (পুরুষ),,,Meine Schwester ist Computerfachfrau.,,
Fahrbahn,die,-en,noun,roadway / lane,রাস্তা / গাড়ির পথ,,,Fahren Sie bitte vorsichtig. Es sind Kühe auf der Fahrbahn.,,
fahren,,,verb,to drive / go / travel,চালানো / যাওয়া / ভ্রমণ করা,gefahren,ist/hat,Wir sind mit dem Zug gefahren.,,
Fahrer,der,-,noun,driver (male),চালক (পুরুষ),,,Während der Fahrt bitte nicht mit dem Fahrer sprechen!,,
Fahrerin,die,-nen,noun,driver (female),চালক (মহিলা),,,Die Fahrerin des Wagens wurde nicht verletzt.,,
Fahrkarte,die,-n,noun,ticket (for travel),টিকিট (ভ্রমণের),,,Fahrkarten können Sie am Schalter kaufen.,"D: Fahrkarte, CH: Billett",
Fahrplan,der,¨-e,noun,schedule / timetable,সময়সূচী / সময়তালিকা,,,Der Fahrplan hat sich geändert.,,
Fahrrad,das,¨-er,noun,bicycle / bike,সাইকেল / বাইসাইকেল,,,Sie fährt jeden Morgen mit dem Fahrrad zur Arbeit.,"D/A: Fahrrad/Rad, CH: Velo",
Fahrzeug,das,-e,noun,vehicle,যানবাহন / গাড়ি,,,Wem gehört das Fahrzeug?,,
fair,,,adj,fair / just,ন্যায্য / সুষ্ঠু,,,"Ich finde, unsere Mannschaft hat sehr fair gespielt.",,
Faktor,der,-en,noun,factor,গুণক / ফ্যাক্টর,,,Die Creme hat einen hohen Sonnenschutzfaktor.,,
Fall,der,¨-e,noun,case / fall / situation,ক্ষেত্র / ঘটনা / অবস্থা,,,Was würden Sie in diesem Fall tun?,,
fallen,,,verb,to fall / drop,পড়ে যাওয়া / পতিত হওয়া,gefallen,ist,Das Glas ist auf den Boden gefallen.,,
falls,,,conjunction,if / in case,যদি / ক্ষেত্রে,,,"Falls es regnet, machen wir kein Picknick.",,
falsch,,,adj,wrong / false / incorrect,ভুল / মিথ্যা / ত্রুটিপূর্ণ,,,"Tut mir leid, ich habe die falsche Nummer gewählt.",,
Familie,die,-n,noun,family,পরিবার,,,Ich habe eine große Familie.,,
Familienname,der,-n,noun,surname / family name,পদবি / পরিবারের নাম,,,Mein Familienname ist Müller.,,
Familienstand,der,,noun,marital status,বৈবাহিক অবস্থা,,,"Bei ""Familienstand"" musst du ""ledig"" ankreuzen.","D/A: Familienstand, CH: Zivilstand",
fangen,,,verb,to catch,ধরা / পাকড়াও করা,gefangen,hat,Das Kind hat den Ball gefangen.,,
Fantasie,die,-n,noun,imagination/fantasy,কল্পনা,,,Kinder haben viel Fantasie.,,
fantastisch,,,adj,fantastic / wonderful,চমৎকার / অসাধারণ,,,Die Aussicht ist fantastisch!,,
Farbe,die,-n,noun,color / paint,রঙ / রং,,,Welche Farbe magst du am liebsten?,,
farbig,,,adj,colored / colorful,রঙিন,,,"Ich brauche kein weißes, sondern farbiges Papier.",,
Faschierte,das,,noun,ground meat (Austria),মাংসের কিমা (অস্ট্রিয়া),,,Geben Sie mir bitte 500 g Faschiertes.,"A: Faschiertes, D/CH: Hackfleisch",
Fasching,der,-,noun,carnival (Germany/Austria),কার্নিভাল (জার্মানি/অস্ট্রিয়া),,,Dort hängt mein Kostüm für den Faschings(um)zug.,"D/A: Fasching/Karneval, CH: Fasnacht",
Fasnacht,die,,noun,carnival (Switzerland),কার্নিভাল (সুইজারল্যান্ড),,,Dort hängt mein Kostüm für den Fasnachtsumzug.,"CH: Fasnacht, D/A: Fasching/Karneval",
fassen,,,verb,to grasp / seize / catch,ধরা / বোঝা / গ্রহণ করা,gefasst,hat,Sie haben den Dieb gefasst.,,
fast,,,adv,almost / nearly,প্রায় / প্রায়ই,,,Das Konzert ist fast zu Ende.,,
faul,,,adj,lazy / rotten,অলস / পচা,,,Mein Sohn war am Anfang in der Schule sehr faul.,,
faulenzen,,,verb,to laze around / be idle,অলস সময় কাটানো / আরাম করা,gefaulenzt,hat,Am Wochenende können wir faulenzen.,,
Fauteuil,der,-s,noun,armchair (Austria/Switzerland),আরামকেদারা (অস্ট্রিয়া/সুইজারল্যান্ড),,,Ich hätte gern einen bequemen Fauteuil.,"A/CH: Fauteuil, D/CH: Sessel",
fehlen,,,verb,to be missing / absent / lacking,অনুপস্থিত থাকা / অভাব হওয়া,gefehlt,hat,Auf dem Brief fehlt der Absender.,,
Fehler,der,-,noun,mistake / error / fault,ভুল / ত্রুটি,,,"Ich glaube, da haben Sie einen Fehler gemacht.",,
Feier,die,-n,noun,celebration / party,উদযাপন / অনুষ্ঠান,,,Es war eine schöne Feier.,,
Feierabend,der,,noun,end of work / closing time,কাজ শেষ / ছুটির সময়,,,Einen schönen Feierabend.,,
feiern,,,verb,to celebrate,উদযাপন করা,gefeiert,hat,Wir haben gestern Karls Geburtstag gefeiert.,,
Feiertag,der,-e,noun,holiday / public holiday,ছুটির দিন / উৎসবের দিন,,,Am Montag ist Feiertag.,,
Feld,das,-er,noun,field,ক্ষেত্র / মাঠ,,,Auf diesem Feld wächst Gemüse.,,
Fenster,das,-,noun,window,জানালা,,,Darf ich einen Moment das Fenster aufmachen?,,
fentlicht,,,verb,,,,,,,
Ferien,die,,noun,holidays / vacation (pl.),ছুটি / অবকাশ,,,Ich habe noch drei Tage Ferien.,"CH: Ferien, D/A: Urlaub",
Fernbedienung,die,-en,noun,remote control,রিমোট কন্ট্রোল,,,Hast du die Fernbedienung gesehen?,,
Fernsehen,das,,noun,television / TV,টেলিভিশন / টিভি,,,Was gibt es heute Abend im Fernsehen?,,
Fernseher,der,-,noun,TV set,টেলিভিশন সেট,,,Der Fernseher ist schon wieder kaputt.,,
fertig,,,adj,ready / finished / done,প্রস্তুত / শেষ,,,Das Essen ist gleich fertig.,,
Fest,das,-e,noun,party / celebration / festival,উৎসব / পার্টি,,,"Wenn ich 18 werde, feiern wir ein großes Fest.",,
festhalten,,,verb,to hold on / to record,ধরে রাখা / লিপিবদ্ধ করা,festgehalten,hat,Halt dich gut fest.,,
festlegen,,,verb,to determine / set / fix,নির্ধারণ করা / স্থির করা,festgelegt,hat,Ich möchte mich noch nicht festlegen.,,
festnehmen,,,verb,to arrest,গ্রেপ্তার করা,festgenommen,hat,Die Polizei hat einen Mann festgenommen.,,
Festplatte,die,-n,noun,hard drive,হার্ড ড্রাইভ,,,Mein Computer hat eine große Festplatte.,,
festsetzen,,,verb,to set / fix / determine,নির্ধারণ করা / ধার্য করা,festgesetzt,hat,Die Schule hat den Termin für die Prüfung festgesetzt.,,
feststehen,,,verb,to be fixed / certain,স্থির থাকা / নিশ্চিত থাকা,festgestanden,ist,Der Termin steht seit Langem fest.,,
feststellen,,,verb,to determine / ascertain / notice,নির্ণয় করা / লক্ষ্য করা,festgestellt,hat,"Er hat festgestellt, dass der Absender des Briefes falsch war.",,
Fett,das,,noun,fat / grease,চর্বি / তেল,,,Man soll nicht so viel Fett essen.,,
feucht,,,adj,damp / moist / humid,স্যাঁতসেঁতে / ভেজা,,,Die Wäsche ist noch feucht.,,
Feuer,das,,noun,fire / lighter,আগুন / লাইটার,,,Der Schaden durch das Feuer war sehr groß.,,
Feuerwehr,die,-en,noun,fire department,ফায়ার সার্ভিস / দমকল,,,Schnell! Rufen Sie die Feuerwehr! Die Nummer ist: 112.,,
Feuerzeug,das,-e,noun,lighter (cigarette),লাইটার (সিগারেট),,,Ist das Feuerzeug neu?,,
Fieber,das,,noun,fever / temperature,জ্বর,,,Plötzlich habe ich hohes Fieber bekommen.,,
Figur,die,-en,noun,figure / shape / character,আকৃতি / চরিত্র / মূর্তি,,,Lars hat eine gute Figur.,,
Film,der,-e,noun,film / movie,চলচ্চিত্র / ফিল্ম,,,Den Film musst du dir unbedingt ansehen.,,
finanziell,,,adj,financial / financially,আর্থিক,,,Finanziell geht es meinem Neffen jetzt besser.,,
finanzieren,,,verb,to finance / fund,অর্থায়ন করা,finanziert,hat,"Ich weiß nicht, wie ich das Auto finanzieren soll.",,
finden,,,verb,to find / think,খুঁজে পাওয়া / মনে করা,gefunden,hat,Meine Tante hat eine gute Arbeit gefunden.,,
Finger,der,-,noun,finger,আঙুল / আঙ্গুল,,,Alessandro hat sich in den Finger geschnitten.,,
Firma,die,Firmen,noun,company / firm,কোম্পানি / প্রতিষ্ঠান,,,Seit wann arbeiten Sie bei dieser Firma?,,
flach,,,adj,flat / shallow,সমতল / অগভীর,,,Für die Arbeit brauche ich flache Schuhe.,,
Flasche,die,-n,noun,bottle,বোতল,,,Eine Flasche Bier bitte.,,
Fleck,der,-en,noun,stain / spot,দাগ / ছোপ,,,Du hast einen Fleck auf der Bluse.,,
Fleisch,das,,noun,meat / flesh,মাংস / গোশত,,,Fleisch mag ich nicht.,,
Fleischhauer,der,-,noun,"butcher (male, Austria)","কসাই (পুরুষ, অস্ট্রিয়া)",,,Dieser Fleischhauer macht sehr gute Wurst.,"A: Fleischhauer, D: Metzger",
Fleischhauerin,die,-nen,noun,"butcher (female, Austria)","কসাই (মহিলা, অস্ট্রিয়া)",,,,,
fleißig,,,adj,diligent / hardworking,পরিশ্রমী / অধ্যবসায়ী,,,Pamela ist wirklich fleißig. Sie macht immer ihre Hausaufgaben.,,
flexibel,,,adj,flexible,নমনীয় / ফ্লেক্সিবল,,,Meine Arbeitszeit ist flexibel.,,
fliegen,,,verb,to fly,উড়া / উড়ে যাওয়া,geflogen,ist,Der Vogel ist auf einen Baum geflogen.,,
fliehen,,,verb,to flee / escape,পালানো / পলায়ন করা,geflohen,ist,Der Einbrecher ist sofort geflohen.,,
fließen,,,verb,to flow / run,প্রবাহিত হওয়া / বয়ে যাওয়া,geflossen,ist,Dieser Fluss fließt in die Nordsee.,,
fließend,,,adj,flowing / fluent,প্রবাহমান / সাবলীল,,,Mein Kollege spricht fließend Deutsch.,,
Flohmarkt,der,¨-e,noun,flea market,ফ্লি মার্কেট / পুরনো জিনিসের বাজার,,,Diesen Hut habe ich am Flohmarkt gekauft.,,
Flucht,die,,noun,escape / flight,পলায়ন / পালানো,,,Der Einbrecher war schon auf der Flucht.,,
Flug,der,¨-e,noun,flight,উড়ান / ফ্লাইট,,,Ich habe den Flug für Sie gebucht.,,
Flughafen,der,¨-,noun,airport,বিমানবন্দর / এয়ারপোর্ট,,,Der Flughafen liegt 30 km außerhalb der Stadt.,,
Flugzeug,das,-e,noun,airplane / aircraft,বিমান / উড়োজাহাজ,,,Das Flugzeug ist gerade gelandet.,,
Flur,der,-e,noun,hallway / corridor,করিডোর / বারান্দা,,,Wir warten draußen im Flur.,,
Fluss,der,¨-e,noun,river,নদী,,,Wie heißt dieser Fluss?,,
Fläche,die,-n,noun,area / surface,ক্ষেত্রফল / পৃষ্ঠতল,,,Unsere Wohnung hat eine Wohnfläche von 100 m².,,
Flöte,die,-n,noun,flute,বাঁশি / বাঁশরী,,,Sie spielt sehr schön Flöte.,,
Flüssigkeit,die,-en,noun,liquid / fluid,তরল / তরল পদার্থ,,,Dieses Medikament mit viel Flüssigkeit einnehmen.,,
Folge,die,-n,noun,consequence / episode,পরিণাম / ফলাফল / পর্ব,,,Die Folgen des Unfalls waren schlimm.,,
folgen,,,verb,to follow,অনুসরণ করা / অনুসরণে চলা,gefolgt,ist,Es folgen die Nachrichten.,,
folgend,,,adj,following,নিম্নলিখিত / পরবর্তী,,,Mehr Informationen auf den folgenden Seiten.,,
fordern,,,verb,to demand / require,দাবি করা / চাওয়া,gefordert,hat,Die Arbeitnehmer fordern mehr Geld.,,
Forderung,die,-en,noun,demand / claim,দাবি,,,Alle Forderungen der Arbeitnehmer kann man in dieser E-Mail lesen.,,
Form,die,-en,noun,form / shape / mold,আকৃতি / রূপ / ছাঁচ,,,Diese Schuhe haben eine schöne Form.,,
Formular,das,-e,noun,form (document),ফর্ম / ফরম,,,Füllen Sie bitte dieses Formular aus.,,
Forschung,die,-en,noun,research,গবেষণা,,,Er arbeitet in der Forschung.,,
Fortbildung,die,-en,noun,further education / training,উচ্চতর প্রশিক্ষণ / আরও শিক্ষা,,,"Die Fortbildung, die ich machen will, ist sehr teuer.",,
Fortschritt,der,-e,noun,progress / advancement,অগ্রগতি / উন্নতি,,,Ich habe beim Deutschlernen große Fortschritte gemacht.,,
fortsetzen,,,verb,to continue / resume,চালিয়ে যাওয়া / আবার শুরু করা,fortgesetzt,hat,Wir setzen die Behandlung am nächsten Donnerstag um 11 Uhr fort.,,
Fortsetzung,die,-en,noun,continuation / sequel,ধারাবাহিকতা / পরবর্তী অংশ,,,Fortsetzung folgt.,,
Forum,das,Foren,noun,forum (internet forum),ফোরাম (ইন্টারনেট ফোরাম),,,Ich melde mich heute bei diesem Forum an.,,
Foto,das,-s,noun,,,,,,,
Fotoapparat,der,-e,noun,,,,,,,
Fotograf,der,-en,noun,,,,,,,
Fotografie,die,-n,noun,,,,,,,
fotografieren,,,verb,to photograph / take pictures,ছবি তোলা / ফটোগ্রাফ করা,fotografiert,hat,Ich fotografiere gern.,,
Frage,die,-n,noun,,,,,,,
Frau,die,-en,noun,,,,,,,
frech,,,,,,,,,,
frei,,,,,,,,,,
Freiheit,die,,noun,,,,,,,
freiwillig,,,adj,,,,,,,
Freizeit,die,,noun,,,,,Füllen Sie bitte dieses Formular aus.,,
fremd,,,,,,,,,,
Fremdsprache,die,-n,noun,foreign language,বিদেশি ভাষা,,,Ich spreche drei Fremdsprachen.,,
Freude,die,,noun,,,,,,,
Freund,der,-e,noun,,,,,,,
freundlich,,,adj,,,,,,,
Freundschaft,die,-en,noun,,,,,,,
frisch,,,adj,,,,,,,
Friseur,der,-e,noun,,,,,,,
Friseurin,die,-nen,noun,,,,,,,
Frist,die,-en,noun,,,,,,,
Frisur,die,-en,noun,,,,,,,
froh,,,,,,,,,,
Frucht,die,¨-e,noun,,,,,,,
fröhlich,,,adj,,,,,,,
früh,,,,,,,,Ich reise gern in fremde Länder.,,
Frühstück,das,,noun,,,,,,,
frühstücken,,,verb,,,,,,,
Fundbüro,das,-s,noun,,,,,,,
furchtbar,,,adj,,,,,,,
Fuß,der,¨-e,noun,,,,,,,
Fußball,der,¨-e,noun,,,,,,,
Fußgänger,der,-,noun,,,,,,,
Fußgängerin,die,-nen,noun,,,,,,,
Fußgängerzone,die,-n,noun,,,,,,,
Fähigkeit,die,-en,noun,ability / skill / capability,ক্ষমতা / দক্ষতা,,,"In seiner Position braucht man die Fähigkeit, andere zu überzeugen.",,
Fähre,die,-n,noun,ferry,ফেরি / খেয়া,,,Wir nehmen die Fähre über den Bodensee.,,
fällig,,,adj,due / payable,দেয় / পরিশোধযোগ্য,,,Die Rechnung ist Ende des Monats fällig.,,
fördern,,,verb,to promote / support / foster,উন্নীত করা / সমর্থন করা,gefördert,hat,Die Stadt fördert viele Sportprojekte.,,
Förderung,die,-en,noun,promotion / support / funding,উন্নয়ন / সহায়তা / অর্থায়ন,,,Für das Projekt bekommen wir eine Förderung von der Stadt.,,
Führerausweis,der,-e,noun,,,,,,,
Führerschein,der,-e,noun,,,,,,,
Führung,die,-en,noun,,,,,,,
für,,,,,,,,Wir sind eine halbe Stunde zu früh,,
Gabel,die,-n,noun,fork,কাঁটা / ফর্ক,,,Wir brauchen bitte noch eine Gabel.,,
Galerie,die,-n,noun,gallery,গ্যালারি / চিত্রশালা,,,Diese Galerie ist sehr interessant.,,
Gang,der,¨-e,noun,corridor / gear / course (meal),করিডোর / গিয়ার / খাবারের পদ,,,Wir warten draußen im Gang.,D/CH: Korridor; D: Flur,
ganz,,,adj,whole / entire / quite / completely,সম্পূর্ণ / পুরো / একদম,,,Ich habe den ganzen Tag noch nichts gegessen.,,
gar,,,adj,cooked / done / at all,রান্না করা / একেবারেই,,,Die Kartoffeln sind noch nicht gar.,,
Garage,die,-n,noun,garage,গ্যারেজ,,,Hier ist eine Garage zu vermieten.,,
Garantie,die,-n,noun,guarantee / warranty,গ্যারান্টি / জামিন,,,Auf die Waschmaschine haben Sie ein Jahr Garantie.,,
garantieren,,,verb,to guarantee,গ্যারান্টি দেওয়া / নিশ্চিত করা,garantiert,hat,"Ich kann Ihnen nicht garantieren, dass das Gerät nächste Woche fertig ist.",,
Garderobe,die,-n,noun,wardrobe / cloakroom,পোশাক রাখার জায়গা / cloakroom,,,Die Mäntel bitte an der Garderobe abgeben.,,
Garten,der,¨-,noun,garden,বাগান / উদ্যান,,,Wir haben einen schönen großen Garten.,,
Gas,das,,noun,gas,গ্যাস,,,Wir kochen mit Gas.,,
Gast,der,¨-e,noun,guest,অতিথি / মেহমান,,,Wir haben heute Abend Gäste.,,
Gasthaus,das,¨-er,noun,inn / guesthouse (Austria),সরাইখানা / গেস্টহাউস (অস্ট্রিয়া),,,Gehen wir noch in ein Gasthaus ein Bier trinken?,A: Gasthaus,
Gaststätte,die,-n,noun,restaurant / eatery (Germany),রেস্তোরাঁ (জার্মানি),,,Ich arbeite seit einem Monat in einer Gaststätte.,D: Gaststätte,
geben,,,verb,to give / there is/are,দেওয়া / আছে,gegeben,hat,Geben Sie mir bitte eine Quittung!,,
Gebiet,das,-e,noun,area / region / field,অঞ্চল / ক্ষেত্র,,,In diesem Gebiet gibt es kaum Industrie.,,
Gebirge,das,-,noun,mountains / mountain range,পর্বতমালা / পাহাড়,,,Wir haben unseren Urlaub im Gebirge verbracht.,,
geboren werden,,,verb,to be born,জন্মগ্রহণ করা,geboren geworden,ist,Wann und wo sind Sie geboren?,,
gebrauchen,,,verb,to use / need,ব্যবহার করা / প্রয়োজন হওয়া,gebraucht,hat,Wir können diese Möbel gut gebrauchen.,,
Gebrauchsanweisung,die,-en,noun,instructions for use,ব্যবহারবিধি,,,Lesen Sie bitte zuerst die Gebrauchsanweisung.,,
Geburt,die,-en,noun,birth,জন্ম,,,Wir gratulieren zur Geburt eures Kindes!,,
Geburtstag,der,-e,noun,birthday,জন্মদিন,,,Herzlichen Glückwunsch zum Geburtstag!,,
Gebäck,das,,noun,pastries / baked goods,বিস্কুট / পেস্ট্রি,,,Das Gebäck ist ganz frisch.,,
Gebäude,das,-,noun,building,ভবন / ইমারত,,,In diesem Gebäude sind nur Büros.,,
Gebühr,die,-en,noun,fee / charge,ফি / মূল্য,,,Die Gebühr liegt bei 60 Euro.,,
Gedanke,der,-n,noun,thought / idea,চিন্তা / ধারণা,,,Ich muss zuerst meine Gedanken sammeln.,,
Gedicht,das,-e,noun,poem,কবিতা,,,Kennst du ein schönes Gedicht?,,
Geduld,die,,noun,patience,ধৈর্য,,,Bitte haben Sie etwas Geduld.,,
Gefahr,die,-en,noun,danger,বিপদ / ঝুঁকি,,,Betreten der Baustelle auf eigene Gefahr.,,
gefallen,,,verb,to please / like,পছন্দ হওয়া / ভালো লাগা,gefallen,hat,Wie gefällt es Ihnen hier?,,
gefährlich,,,adj,dangerous,বিপজ্জনক,,,"Achtung, hier ist eine gefährliche Kurve!",,
Gefängnis,das,-se,noun,prison / jail,কারাগার / জেল,,,Er wurde zu fünf Jahren Gefängnis verurteilt.,,
Gefühl,das,-e,noun,feeling,অনুভূতি,,,"Ich glaube, ich schaffe die Prüfung. Ich habe ein gutes Gefühl.",,
Gegend,die,-en,noun,area / region / neighborhood,অঞ্চল / এলাকা,,,Der Schwarzwald ist eine sehr schöne Gegend.,,
Gegensatz,der,¨-e,noun,contrast / opposite,বিপরীত / বৈপরীত্য,,,Diese beiden Meinungen stehen in starkem Gegensatz zueinander.,,
Gegenstand,der,¨-e,noun,object / item,বস্তু / জিনিস,,,Ich schließe meine persönlichen Gegenstände im Schwimmbad lieber in ein Fach ein.,,
Gegenteil,das,-e,noun,opposite,বিপরীত,,,Das Gegenteil von 'klein' ist 'groß'.,,
gegenüber,,,preposition,opposite / across from / towards,সামনে / বিপরীতে / প্রতি,,,Das Geschäft liegt direkt gegenüber der Post.,,
Gegner,der,-,noun,opponent / adversary (male),প্রতিপক্ষ (পুরুষ),,,Die Mannschaft aus Frankreich war ein sehr starker Gegner.,,
Gehalt,das,¨-er,noun,salary,বেতন / মাইনে,,,Ich bin mit meinem Gehalt zufrieden.,,
geheim,,,adj,secret / confidential,গোপন,,,Das ist geheim. Du darfst es niemandem sagen.,,
Geheimnis,das,-se,noun,secret,গোপনীয়তা / রহস্য,,,Das kann ich dir nicht sagen. Das ist ein Geheimnis.,,
gehen,,,verb,to go / walk / work / be possible,যাওয়া / চলা / কাজ করা,gegangen,ist,Ich gehe jeden Morgen zu Fuß zur Arbeit.,,
Gehsteig,der,-e,noun,sidewalk / pavement (Germany/Austria),ফুটপাথ (জার্মানি/অস্ট্রিয়া),,,Das Fahrradfahren auf dem Gehsteig ist nicht erlaubt.,"D/A: Gehsteig, CH: Trottoir",
gehören,,,verb,to belong to,অধিকারী হওয়া / মালিকানাধীন,gehört,hat,Gehört Ihnen das Haus?,,
Geld,das,,noun,money,টাকা / অর্থ,,,Ich habe nicht genug Geld dabei.,,
Geldautomat,der,-en,noun,ATM (Germany),এটিএম / টাকা তোলার মেশিন (জার্মানি),,,Ich hole noch Geld vom Geldautomaten.,"D: Geldautomat, A/CH: Bankomat/Bancomat",
Geldbörse,die,-n,noun,wallet / purse (Austria),মানিব্যাগ / ওয়ালেট (অস্ট্রিয়া),,,Ich habe nur Kleingeld in meiner Geldbörse.,"A: Geldbörse, D/CH: Portemonnaie",
Gelegenheit,die,-en,noun,opportunity / occasion,সুযোগ,,,"Das Fest ist eine gute Gelegenheit, unsere Freunde zu sehen.",,
gelingen,,,verb,to succeed / be successful,সফল হওয়া / কৃতকার্য হওয়া,gelungen,ist,"Es ist mir gelungen, meinen Chef zu überzeugen.",,
gelten,,,verb,to be valid / apply / count as,বৈধ হওয়া / প্রযোজ্য হওয়া,gegolten,hat,Mein Pass gilt noch ein Jahr.,,
gemeinsam,,,adj,together / common / joint,একসঙ্গে / যৌথ,,,Du musst die Wohnung renovieren? Ich helfe dir. Wir können das gemeinsam machen.,,
Gemeinschaft,die,-en,noun,community / group,সম্প্রদায় / গোষ্ঠী,,,Rauchen ist in den Gemeinschaftsräumen nicht erlaubt.,,
Gemüse,das,,noun,vegetables,সবজি / তরকারি,,,Wir kaufen das Gemüse direkt beim Bauern.,,
gemütlich,,,adj,cozy / comfortable / pleasant,আরামদায়ক / আরামপ্রদ,,,Wir haben eine sehr gemütliche Wohnung.,,
genau,,,adj,exact / precise / exactly,ঠিক / সঠিক / নির্ভুল,,,Haben Sie die genaue Zeit?,,
genauso,,,adv,just as / exactly the same,ঠিক তেমনই / একইরকম,,,Katarina sieht genauso aus wie ihre Schwester.,,
Generation,die,-en,noun,generation,প্রজন্ম,,,In diesem Haus wohnen drei Generationen zusammen.,,
genießen,,,verb,to enjoy / savor,উপভোগ করা / আস্বাদন করা,genossen,hat,"Er kann das Essen leider nicht genießen, weil es zu scharf ist.",,
genug,,,adv,enough / sufficiently,যথেষ্ট / পর্যাপ্ত,,,Es ist noch genug Suppe da.,,
genügen,,,verb,to suffice / be enough,যথেষ্ট হওয়া,genügt,hat,Wie viele Zimmer brauchen Sie? – Mir genügt eine 2-Zimmer-Wohnung.,,
Gepäck,das,,noun,luggage / baggage,লাগেজ / মালপত্র,,,Ich habe mein Gepäck am Bahnhof gelassen.,,
gerade,,,adv,straight / just / at the moment,সোজা / এইমাত্র / এখনই,,,Das Bild hängt nicht gerade.,,
geradeaus,,,adv,straight ahead,সোজা সামনে,,,Fahren Sie geradeaus bis zur nächsten Kreuzung.,,
Gericht,das,-e,noun,court / dish (food),আদালত / খাবারের পদ,,,Ich habe heute Vormittag einen Termin beim Gericht.,,
gering,,,adj,low / small / little,কম / সামান্য / অল্প,,,Unsere Mannschaft hatte nur eine geringe Chance.,,
gern/gerne,,,adv,gladly / with pleasure,আনন্দের সাথে / সানন্দে,,,Ich helfe Ihnen gern.,,
Gerät,das,-e,noun,device / appliance / equipment,যন্ত্র / ডিভাইস,,,Ich kaufe meine Elektrogeräte immer gebraucht. Das ist viel billiger.,,
gesamt-/Gesamt-,,,prefix,total / overall / entire,মোট / সম্পূর্ণ,,,Ich habe meine gesamten Bücher verschenkt.,,
geschehen,,,verb,to happen / occur,ঘটা / ঘটে যাওয়া,geschehen,ist,Vielen Dank für Ihre Hilfe. – Gern geschehen.,,
Geschenk,das,-e,noun,gift / present,উপহার,,,Vielen Dank für das Geschenk.,,
Geschichte,die,-n,noun,history / story,ইতিহাস / গল্প,,,Ich interessiere mich nicht für Geschichte.,,
Geschirr,das,,noun,dishes / crockery,বাসন / থালাবাসন,,,Für die Geburtstagsfeier brauche ich Geschirr für zwölf Personen.,,
Geschlecht,das,-er,noun,gender / sex,লিঙ্গ,,,Bitte kreuzen Sie an: 'Geschlecht: weiblich/männlich'.,,
Geschmack,der,,noun,taste / flavor,স্বাদ / রুচি,,,Ich möchte bitte Kaugummi mit Erdbeergeschmack.,,
Geschwindigkeit,die,-en,noun,speed / velocity,গতি / দ্রুতি,,,Das Auto fuhr mit zu hoher Geschwindigkeit.,,
Geschwindigkeits-,die,,noun,,,,,Geschwindigkeitsbeschränkungen.,,
Geschwindigkeitsbeschränkung,die,-en,noun,speed limit,গতিসীমা,,,Bitte beachten Sie die Geschwindigkeitsbeschränkungen.,,
Geschwister,,,noun,siblings (pl.),ভাই-বোন,,,Die Geschwister sehen sich nur selten.,,
Geschäft,das,-e,noun,shop / store / business,দোকান / ব্যবসা,,,Die Geschäfte schließen um 18.30 Uhr.,,
Gesellschaft,die,-en,noun,society / company / corporation,সমাজ / সঙ্গ / কোম্পানি,,,Er will die Gesellschaft verändern.,,
Gesetz,das,-e,noun,law,আইন / বিধান,,,Das Parlament hat ein neues Gesetz beschlossen.,,
Gesicht,das,-er,noun,face,মুখ / চেহারা,,,Wasch dir bitte das Gesicht.,,
Gespräch,das,-e,noun,conversation / phone call,কথোপকথন / ফোনকল,,,Herr Müller ist gerade in einem Gespräch.,,
gestern,,,adv,yesterday,গতকাল,,,Ich bin erst gestern zurückgekommen.,,
gesund,,,adj,healthy,সুস্থ / স্বাস্থ্যকর,,,Ich hatte Grippe. Jetzt bin ich wieder gesund.,,
Gesundheit,die,,noun,health / bless you!,স্বাস্থ্য / সুস্থতা,,,Sie müssen mehr auf Ihre Gesundheit achten.,,
Getränk,das,-e,noun,drink / beverage,পানীয় / ড্রিংকস,,,Besorgst du bitte die Getränke?,,
Gewalt,die,-en,noun,violence / force / power,হিংসা / বলপ্রয়োগ,,,"Ich mag keine Filme, in denen Gewalt vorkommt.",,
Gewerkschaft,die,-en,noun,labor union / trade union,শ্রমিক ইউনিয়ন / ট্রেড ইউনিয়ন,,,Die Gewerkschaft vertritt die Interessen der Arbeitnehmer.,,
Gewicht,das,-e,noun,weight,ওজন / ভার,,,Wie teuer ist das Päckchen? – Das hängt vom Gewicht ab.,,
Gewinn,der,-e,noun,profit / prize / winnings,লাভ / পুরস্কার,,,Ich habe bei einem Ratespiel mitgemacht. Der Hauptgewinn ist ein Auto.,,
gewinnen,,,verb,to win,জেতা / জয় করা,gewonnen,hat,Ich möchte so gern einmal im Lotto gewinnen.,,
Gewissen,das,,noun,conscience,বিবেক / অন্তরাত্মা,,,Ich habe deinen Geburtstag vergessen. Ich habe ein ganz schlechtes Gewissen.,,
Gewitter,das,-,noun,thunderstorm,বজ্রঝড়,,,Es wird gleich ein Gewitter geben.,,
Gewohnheit,die,-en,noun,habit / custom,অভ্যাস / রীতি,,,"Er hat die Gewohnheit, morgens zuerst die Post zu erledigen.",,
gewöhnen,,,verb,to get used to / accustom,অভ্যস্ত হওয়া / অভ্যস্ত করা,gewöhnt,hat,Wir haben uns an das Leben hier gewöhnt.,,
gewöhnlich,,,adj,usual / ordinary / normally,সাধারণত / সাধারণ,,,Um die Zeit ist er gewöhnlich zu Hause.,,
Gewürz,das,-e,noun,spice / seasoning,মসলা,,,Von den scharfen Gewürzen bekommt man Durst.,,
gießen,,,verb,to pour / water (plants),ঢালা / পানি দেওয়া (গাছে),gegossen,hat,Es hat nicht geregnet. Ich muss meine Blumen gießen.,,
Gift,das,-e,noun,poison / venom,বিষ,,,"Vorsicht, das Gift dieser Pflanze ist für Menschen gefährlich!",,
giftig,,,adj,poisonous / toxic,বিষাক্ত,,,"Vorsicht, das ist giftig!",,
Girokonto,das,-en,noun,current account / checking account,চলতি হিসাব,,,Mein Girokonto kostet gar nichts.,,
Gitarre,die,-n,noun,guitar,গিটার,,,Ich spiele seit drei Jahren Gitarre.,,
Glace/Glacé,die/das,-n,noun,ice cream (Switzerland),আইসক্রিম (সুইজারল্যান্ড),,,Zum Dessert gibt es Schokoladenglace.,"CH: Glace/Glacé, D/A: Eis",
Glas,das,¨-er,noun,glass (material) / glass (drinking),কাচ / গ্লাস,,,"Vorsicht, die Kanne ist aus Glas!",,
glatt,,,adj,smooth / slippery,মসৃণ / পিচ্ছিল,,,Fahr vorsichtig! Es ist glatt.,,
glauben,,,verb,to believe / think,বিশ্বাস করা / মনে করা,geglaubt,hat,"Ich glaube, der Chef ist heute nicht im Büro.",,
gleich,,,adj,same / equal / immediately,একই / সমান / এখনই,,,Ich komme gleich.,,
gleichberechtigt,,,adj,having equal rights,সমানাধিকারপ্রাপ্ত,,,Mann und Frau sind gleichberechtigt.,,
gleichfalls,,,adv,likewise / same to you,একইভাবে / আপনাকেও,,,"Schöne Feiertage! – Danke, gleichfalls.",,
gleichzeitig,,,adv,at the same time / simultaneously,একই সাথে / যুগপৎ,,,Ich kann nicht alles gleichzeitig machen.,,
Gleis,das,-e,noun,track / platform (train),রেললাইন / প্ল্যাটফর্ম,,,Der Zug fährt heute von Gleis 7 ab.,,
Glück,das,,noun,luck / happiness / fortune,ভাগ্য / সুখ,,,Du hast dich nicht verletzt. Da hast du Glück gehabt.,,
glücklich,,,adj,happy / fortunate,সুখী / ভাগ্যবান,,,Meine Schwester hat geheiratet und ist sehr glücklich.,,
Glückwunsch,der,¨-e,noun,congratulation / good wishes,অভিনন্দন / শুভেচ্ছা,,,Herzlichen Glückwunsch zum Geburtstag!,,
Gold,das,,noun,gold,সোনা / স্বর্ণ,,,"Ist der Ring aus Gold? Nein, der sieht nur so aus.",,
Golf/Golfspiel,das,,noun,golf,গলফ,,,Kannst du Golf spielen?,,
Gott,der,¨-er,noun,god / God,ঈশ্বর / সৃষ্টিকর্তা,,,Glaubst du an Gott?,,
Grafik,die,-en,noun,graphic / chart / illustration,গ্রাফিক / চার্ট,,,Die Grafik zeigt die Temperaturen im letzten Jahr.,,
Gras,das,,noun,grass,ঘাস,,,Wir lagen den ganzen Tag im Gras.,,
gratis,,,adj,free of charge / gratis,বিনামূল্যে / ফ্রি,,,"Diese Reparatur kostet Sie gar nichts, wir machen das gratis für Sie.",,
Gratulation,die,-en,noun,congratulation,অভিনন্দন,,,Herzliche Gratulation! Sie haben gewonnen!,,
gratulieren,,,verb,to congratulate,অভিনন্দন জানানো,gratuliert,hat,Ich gratuliere euch zur Geburt eurer Tochter.,,
greifen,,,verb,to grab / reach / seize,ধরা / আঁকড়ে ধরা,gegriffen,hat,Greifen Sie doch zu!,,
Grenze,die,-n,noun,border / limit / boundary,সীমান্ত / সীমা,,,An der Grenze musst du deinen Ausweis zeigen.,,
Grill,der,-s,noun,barbecue / grill,গ্রিল / কাবাবের চুলা,,,Kannst du mir deinen Grill leihen? Wir wollen am Wochenende ein Picknick machen.,,
grillen,,,verb,to barbecue (Germany/Austria),গ্রিল করা / কাবাব করা (জার্মানি/অস্ট্রিয়া),gegrillt,hat,Heute wollen wir im Garten grillen.,"D/A: grillen, CH: grillieren",
grillieren,,,verb,to barbecue (Switzerland),গ্রিল করা (সুইজারল্যান্ড),grilliert,hat,Heute wollen wir im Garten grillieren.,"CH: grillieren, D/A: grillen",
Grippe,die,,noun,flu / influenza,ইনফ্লুয়েঞ্জা / ফ্লু,,,Ich habe eine Grippe und kann leider nicht kommen.,,
groß,,,adj,big / large / tall / great,বড় / বড় / লম্বা / মহান,,,Wir haben einen großen Garten.,,
Groß-,,,prefix,grand- / large-,বৃহৎ- / নানা-/দাদা-,,,"z. B. die Großeltern, die Großmutter, der Großvater",,
Grund,der,¨-e,noun,reason / ground / bottom,কারণ / ভিত্তি / ভূমি,,,Sie haben Ihre Stelle gekündigt. Aus welchem Grund?,,
Grundstück,das,-e,noun,plot of land / property,জমি / ভূসম্পত্তি,,,Wir wollen ein Haus bauen und suchen ein günstiges Grundstück.,,
Gruppe,die,-n,noun,group,দল / গ্রুপ,,,Für Gruppen gibt es eine Ermäßigung.,,
Gruß,der,¨-e,noun,greeting / regards,অভিবাদন / শুভেচ্ছা,,,Schönen Gruß an Ihren Mann.,,
Größe,die,-n,noun,size / height / greatness,আকার / উচ্চতা / মাপ,,,Welche Größe haben Sie?,,
gründen,,,verb,to found / establish,প্রতিষ্ঠা করা / স্থাপন করা,gegründet,hat,Frau Bauer hat eine eigene Firma gegründet.,,
gründlich,,,adj,thorough / thoroughgoing,পুঙ্খানুপুঙ্খ / ভালো করে,,,"Ich möchte die Wohnung gründlich reinigen, bevor der Besuch kommt.",,
grüßen,,,verb,to greet / say hello,অভিবাদন জানানো / সালাম দেওয়া,gegrüßt,hat,"Wer war die Frau, die du eben gegrüßt hast?",,
gucken,,,verb,to look / watch / peek,দেখা / তাকানো,geguckt,hat,Guck doch mal! Es schneit.,,
gut,,,adj,good / well / fine,ভালো / ভাল,,,Ich kenne ein gutes Lokal.,,
Gymnastik,die,,noun,gymnastics / exercise,জিমন্যাস্টিকস / ব্যায়াম,,,Ich mache jeden Morgen Gymnastik.,,
gültig,,,adj,valid,বৈধ / গ্রহণযোগ্য,,,Mein Pass ist nur noch zwei Monate gültig.,,
günstig,,,adj,favorable / cheap / affordable,সুবিধাজনক / সস্তা,,,Ich suche eine günstige Ferienwohnung.,,
Haar,das,-e,noun,hair,চুল,,,Meine Freundin hat langes schwarzes Haar.,,
haben,,,verb,to have,থাকা / আছে,gehabt,hat,Wir haben ein neues Auto.,,
Hackfleisch,das,,noun,minced meat (Germany/Switzerland),কিমা করা মাংস (জার্মানি/সুইজারল্যান্ড),,,Geben Sie mir bitte 500g Hackfleisch.,"D/CH: Hackfleisch, A: Faschierte",
Hafen,der,¨-,noun,harbor / port,বন্দর,,,"Wenn du in Hamburg bist, musst du dir unbedingt den Hafen ansehen.",,
hageln,,,verb,to hail,শিলাবৃষ্টি হওয়া,gehagelt,hat,Bei Gewitter kann es auch hageln.,,
halb,,,adj,half,অর্ধেক / আধা,,,Treffen wir uns um halb neun?,,
Halbpension,die,,noun,half-board,আধা-বোর্ড / হাফ বোর্ড,,,Wir möchten ein Hotel mit Halbpension.,,
halbtags,,,adv,half-day / part-time,অর্ধদিবস / পার্ট-টাইম,,,Ich habe ein kleines Kind und kann nicht acht Stunden am Tag arbeiten. Deshalb möchte ich halbtags arbeiten.,,
Halle,die,-n,noun,hall,হল / বড় ঘর,,,Die Stadt baut eine neue Sporthalle.,,
Hallenbad,das,¨-er,noun,indoor swimming pool,ইনডোর সুইমিং পুল,,,Sie geht jeden Tag zum Schwimmen ins Hallenbad.,,
hallo,,,interjection,hello / hi,হ্যালো / হাই,,,"Hallo, wie geht's? − Danke, gut, und dir?",,
Hals,der,¨-e,noun,neck / throat,গলা,,,Mir tut der Hals weh.,,
Halt,der,,noun,stop / hold / support,স্টপ / থামা,,,Nächster Halt ist am Südbahnhof.,,
haltbar,,,adj,durable / long-lasting / storable,টেকসই / দীর্ঘস্থায়ী,,,Diese Tomaten sind mindestens 2 Wochen haltbar.,,
halten,,,verb,to hold / stop / keep,ধরা / থামানো / রাখা,gehalten,hat,Kannst du mal kurz meine Handtasche halten?,,
Haltestelle,die,-n,noun,stop (bus/tram/train),স্টপেজ / বাস-ট্রেন স্টপ,,,An der nächsten Haltestelle müssen wir aussteigen.,,
Hammer,der,¨-,noun,hammer,হাতুড়ি,,,Ich möchte ein Bild aufhängen. Hast du einen Hammer für mich?,,
Hand,die,¨-e,noun,hand,হাত,,,Wasch dir bitte die Hände vor dem Essen.,,
Handel,der,,noun,trade / commerce,বাণিজ্য / ব্যবসা,,,Der Handel mit Computern ist ein gutes Geschäft.,,
handeln,,,verb,to act / trade / deal with,ব্যবসা করা / কাজ করা,gehandelt,hat,Herr Huber hat ein kleines Geschäft. Er handelt mit Obst und Gemüse.,,
Handwerker,der,-,noun,craftsman / tradesman,কারিগর / মিস্ত্রী (পুরুষ),,,Morgen sind bei uns die Handwerker. Wir bekommen eine neue Badewanne.,,
Handwerkerin,die,-nen,noun,craftswoman / tradeswoman,কারিগর / মিস্ত্রী (মহিলা),,,Morgen sind bei uns die Handwerker.,,
Handy,das,-s,noun,mobile phone / cell phone,মোবাইল ফোন,,,"Ich habe kein Festnetztelefon, aber ein Handy.",,
hart,,,adj,hard / tough,কঠিন / শক্ত,,,Das Bett im Hotel war mir zu hart.,,
hassen,,,verb,to hate,ঘৃণা করা,gehasst,hat,Ich hasse Autofahren.,,
Haupt-,,,prefix,main- / head- / chief-,প্রধান- / মূল-,,,"z.B. die Hauptstadt, der Hauptbahnhof",,
Hauptbahnhof,der,¨-e,noun,main train station,প্রধান রেল স্টেশন,,,Treffen wir uns am Hauptbahnhof?,,
Hauptstadt,die,¨-e,noun,capital city,রাজধানী,,,Berlin ist die Hauptstadt von Deutschland.,,
Haus,das,¨-er,noun,house / home,বাড়ি / বাসা,,,Wir haben ein Haus gemietet.,,
Hausaufgabe,die,-n,noun,homework,বাড়ির কাজ,,,Kannst du mir bei den Hausaufgaben helfen?,,
Hausfrau,die,-en,noun,housewife,গৃহবধূ,,,Meine Frau ist Hausfrau und kümmert sich um die Kinder.,,
Haushalt,der,-e,noun,household,সংসার / গৃহস্থালি,,,"Ich kümmere mich um den Haushalt, d. h. ich putze, wasche, koche etc.",,
Hausmann,der,¨-er,noun,househusband,গৃহস্বামী,,,Mein Mann ist Hausmann und kümmert sich um die Kinder.,,
Hausmeister,der,-,noun,"caretaker / janitor (male, Germany/Austria)",কেয়ারটেকার / দারোয়ান (পুরুষ),,,"Der Hausmeister hat mir geholfen, den Schrank in die Wohnung zu tragen.","D/A: Hausmeister, CH: Abwart",
Hausmeisterin,die,-nen,noun,"caretaker / janitor (female, Germany/Austria)",কেয়ারটেকার / দারোয়ান (মহিলা),,,Die Hausmeisterin hat mir geholfen.,"D/A: Hausmeisterin, CH: Abwart",
Haustier,das,-e,noun,pet,পালিত প্রাণী / পোষা প্রাণী,,,"Hat deine Familie ein Haustier? − Ja, wir haben einen Hund.",,
Haut,die,,noun,skin,ত্বক / চামড়া,,,Haben Sie eine Creme für trockene Haut?,,
heben,,,verb,to lift / raise,তোলা / উত্তোলন করা,gehoben,hat,Kannst du mir helfen? Das Paket kann ich allein nicht heben.,,
Heft,das,-e,noun,notebook / exercise book,খাতা / নোটবুক,,,Ich hätte gern ein Schreibheft.,,
Heim,das,-e,noun,home / residence / hostel,আবাস / হোস্টেল,,,Meine Oma wohnt in einem Seniorenheim.,,
Heimat,die,,noun,homeland / home,স্বদেশ / মাতৃভূমি,,,Ich lebe jetzt hier in Deutschland. Das ist meine neue Heimat.,,
heimlich,,,adj,secret / secretly,গোপনে / চুপিচুপি,,,"Gestern habe ich gehört, dass mein Sohn heimlich raucht.",,
Heimweh,das,,noun,homesickness,ঘর-কান্না / স্বদেশের জন্য মন খারাপ,,,Ich habe oft Heimweh nach meiner Familie.,,
heiraten,,,verb,to marry / get married,বিয়ে করা,geheiratet,hat,Unsere Freunde heiraten nächsten Monat in Italien.,,
heizen,,,verb,to heat,গরম করা / তাপ দেওয়া,geheizt,hat,Wir heizen mit Öl.,,
Heizung,die,-en,noun,heating / heater,হিটার / তাপক,,,Es ist kalt. Ist die Heizung kaputt?,,
heiß,,,adj,hot,গরম,,,Für die Jahreszeit ist es zu heiß.,,
heißen,,,verb,to be called / mean,নাম হওয়া / অর্থ হওয়া,geheißen,hat,Wie heißen Sie?,,
Held,der,-en,noun,hero (male),বীর / নায়ক (পুরুষ),,,Er spielt gern den Helden.,,
Heldin,die,-nen,noun,heroine (female),বীর / নায়িকা (মহিলা),,,Sie ist die Heldin des Tages.,,
helfen,,,verb,to help,সাহায্য করা,geholfen,hat,Kannst du mir helfen? Ich muss nächsten Monat umziehen.,,
hell,,,adj,bright / light,উজ্জ্বল / হালকা,,,Im Sommer wird es um 5 Uhr schon hell.,,
Hemd,das,-en,noun,shirt,শার্ট / জামা,,,Nikos trägt heute ein weißes Hemd.,,
Hend(e)l,das,-,noun,"chicken (roasted, Austria)",মুরগির মাংস (অস্ট্রিয়া),,,Zum Mittagessen gibt es Hendl mit Reis.,"A: Hend(e)l, D: Hähnchen/Hühnchen, CH: Poulet",
her/her-,,,prefix,here / ago (prefix),এদিকে / আগে (উপসর্গ),,,"Wir haben uns lange nicht gesehen. – Ja, das ist wirklich lange her.",,
heraus,,,verb,,,,,,,
heraus-,,,prefix,out (prefix),বাইরে (উপসর্গ),,,"Hast du schon rausgefunden, wann man sich für den Kurs anmelden muss?",,
herausfinden,,,verb,to find out / figure out,খুঁজে বের করা,herausgefunden,hat,"Hast du schon rausgefunden, wann und wo man sich für den Kurs anmelden muss?",,
Herausforderung,die,-en,noun,challenge,চ্যালেঞ্জ / প্রতিদ্বন্দ্বিতা,,,Das Spiel ist eine Herausforderung.,,
Herd,der,-e,noun,stove / cooker,চুলা / রান্নার চুলা,,,In der neuen Küche fehlt noch der Herd.,,
herein-,,,prefix,in / inside (prefix),ভিতরে (উপসর্গ),,,Kommt doch herein!,,
Herkunft,die,,noun,origin / descent,উৎপত্তি / বংশ,,,Viele Leute fragen mich nach meiner Herkunft.,,
Herr,der,-en,noun,mister / gentleman / Mr.,জনাব / ভদ্রলোক,,,"Da ist ein Herr, der möchte Sie sprechen.",,
herstellen,,,verb,to produce / manufacture,উৎপাদন করা / তৈরি করা,hergestellt,hat,In unserer Firma stellen wir Schokolade her.,,
Hersteller,der,-,noun,manufacturer / producer,উৎপাদক / প্রস্তুতকারক,,,Ihr Handy ist kaputt? Wir schicken es an den Hersteller zurück.,,
herunter,,,verb,,,,,Es ist kalt. Ist die Heizung kaputt?,,
herunter-,,,prefix,down (prefix),নিচে (উপসর্গ),,,Kannst du bitte die Datei herunterladen?,,
herunterfahren,,,verb,to shut down (computer),শাট ডাউন করা (কম্পিউটার),heruntergefahren,hat,Zum Schluss musst du den Computer herunterfahren.,,
herunterladen,,,verb,to download,ডাউনলোড করা,heruntergeladen,hat,Ich habe mir Musik aus dem Internet heruntergeladen.,,
Herz,das,-en,noun,heart,হৃদয় / হার্ট,,,Ich bin ganz nervös. Mir klopft das Herz.,,
herzlich,,,adj,cordial / heartfelt / warm,আন্তরিক / হৃদয়গ্রাহী,,,Herzlichen Glückwunsch!,,
heute,,,adv,today,আজ,,,Heute kann ich etwas früher nach Hause gehen.,,
heutig-,,,adj,today's / present-day,আজকের / বর্তমানকালের,,,Die heutigen Computer können viel mehr als noch vor ein paar Jahren.,,
hier/hier-,,,adv,here / here-,এখানে / এখান-,,,Hier wohne ich.,,
hierher,,,adv,to here / hither,এখানে / এদিকে,,,Ich komme oft hierher. In diesem Café gibt es guten Kuchen.,,
Hilfe,die,,noun,help / aid,সাহায্য,,,Vielen Dank für Ihre Hilfe.,,
Himmel,der,,noun,sky / heaven,আকাশ / স্বর্গ,,,Wir hatten im Urlaub so tolles Wetter. Immer Sonne und blauer Himmel.,,
hinten,,,adv,at the back / behind,পেছনে,,,Wo möchtest du sitzen? Hinten oder vorne?,,
hinter/hinter-,,,preposition,behind / after,পেছনে / পিছনে,,,Hinter dem Haus haben wir einen Garten.,,
hinterher,,,adv,afterwards / after,পরে / পশ্চাতে,,,Vor der Prüfung habe ich so viel gelernt. Hinterher habe ich vieles wieder vergessen.,,
hinterlassen,,,verb,to leave (a message) / bequeath,রেখে যাওয়া / ছেড়ে যাওয়া,hinterlassen,hat,Möchten Sie eine Nachricht hinterlassen?,,
hinunterwerfen,,,verb,to throw down,নিচে ফেলে দেওয়া,hinuntergeworfen/runtergeworfen,hat,Kannst du mir bitte den Schlüssel runterwerfen? Ich habe meinen vergessen.,,
Hinweis,der,-e,noun,hint / clue / indication,ইঙ্গিত / সূত্র,,,Die Polizei hat viele Hinweise zum Unfall bekommen.,,
Hinweise,der,-e,noun,,,,,,,
hinweisen,,,verb,to point out / indicate,ইঙ্গিত করা / নির্দেশ করা,hingewiesen,hat,"Wir möchten Sie darauf hinweisen, dass das Rauchen am Bahnsteig nicht gestattet ist.",,
historisch,,,adj,historical,ঐতিহাসিক,,,Wir waren mit unserer Klasse im Historischen Museum.,,
Hitze,die,,noun,heat,তাপ / গরম,,,Gestern war eine schreckliche Hitze!,,
Hobby,das,-s,noun,hobby,শখ / হবি,,,Ich habe keine Zeit mehr für meine Hobbys.,,
hoch,,,adj,high / tall,উঁচু / লম্বা,,,Der Berg ist fast 3000 m hoch.,,
hochladen,,,verb,to upload,আপলোড করা,hochgeladen,hat,Kannst du bitte die Datei für die Hausaufgabe hochladen?,,
Hochzeit,die,-en,noun,wedding,বিয়ে / বিবাহ অনুষ্ঠান,,,Claudia und Peter wollen ihre Hochzeit groß feiern.,,
Hof,der,¨-e,noun,courtyard / yard / farm,উঠান / আঙিনা,,,Die Kinder spielen am liebsten im Hof.,,
hoffen,,,verb,to hope,আশা করা,gehofft,hat,"Ich hoffe, dass ihr zu meinem Geburtstag kommen könnt.",,
hoffentlich,,,adv,hopefully,আশা করি,,,Hoffentlich hat unser Zug keine Verspätung.,,
Hoffnung,die,-en,noun,hope,আশা,,,Man darf die Hoffnung nicht verlieren.,,
holen,,,verb,to fetch / get,আনা / নিয়ে আসা,geholt,hat,Soll ich uns was zu trinken holen?,,
Holz,das,,noun,wood,কাঠ,,,Möchten Sie ein Regal aus Holz oder aus Metall?,,
Honig,der,,noun,honey,মধু,,,Ich esse gern Brötchen mit Honig und Butter zum Frühstück.,,
Hose,die,-n,noun,trousers / pants,প্যান্ট / ট্রাউজার,,,Können Sie die Hose etwas kürzer machen?,,
Hotel,das,-s,noun,hotel,হোটেল,,,Im Urlaub sind wir in einem Hotel am Meer.,,
Humor,der,,noun,humor,হাস্যরস / রসবোধ,,,"Wir mögen Paul, weil er so viel Humor hat.",,
Hunger,der,,noun,hunger,ক্ষুধা,,,"Möchtest du Suppe? – Nein danke, ich habe keinen Hunger.",,
hungrig,,,adj,hungry,ক্ষুধার্ত,,,Ich bin sehr hungrig.,,
hupen,,,verb,to honk / sound horn,হর্ন বাজানো,gehupt,hat,Hier ist ein Krankenhaus. Hier darfst du nicht hupen.,,
Husten,der,,noun,cough,কাশি,,,Haben Sie ein Medikament gegen Husten?,,
Hut,der,¨-e,noun,hat,টুপি / হ্যাট,,,Sie sollten im Sommer nicht ohne Hut in die Sonne gehen.,,
Hähnchen,das,-,noun,"chicken (roasted, Germany)",মুরগির মাংস (জার্মানি),,,Zum Mittagessen gibt es Hühnchen mit Reis.,"D: Hähnchen/Hühnchen, A: Hend(e)l, CH: Poulet",
Hälfte,die,-n,noun,half,অর্ধেক,,,Bitte teilt euch die Schokolade. Jeder bekommt die Hälfte.,,
hält,,,verb,,,,,,,
Händler,der,-,noun,dealer / trader / merchant (male),ব্যবসায়ী (পুরুষ),,,"Ich gehe zum Gemüsehändler, soll ich dir etwas mitbringen?",,
Händlerin,die,-nen,noun,dealer / trader / merchant (female),ব্যবসায়ী (মহিলা),,,Ich gehe zur Gemüsehändlerin.,,
hängen,,,verb,to hang,ঝোলানো / লটকানো,gehangen/gehängt,hat,Das Bild hängt schief.,,
hässlich,,,adj,ugly,কুৎসিত / অসুন্দর,,,Das ist aber eine hässliche Lampe!,,
häufig,,,adj,frequent / often,ঘন ঘন / প্রায়ই,,,Haben Sie häufig Kopfschmerzen?,,
höchstens,,,adv,at most / at the most,সর্বাধিক / বড়জোর,,,Ich habe wenig Zeit. Ich kann höchstens eine Viertelstunde bleiben.,,
höflich,,,adj,polite / courteous,ভদ্র / নম্র,,,Unser Nachbar ist sehr höflich. Er sagt immer als Erster Guten Tag.,,
Höhe,die,,noun,height / altitude,উচ্চতা,,,"Mein Tisch hat folgende Maße: Länge: 1,20 m, Breite: 0,60 m, Höhe: 0,80 m.",,
hören,,,verb,to hear / listen,শোনা,gehört,hat,Ich kann nicht mehr so gut hören.,,
Hörer,der,-,noun,listener (male) / receiver (phone),শ্রোতা (পুরুষ) / রিসিভার,,,Die Sendung hat viele Hörer und Hörerinnen.,,
Hörerin,die,-nen,noun,listener (female),শ্রোতা (মহিলা),,,Die Sendung hat viele Hörer und Hörerinnen.,,
hübsch,,,adj,pretty / nice / lovely,সুন্দর / চমৎকার,,,Wir haben eine hübsche Wohnung gefunden.,,
Hügel,der,-,noun,hill,টিলা / পাহাড়,,,Auf diesem Hügel machen wir eine Pause.,,
Hühnchen,das,-,noun,"chicken (roasted, Germany)",মুরগির মাংস (জার্মানি),,,Zum Mittagessen gibt es Hühnchen mit Reis.,"D: Hähnchen/Hühnchen, A: Hend(e)l, CH: Poulet",
Hütte,die,-n,noun,hut / cabin / lodge,কুটির / কেবিন,,,Wir übernachten in der Hütte auf dem Berg.,,
icht,,,verb,,,,,,,
ideal,,,adj,ideal / perfect,আদর্শ / নিখুঁত,,,Eine Wohnung mit Garten wäre für uns ideal.,,
Idee,die,-n,noun,idea,ধারণা / আইডিয়া,,,Du willst ein Picknick machen? Ich finde die Idee toll.,,
iert,,,verb,,,,,,,
Ihre Notizen,,,,,,,,,,
illegal,,,adj,illegal,অবৈধ,,,Ohne Steuerkarte zu arbeiten ist illegal.,,
Imbiss,der,-e,noun,snack / snack bar (Germany),জলখাবার / স্ন্যাক (জার্মানি),,,Es ist Zeit für einen kleinen Imbiss.,"D: Imbiss, A: Jause, CH: Znüni/Zvieri",
immer,,,adv,always,সবসময়,,,Frau Bast kommt immer zu spät.,,
immt,,,verb,,,,,,,
Import,der,-e,noun,import,আমদানি,,,"Im dritten Stock ist die Firma Schmidt & Co, Import und Export.",,
in Rente gehen,,,verb,to retire (D),অবসর নেওয়া (জার্মানি),in Rente gegangen,ist,Nächstes Jahr gehe ich in Rente.,,
indem,,,conjunction,by (doing something),দ্বারা / করে,,,"Du kannst die Datei öffnen, indem du hier klickst.",,
individuell,,,adj,individual / personalized,ব্যক্তিগত / স্বতন্ত্র,,,"Die Lehrerin versucht, jedes Kind individuell zu fördern.",,
Industrie,die,-n,noun,industry,শিল্প,,,In dieser Gegend gibt es viel Industrie.,,
Infektion,die,-en,noun,infection,সংক্রমণ / ইনফেকশন,,,Sie haben eine Infektion. Sie müssen Tabletten nehmen.,,
Information,die,-en,noun,information,তথ্য,,,Bitte lesen Sie diese Informationen genau.,,
informieren,,,verb,to inform,জানানো / তথ্য দেওয়া,informiert,hat,Wir informieren Sie rechtzeitig über die neuen Prüfungstermine.,,
Ingenieur,der,-e,noun,engineer,প্রকৌশলী,,,Hans will Bauingenieur werden.,,
Inhalt,der,-e,noun,content / contents,বিষয়বস্তু / ভিতরের জিনিস,,,Geben Sie den Inhalt der Packung in einen Liter kochendes Wasser.,,
inklusive,,,preposition,including / inclusive,সহ / সমেত,,,Der Zimmerpreis ist inklusive Frühstück.,,
innen,,,adv,inside,ভিতরে,,,Der Lichtschalter ist innen links.,,
inner-,,,adj,inner / internal,অভ্যন্তরীণ,,,"Wir müssen Sie untersuchen. Es kann sein, dass Sie innere Verletzungen haben.",,
innerhalb,,,preposition,within / inside of,মধ্যে / ভিতরে,,,Diese Fahrkarte gilt nur innerhalb der Stadt.,,
Insel,die,-n,noun,island,দ্বীপ,,,Ich würde dieses Mal gern auf einer Insel Ferien machen.,,
Inserat,das,-e,noun,advertisement / ad,বিজ্ঞাপন,,,Was kostet ein Inserat in der Zeitung?,,
insgesamt,,,adv,altogether / in total,সর্বমোট / মোটে,,,Insgesamt haben sich 20 Teilnehmer für die Prüfung angemeldet.,,
installieren,,,verb,to install,ইনস্টল করা,installiert,hat,"Können Sie mir helfen, meinen Computer zu installieren?",,
Institut,das,-e,noun,institute,প্রতিষ্ঠান / ইনস্টিটিউট,,,Ich besuche einen Sprachkurs in einem kleinen Sprachinstitut.,,
Instrument,das,-e,noun,instrument,যন্ত্র / বাদ্যযন্ত্র,,,Ich spiele Klavier. Spielen Sie auch ein Musikinstrument?,,
Integration,die,-en,noun,integration,একীভূতকরণ / সংহতি,,,Gute Deutschkenntnisse sollen bei der Integration helfen.,,
integrieren,,,verb,to integrate,একীভূত করা / সংহত করা,integriert,hat,Sie ist schon sehr gut im Team integriert.,,
intelligent,,,adj,intelligent,বুদ্ধিমান / মেধাবী,,,Maria ist sehr intelligent. Sie kann sehr gut rechnen.,,
Intelligenz,die,,noun,intelligence,বুদ্ধিমত্তা,,,Meine Kinder haben in der Schule einen Intelligenztest gemacht.,,
intensiv,,,adj,intensive / intensely,নিবিড় / গভীরভাবে,,,Ich möchte intensiv Deutsch lernen.,,
Intensivkurs,der,-e,noun,intensive course,নিবিড় কোর্স,,,Der Intensivkurs findet täglich von 9 bis 12 Uhr statt.,,
interessant,,,adj,interesting,আকর্ষণীয় / মজার,,,Ich habe einen interessanten Bericht gelesen.,,
Interesse,das,-n,noun,interest,আগ্রহ,,,"Ich habe viele Interessen: Sport, Lesen, Handarbeit, Tanzen.",,
interessieren,,,verb,to interest,আগ্রহী করা / আগ্রহ জন্মানো,interessiert,hat,Das Thema Kindererziehung interessiert mich sehr.,,
interessiert,,,adj,interested,আগ্রহী,,,Mein Nachbar zieht nächsten Monat aus. Sind Sie noch an der Wohnung interessiert?,,
interkulturell,,,adj,intercultural,আন্তঃসাংস্কৃতিক,,,Wir haben in der Sprachschule ein interkulturelles Fest gefeiert.,,
international,,,adj,international,আন্তর্জাতিক,,,Die Teilnehmenden in unserem Kurs sind ganz international.,,
Interview,das,-s,noun,interview,সাক্ষাৎকার / ইন্টারভিউ,,,Ich habe im Fernsehen ein interessantes Interview mit zwei Schauspielern gesehen.,,
inzwischen,,,adv,meanwhile / in the meantime,ইতিমধ্যে / এর মধ্যে,,,Herr Müller kommt gleich zurück. Sie können inzwischen in seinem Büro warten.,,
irgend-,,,prefix,some- / any- (prefix),কোনো- / যেকোনো- (উপসর্গ),,,"Was für einen Saft möchten Sie? – Ganz egal, irgendeinen.",,
irgendein,,,pronoun,some / any (at all),কোনো একটা / যেকোনো,,,"Was für einen Saft möchten Sie? – Ganz egal, irgendeinen.",,
irgendwann,,,adv,sometime / at some point,কোনো এক সময়,,,Ich habe Sie irgendwann schon mal gesehen.,,
Jacke,die,-n,noun,jacket,জ্যাকেট,,,Zieh dir eine Jacke an. Es ist kalt.,,
Jause,die,-n,noun,snack (Austria),জলখাবার (অস্ট্রিয়া),,,Es ist Zeit für eine kleine Jause.,"A: Jause, D: Imbiss, CH: Znüni/Zvieri",
je...desto...,,,conjunction,the...the... (comparative),যত...তত...,,,"Je länger ich Deutsch lerne, desto besser kann ich es verstehen.",,
Jeans,die,(Pl.),noun,jeans,জিনস,,,Nicht nur junge Leute tragen Jeans.,,
jeder/jedes/jede,,,pronoun,every / each / everyone,প্রত্যেক / প্রতিটি,,,Das Restaurant hat jeden Tag geöffnet.,,
jederzeit,,,adv,at any time / anytime,যেকোনো সময়,,,Sie können mich jederzeit anrufen.,,
jedes Mal,,,adv,every time / each time,প্রতিবার,,,Inge erzählt die Geschichte jedes Mal anders.,,
jedoch,,,conjunction,however / but,তবে / কিন্তু,,,"Sie ruft immer wieder an, jedoch ohne Erfolg.",,
jemals,,,adv,ever,কখনও,,,"Hast du jemals von dem Problem gehört? – Nein, nie.",,
jemand,,,pronoun,someone / somebody,কেউ / কেউ একজন,,,Hat jemand einen Bleistift für mich?,,
jetzt,,,adv,now,এখন,,,Ich muss jetzt gehen.,,
jeweils,,,adv,respectively / each time,প্রত্যেকবার / যথাক্রমে,,,Der Kurs findet jeweils montags und donnerstags um 18 Uhr statt.,,
Journalist,der,-en,noun,journalist (male),সাংবাদিক (পুরুষ),,,Meine Tochter möchte Journalistin werden.,,
Journalistin,die,-nen,noun,journalist (female),সাংবাদিক (মহিলা),,,Meine Tochter möchte Journalistin werden.,,
Jugend,die,,noun,youth,যৌবন / তরুণ বয়স,,,In meiner Jugend habe ich mich sehr für Musik interessiert.,,
Jugendherberge,die,-n,noun,youth hostel,যুব হোস্টেল,,,Wo habt ihr übernachtet? – In einer Jugendherberge.,,
Jugendliche,der/die,-n,noun,adolescent / teenager / youth,কিশোর / তরুণ,,,Die Jugendlichen gehen gerne in die Disko.,,
jung,,,adj,young,তরুণ / যুবক,,,Für diesen Film bist du noch zu jung.,,
Junge,der,-n,noun,boy (Germany),ছেলে (জার্মানি),,,In der Schulklasse sind 15 Jungen und 10 Mädchen.,"D: Junge, A/CH: Bub",
Kabel,das,-,noun,cable,কেবল / তার,,,Wo ist das Kabel für das Aufnahmegerät?,,
Kabine,die,-n,noun,cabin / booth / changing room,কেবিন / বুথ,,,"Um zu wählen, gehen Sie bitte in diese Kabine.",,
Kaffee,der,,noun,coffee,কফি,,,Bring bitte noch eine Packung Kaffee mit.,,
Kaffeehaus,das,¨-er,noun,coffee house (Austria),কফি হাউস (অস্ট্রিয়া),,,Hier in der Nähe ist ein Kaffeehaus. Lass uns einen Kaffee trinken.,,
Kakao,der,-s,noun,cocoa / hot chocolate,কোকো / হট চকলেট,,,Zum Frühstück trinke ich immer einen Kakao.,,
Kalender,der,-,noun,calendar,ক্যালেন্ডার,,,Ich habe den Termin in meinem Kalender notiert.,,
kalt,,,adj,cold,ঠান্ডা,,,Es ist kalt heute.,,
Kamera,die,-s,noun,camera,ক্যামেরা,,,Ich habe eine ganz neue Kamera.,,
Kampf,der,¨-e,noun,fight / struggle / battle,লড়াই / সংগ্রাম,,,Im Schulbus gibt es immer einen Kampf um die Sitzplätze.,,
Kanal,der,¨-e,noun,canal / channel,খাল / চ্যানেল,,,Mit Kabel bekommen Sie über 30 Fernsehkanäle.,,
Kandidat,der,-en,noun,candidate,প্রার্থী / প্রার্থী,,,Wie viele Kandidaten kommen zur Prüfung?,,
Kanne,die,-n,noun,pot / jug / pitcher,পাত্র / কেটলি,,,Das ist aber eine schöne Teekanne.,,
Kantine,die,-n,noun,canteen / cafeteria,ক্যান্টিন,,,In unserer Kantine kann man günstig essen.,,
Kapitel,das,-,noun,chapter,অধ্যায়,,,"Die Lehrerin hat gesagt, wir sollen zwei Kapitel im Buch wiederholen.",,
kaputt,,,adj,broken / exhausted,ভাঙা / ক্লান্ত,,,Unsere Waschmaschine ist kaputt.,,
kaputtgehen,,,verb,to break / get broken,ভেঙে যাওয়া,kaputtgegangen,ist,Pass bitte mit diesem Glas auf. Es geht leicht kaputt.,,
kaputtmachen,,,verb,to break / destroy,ভেঙে ফেলা / নষ্ট করা,kaputtgemacht,hat,Wer hat die Lampe kaputtgemacht?,,
Karneval,der,-s/-e,noun,carnival (Germany),কার্নিভাল (জার্মানি),,,Dort hängt mein Kostüm für den Karnevals(um)zug.,"D: Karneval, D/A: Fasching, CH: Fasnacht",
Karotte,die,-n,noun,carrot,গাজর,,,Hasen fressen gern Karotten.,"Karotte, D: Möhre, CH: Rüebli",
Karriere,die,-n,noun,career,ক্যারিয়ার,,,Mein Bruder hat große Pläne. Er will Karriere machen.,,
Karte,die,-n,noun,card / ticket / map,কার্ড / টিকিট / মানচিত্র,,,Schreibst du mir eine Karte aus dem Urlaub?,,
Kartoffel,die,-n,noun,potato,আলু,,,Kann ich bitte noch Kartoffeln bekommen?,"D: Kartoffel, A: Erdapfel",
Kasse,die,-n,noun,cash desk / checkout / till,ক্যাশ ডেস্ক / কাউন্টার,,,Zahlen Sie bitte an der Kasse.,,
Kassette,die,-n,noun,cassette,ক্যাসেট,,,Meine Eltern besitzen noch viele Musikkassetten.,,
Kasten,der,¨-,noun,box / crate / chest,বাক্স / সিন্দুক,,,Ich habe zwei Kästen Bier gekauft.,,
Katalog,der,-e,noun,catalog / catalogue,ক্যাটালগ,,,Ich habe mir ein Kleid aus dem Katalog bestellt.,,
Katastrophe,die,-n,noun,catastrophe / disaster,দুর্যোগ / বিপর্যয়,,,Der Urlaub war eine Katastrophe. Es hat nur geregnet.,,
Kauf,der,,noun,purchase / buy,ক্রয় / কেনা,,,Der neue Esstisch war ein guter Kauf.,,
kaufen,,,verb,to buy,কেনা,gekauft,hat,Im Supermarkt kauft man sehr günstig ein.,,
kaum,,,adv,hardly / barely / scarcely,খুব কম / সবে মাত্র,,,Ich kann Sie kaum verstehen. Bitte sprechen Sie lauter.,,
kein-,,,pronoun,no / not a / not any,কোনো না / নেই,,,Ich habe leider heute keine Zeit.,,
Keller,der,-,noun,cellar / basement,বেসমেন্ট / সেলার,,,Unser Keller ist nicht besonders groß.,,
Kellner,der,-,noun,waiter (male),ওয়েটার (পুরুষ),,,Ich bin Kellnerin von Beruf.,"D/A: Kellner/Ober, CH: Serviceangestellter",
Kellnerin,die,-nen,noun,waitress (female),ওয়েট্রেস (মহিলা),,,Ich bin Kellnerin von Beruf.,"D/A: Kellnerin, CH: Serviceangestellte",
kennen,,,verb,to know (person/place),চেনা / জানা (ব্যক্তি/স্থান),gekannt,hat,Kennen Sie hier in der Nähe ein gemütliches Café?,,
kennenlernen,,,verb,to get to know / meet,পরিচিত হওয়া / দেখা করা,kennengelernt,hat,Wo habt ihr euch kennengelernt?,,
Kenntnisse,,(Pl.),noun,knowledge / skills,জ্ঞান / দক্ষতা,,,In vielen Berufen braucht man heute Sprachkenntnisse.,,
Kennzeichen,das,-,noun,license plate / registration / sign,নম্বর প্লেট / চিহ্ন,,,Das Auto hat ein Schweizer Kennzeichen.,,
Kerze,die,-n,noun,candle,মোমবাতি,,,Für den Geburtstagstisch brauchen wir viele Blumen und Kerzen.,,
Kette,die,-n,noun,chain / necklace,চেইন / নেকলেস,,,Ich habe zum Geburtstag eine goldene Kette bekommen.,,
Kind,das,-er,noun,child,শিশু / বাচ্চা,,,Mein Bruder hat zwei Kinder.,,
Kindergarten,der,¨-,noun,kindergarten / nursery school,কিন্ডারগার্টেন / শিশু বিদ্যালয়,,,Morgens bringe ich meinen Sohn in den Kindergarten.,,
Kindheit,die,,noun,childhood,শৈশব,,,In meiner Kindheit war ich oft auf dem Land bei meinen Großeltern.,,
Kino,das,-s,noun,cinema / movie theater,সিনেমা হল,,,Wollen wir ins Kino gehen?,,
Kiosk,der,-e,noun,kiosk / newsstand,কিয়স্ক / পত্রিকার দোকান,,,Zeitungen bekommst du am Kiosk.,,
Kirche,die,-n,noun,church,গির্জা,,,Diese Kirche ist aus dem 12. Jahrhundert.,,
Kissen,das,-,noun,cushion / pillow,বালিশ / কুশন,,,Ohne Kopfkissen kann ich nicht schlafen.,,
Kiste,die,-n,noun,box / crate (Austria/Germany),বাক্স (অস্ট্রিয়া/জার্মানি),,,Ich habe zwei Kisten Bier gekauft.,"A/D: Kiste, D: Kasten",
klagen,,,verb,to complain / sue,অভিযোগ করা / নালিশ করা,geklagt,hat,Sie klagt über Kopfschmerzen.,,
klappen,,,verb,to work out / go smoothly,ঠিকমতো কাজ করা / সফল হওয়া,geklappt,hat,Wie war die Reise? – Gut. Es hat alles prima geklappt.,,
klar,,,adj,clear / obvious / sure,পরিষ্কার / স্পষ্ট,,,"Sie müssen noch mehr Deutsch lernen. – Ja, das ist mir klar.",,
Klasse,die,-n,noun,class / grade / category,শ্রেণী / ক্লাস,,,In der Klasse sind 24 Schülerinnen und Schüler.,,
Klassenarbeit,die,-en,noun,class test (Germany),ক্লাস টেস্ট (জার্মানি),,,Mein Sohn schreibt bei Klassenarbeiten immer gute Noten.,"D: Klassenarbeit, A: Schularbeit",
Klavier,das,-e,noun,piano,পিয়ানো,,,Meine Tochter möchte Klavier spielen lernen.,,
kleben,,,verb,to stick / glue / paste,আটকানো / সেঁটে লাগা,geklebt,hat,Die Briefmarke klebt nicht mehr.,,
Kleid,das,-er,noun,dress / garment,পোশাক / জামা,,,Ich habe mir ein neues Kleid gekauft.,,
Kleidung,die,,noun,clothing / clothes,পোশাক / কাপড়,,,Hier brauchen Sie auch im Sommer warme Kleidung.,,
klein,,,adj,small / little,ছোট,,,Unsere Wohnung ist klein.,,
klettern,,,verb,to climb,আরোহণ করা / চড়া,geklettert,ist,Die Kinder sind auf den Baum geklettert.,,
Klick,der,-s,noun,click,ক্লিক,,,"Um das Wort zu markieren, genügt ein Doppelklick mit der linken Maustaste.",,
klicken,,,verb,to click,ক্লিক করা,geklickt,hat,"Wenn du die Datei öffnen willst, musst du mit der Maus zweimal klicken.",,
Klima,das,,noun,climate,জলবায়ু,,,"Alle sagen, dass sich das Klima ändert.",,
Klimaanlage,die,-n,noun,air conditioning,এয়ার কন্ডিশনার,,,Im Sommer brauchen wir eine Klimaanlage.,,
Klingel,die,-n,noun,bell,ঘণ্টা / বেল,,,Drück bitte auf die Klingel!,,
klingeln,,,verb,to ring / ring the bell,ঘণ্টা বাজানো,geklingelt,hat,"Ich glaube, es hat an der Tür geklingelt.",,
klingen,,,verb,to sound,শোনানো / ধ্বনি হওয়া,geklungen,hat,"Wollen wir einkaufen gehen und danach zusammen kochen? – Ja, das klingt gut.",,
Klinik,die,-en,noun,clinic / hospital,ক্লিনিক / হাসপাতাল,,,"Ich muss in die Klinik, um meinen kranken Onkel zu besuchen.",,
klopfen,,,verb,to knock,টোকা দেওয়া / ধকধক করা,geklopft,hat,Da klopft jemand ans Fenster.,,
Kloß,der,¨-e,noun,dumpling (Germany),ডাম্পলিং (জার্মানি),,,"Möchten Sie zum Fleisch Kartoffeln oder Klöße? – Klöße, bitte.","D: Kloß, D/A: Knödel",
klug,,,adj,clever / smart / wise,চালাক / বুদ্ধিমান,,,Ich halte sie für klug.,,
klären,,,verb,to clarify / clear up / sort out,স্পষ্ট করা / সমাধান করা,geklärt,hat,"Ich hoffe, wir können dieses Problem bald klären.",,
knapp,,,adj,tight / scarce / just under,আঁট / অপ্রতুল / মাত্র,,,Mach schnell. Die Zeit ist knapp.,,
Kneipe,die,-n,noun,pub / bar (Germany),পাব / বার (জার্মানি),,,Gehen wir noch in eine Kneipe ein Bier trinken?,,
Knie,das,-,noun,knee,হাঁটু,,,Ich habe mich am Knie verletzt. Jetzt kann ich nicht laufen.,,
Knochen,der,-,noun,bone,হাড়,,,Ich bin hingefallen. Jetzt tun mir alle Knochen weh.,,
Knopf,der,¨-e,noun,button,বোতাম,,,An meiner Jacke fehlt ein Knopf.,,
Knödel,der,-,noun,dumpling (Germany/Austria),ডাম্পলিং (জার্মানি/অস্ট্রিয়া),,,Möchten Sie zum Fleisch Erdäpfel oder Knödel? – Knödel bitte.,"D/A: Knödel, D: Kloß",
Koch,der,¨-e,noun,cook / chef (male),রাঁধুনি / বাবুর্চি (পুরুষ),,,Ein Freund von mir ist Koch in einem teuren Restaurant.,,
kochen,,,verb,to cook / boil,রান্না করা / ফুটানো,gekocht,hat,Ich koche gern.,,
Koffer,der,-,noun,suitcase,সুটকেস,,,Ich habe den Koffer schon gepackt.,,
Kollege,der,-n,noun,colleague (male),সহকর্মী (পুরুষ),,,Ich habe guten Kontakt zu meinen Kollegen.,,
Kollegin,die,-nen,noun,colleague (female),সহকর্মী (মহিলা),,,Meine neue Kollegin ist sehr nett.,,
komisch,,,adj,strange / funny / odd,অদ্ভুত / মজার / হাস্যকর,,,Das Essen schmeckt komisch. Probier mal.,,
kommen,,,verb,to come,আসা,gekommen,ist,Woher kommen Sie? – Aus Frankreich.,,
Kommunikation,die,,noun,communication,যোগাযোগ / কমিউনিকেশন,,,Die Kommunikation zwischen den Abteilungen ist gut.,,
komplett,,,adj,complete / completely,সম্পূর্ণ / পুরোপুরি,,,Ich habe den Termin komplett vergessen.,,
kompliziert,,,adj,complicated,জটিল,,,Er schreibt viel zu kompliziert.,,
Kompromiss,der,-e,noun,compromise,আপস / সমঝোতা,,,Alle wollen etwas anderes. Wir müssen einen Kompromiss finden.,,
Konferenz,die,-en,noun,conference,সম্মেলন / কনফারেন্স,,,Die Konferenz findet in Raum 19 statt.,,
Konfitüre,die,-n,noun,jam / marmalade (Switzerland),জ্যাম / মোরব্বা (সুইজারল্যান্ড),,,Bring bitte noch ein Glas Konfitüre mit.,,
Konflikt,der,-e,noun,conflict,দ্বন্দ্ব / সংঘাত,,,Das ist ein alter Konflikt.,,
Konkurrenz,die,,noun,competition / rival,প্রতিযোগিতা / প্রতিদ্বন্দ্বী,,,Die Reparatur ist mir hier zu teuer. Bei der Konkurrenz bekomme ich sie für die Hälfte.,,
Konsulat,das,-e,noun,consulate,কনস্যুলেট,,,Ein Visum bekommst du auch im Konsulat.,,
Konsum,der,,noun,consumption,ভোগ / খরচ,,,Der Konsum von Lebensmitteln steigt.,,
konsumieren,,,verb,to consume,ভোগ করা / খাওয়া,konsumiert,hat,Die Europäer haben im letzten Jahr mehr Fleisch konsumiert.,,
Kontakt,der,-e,noun,contact,যোগাযোগ / কন্টাক্ট,,,Ich habe wenig Kontakt zu meinen Kollegen.,,
Konto,das,Konten,noun,account (bank),অ্যাকাউন্ট / হিসাব,,,Ich möchte ein Konto eröffnen.,,
Kontrolle,die,-n,noun,control / check / inspection,নিয়ন্ত্রণ / পরীক্ষা,,,An den Grenzen gibt es kaum noch Kontrollen.,,
kontrollieren,,,verb,to control / check / inspect,নিয়ন্ত্রণ করা / পরীক্ষা করা,kontrolliert,hat,Beim Auto müssen Sie regelmäßig das Öl kontrollieren.,,
Konzert,das,-e,noun,concert,কনসার্ট,,,Für das Konzert am Sonntag gibt es noch Karten.,,
Kopf,der,¨-e,noun,head,মাথা,,,Ich habe Kopfschmerzen.,,
Kopie,die,-n,noun,copy / photocopy,কপি / নকল,,,Machst du mir bitte eine Kopie?,,
kopieren,,,verb,to copy / photocopy,কপি করা / নকল করা,kopiert,hat,Kann ich mir diesen Artikel kopieren?,,
Kopierer,der,-,noun,copier / photocopier,ফটোকপিয়ার,,,Der Kopierer ist schon wieder kaputt.,,
korrekt,,,adj,correct,সঠিক / নির্ভুল,,,Ich habe die Rechnung geprüft. Alles ist korrekt.,,
Korridor,der,-e,noun,corridor (Germany/Switzerland),করিডোর (জার্মানি/সুইজারল্যান্ড),,,Wir warten draußen im Korridor.,"D/CH: Korridor, D: Flur, Gang",
korrigieren,,,verb,to correct,সংশোধন করা,korrigiert,hat,Können Sie bitte meinen Brief korrigieren?,,
kosten,,,verb,to taste / try (Austria),স্বাদ নেওয়া (অস্ট্রিয়া),gekostet,hat,Möchten Sie den Käse mal kosten?,"A: kosten, D/CH: probieren",
kostenlos,,,adj,free / free of charge,বিনামূল্যে,,,Diese Zeitschrift kostet nichts. Sie ist kostenlos.,,
Kostüm,das,-e,noun,costume,পোশাক / কস্টিউম,,,In dem Film tragen die Leute bunte Kostüme.,,
Kraft,die,¨-e,noun,strength / power / force,শক্তি / বল,,,Für diese Arbeit braucht man viel Kraft.,,
Kraftfahrzeug,das,-e,noun,motor vehicle,মোটরযান,,,Auf dieser Straße sind Kraftfahrzeuge nicht erlaubt.,,
Kraftwerk,das,-e,noun,power plant,বিদ্যুৎ কেন্দ্র,,,Die Menschen protestieren gegen das Kraftwerk.,,
krank,,,adj,sick / ill,অসুস্থ,,,Ich war zwei Wochen krank.,,
Kranke,der/die,-n,noun,sick person / patient,অসুস্থ ব্যক্তি / রোগী,,,Kranke brauchen viel Ruhe.,,
Krankenhaus,das,¨-er,noun,hospital,হাসপাতাল,,,Er hat sich verletzt und musste ins Krankenhaus.,,
Krankenkasse,die,-n,noun,health insurance company,স্বাস্থ্য বীমা কোম্পানি,,,Die Krankenkasse bezahlt die Medikamente.,,
Krankenpfleger,der,-,noun,nurse (male),নার্স (পুরুষ),,,Mein Bruder arbeitet als Krankenpfleger im Krankenhaus.,,
Krankenschwester,die,-n,noun,nurse (female),নার্স (মহিলা),,,Meine Cousine möchte gern Krankenschwester werden.,,
Krankenwagen,der,-,noun,ambulance,অ্যাম্বুলেন্স,,,Wir mussten einen Krankenwagen rufen.,,
Krankheit,die,-en,noun,illness / disease,অসুখ / ব্যাধি,,,Gegen welche Krankheiten sollte ich mich impfen lassen?,,
kreativ,,,adj,creative,সৃজনশীল,,,Die Kinder sind beim Basteln sehr kreativ.,,
Kredit,der,-e,noun,credit / loan,ক্রেডিট / ঋণ,,,Ich habe den Wagen auf Kredit gekauft.,,
Kreditkarte,die,-n,noun,credit card,ক্রেডিট কার্ড,,,Kann ich mit Kreditkarte zahlen?,,
Kreis,der,-e,noun,circle / district,বৃত্ত / জেলা,,,Die Kinder sitzen im Kindergarten im Kreis.,,
Kreuz,das,-e,noun,cross,ক্রুশ / ক্রস,,,Was bedeutet dieses Kreuz hier?,,
Kreuzung,die,-en,noun,intersection / crossroads,চৌরাস্তা / মোড়,,,Fahren Sie an der nächsten Kreuzung rechts.,,
Krieg,der,-e,noun,war,যুদ্ধ,,,Es herrscht noch immer Krieg in diesem Land.,,
kriegen,,,verb,to get / receive (informal),পাওয়া (অনানুষ্ঠানিক),gekriegt,hat,Haben Sie meinen Brief gekriegt?,,
Krimi,der,-s,noun,crime thriller / detective story,গোয়েন্দা কাহিনী,,,Heute Abend kommt ein spannender Krimi im Fernsehen.,,
Kriminal-,,,prefix,criminal (prefix),অপরাধ- (উপসর্গ),,,Ein Nachbar von uns arbeitet bei der Kriminalpolizei.,,
Kriminalpolizei,die,,noun,criminal police,অপরাধ পুলিশ,,,Ein Nachbar von uns arbeitet bei der Kriminalpolizei.,,
Krise,die,-n,noun,crisis,সংকট / ক্রাইসিস,,,Die Wirtschaft steckt in einer schweren Krise.,,
Kritik,die,-en,noun,criticism / review,সমালোচনা / পর্যালোচনা,,,Es gibt viel Kritik an der Politik der Regierung.,,
kritisch,,,adj,critical,সমালোচনামূলক / জটিল,,,Ein Journalist hat kritische Fragen gestellt.,,
kritisieren,,,verb,to criticize,সমালোচনা করা,kritisiert,hat,Kritisiere mich nicht so oft.,,
kräftig,,,adj,strong / powerful / hearty,শক্তিশালী / জোরালো,,,Der Mann ist kräftig. Er macht viel Sport und isst viel.,,
Kuchen,der,-,noun,cake,কেক,,,Ich habe einen Kuchen gebacken.,,
Kugelschreiber,der,-,noun,ballpoint pen,বলপেন,,,Mein Kugelschreiber ist weg.,,
Kuli,der,-s,noun,pen / ballpoint (informal),কলম / বলপেন (অনানুষ্ঠানিক),,,Hast du einen Kuli für mich?,,
Kultur,die,-en,noun,culture,সংস্কৃতি,,,Ich interessiere mich für andere Länder und Kulturen.,,
kulturell,,,adj,cultural,সাংস্কৃতিক,,,Es gibt große kulturelle Unterschiede zwischen den Ländern.,,
Kunde,der,-n,noun,customer / client (male),গ্রাহক (পুরুষ),,,Sie ist schon lange bei mir Kundin.,,
Kundin,die,-nen,noun,customer / client (female),গ্রাহক (মহিলা),,,"Einen Augenblick, bitte. Ich habe einen Kunden.",,
Kunst,die,¨-e,noun,art,শিল্প / কলা,,,Ich verstehe nichts von moderner Kunst.,,
Kunststoff,der,-e,noun,plastic / synthetic material,প্লাস্টিক / কৃত্রিম উপাদান,,,Der Stuhl ist aus Kunststoff.,,
Kurs,der,-e,noun,course / class,কোর্স / ক্লাস,,,Ich besuche regelmäßig einen Deutschkurs.,,
Kursleiter,der,-,noun,course instructor (male),কোর্স প্রশিক্ষক (পুরুষ),,,Die Kursleiterin ist mit unserer Kursgruppe manchmal in den Computerraum gegangen.,,
Kursleiterin,die,-nen,noun,course instructor (female),কোর্স প্রশিক্ষক (মহিলা),,,Die Kursleiterin ist mit unserer Kursgruppe manchmal in den Computerraum gegangen.,,
Kurve,die,-n,noun,curve / bend,বাঁক / মোড়,,,Fahr bitte nicht so schnell in die Kurven.,,
kurz,,,adj,short / briefly,ছোট / সংক্ষেপে,,,Ricardo hat kurze Haare.,,
Kuss,der,¨-e,noun,kiss,চুমু,,,Gib der Mama einen Kuss!,,
Kuvert,das,-s,noun,envelope (Austria),খাম (অস্ট্রিয়া),,,Ich hätte gern 50 Kuverts und Briefmarken dazu.,"A: Kuvert, D: Briefumschlag, CH: Couvert",
Kälte,die,,noun,cold / coldness,ঠান্ডা / শীতলতা,,,Bei dieser Kälte fahre ich nicht mit dem Fahrrad.,,
kämpfen,,,verb,to fight / struggle,লড়াই করা / সংগ্রাম করা,gekämpft,hat,Die Frauen kämpfen für mehr Rechte.,,
Käse,der,,noun,cheese,পনির / চিজ,,,Möchtest du Käse aufs Brot?,,
Käufer,der,-,noun,buyer / purchaser (male),ক্রেতা (পুরুষ),,,Ich habe schon einen Käufer für den alten Tisch.,,
Käuferin,die,-nen,noun,buyer / purchaser (female),ক্রেতা (মহিলা),,,Ich habe schon eine Käuferin für den alten Tisch.,,
Köchin,die,-nen,noun,cook / chef (female),রাঁধুনি / বাবুর্চি (মহিলা),,,Die Köchin macht das beste Essen.,,
König,der,-e,noun,king,রাজা,,,Der spanische König ist in Deutschland zu Besuch.,,
können,,,verb,can / to be able to,পারা / সক্ষম হওয়া,gekonnt,hat,Ich kann den schweren Koffer nicht tragen.,,
Körper,der,-,noun,body,দেহ / শরীর,,,"Der Arzt sagt, ich muss etwas für meinen Körper tun, z. B. schwimmen oder Fahrrad fahren.",,
körperlich,,,adj,physical / bodily,শারীরিক / দৈহিক,,,Körperliche Arbeit macht mir nichts aus.,,
Küche,die,-n,noun,kitchen / cuisine,রান্নাঘর / রন্ধনশৈলী,,,"Ich suche eine Wohnung mit drei Zimmern, Küche und Bad.",,
kühl,,,adj,cool / chilly,শীতল / ঠান্ডা,,,Es ist kühl draußen. Zieh dir eine Jacke an.,,
Kühlschrank,der,¨-e,noun,refrigerator / fridge,ফ্রিজ / রেফ্রিজারেটর,,,Stell die Milch in den Kühlschrank!,,
kündigen,,,verb,to quit / give notice / cancel,পদত্যাগ করা / নোটিশ দেওয়া,gekündigt,hat,Ich war mit meiner Stelle nicht zufrieden und habe gekündigt.,,
Kündigung,die,-en,noun,dismissal / notice / cancellation,বরখাস্ত / নোটিশ / বাতিল,,,Ich habe die Kündigung bekommen. Jetzt bin ich arbeitslos.,,
Künstler,der,-,noun,artist (male),শিল্পী (পুরুষ),,,In diesem Stadtteil wohnen viele Künstler.,,
Künstlerin,die,-nen,noun,artist (female),শিল্পী (মহিলা),,,Neben uns wohnt eine Musikerin.,,
künstlich,,,adj,artificial / synthetic,কৃত্রিম,,,Ich mag kein künstliches Licht.,,
kürzlich,,,adv,recently / lately,সম্প্রতি / কিছুদিন আগে,,,"Wir haben doch kürzlich darüber gesprochen, dass wir am Wochenende wegfahren wollen.",,
küssen,,,verb,to kiss,চুমু খাওয়া,geküsst,hat,Er nahm sie in die Arme und küsste sie.,,
Küste,die,-n,noun,coast / coastline,উপকূল,,,Unser Dorf liegt direkt an der Küste.,,
lachen,,,verb,to laugh,হাসা,gelacht,hat,Lachen ist gesund.,,
Laden,der,¨-,noun,shop / store,দোকান,,,Dieses Kleid habe ich in einem Laden im Zentrum gekauft.,,
Lage,die,,noun,location / situation,অবস্থান / পরিস্থিতি,,,Wir suchen eine Wohnung an/in zentraler Lage.,,
Lager,das,-,noun,storage / warehouse / camp,গুদাম / স্টোর / ক্যাম্প,,,"Ich weiß nicht, ob wir diesen Schuh in Ihrer Größe haben. Ich sehe mal im Lager nach.",,
Lampe,die,-n,noun,lamp / light,বাতি / ল্যাম্প,,,Ich habe mir eine neue Lampe gekauft.,,
Land,das,¨-er,noun,country / land / countryside,দেশ / ভূমি / গ্রামাঞ্চল,,,Deutschland ist ein schönes Land.,,
landen,,,verb,to land,অবতরণ করা / নামা,gelandet,ist,Wir sind erst um 20 Uhr in München gelandet.,,
Landschaft,die,-en,noun,landscape / scenery,প্রাকৃতিক দৃশ্য / ল্যান্ডস্কেপ,,,Die Landschaft ist sehr hügelig.,,
Landung,die,-en,noun,landing,অবতরণ,,,Bei der Landung müssen Sie sich anschnallen.,,
Landwirtschaft,die,,noun,agriculture / farming,কৃষি / কৃষিকাজ,,,Auf dem Land arbeiten die meisten Leute in der Landwirtschaft.,,
lang,,,adj,long,লম্বা,,,Der Teppich ist 3 m lang und 2 m breit.,,
lange/lang,,,adv,long / for a long time,অনেকক্ষণ / দীর্ঘ সময়,,,Wie lange dauert die Fahrt von Hamburg nach Berlin?,,
Langeweile,die,,noun,boredom,একঘেয়েমি / বিরক্তি,,,Er ist aus Langeweile eingeschlafen.,,
langsam,,,adj,slow / slowly,ধীরে / আস্তে,,,Könnten Sie bitte etwas langsamer sprechen?,,
langweilig,,,adj,boring,একঘেয়ে / বিরক্তিকর,,,Der Film war sehr langweilig.,,
lassen,,,verb,to let / leave / allow,ছেড়ে দেওয়া / দেওয়া / অনুমতি দেওয়া,gelassen,hat,Ich habe mein Gepäck am Bahnhof gelassen.,,
Laster,der,-,noun,truck / lorry,ট্রাক / লরি,,,Auf der Autobahn waren so viele Laster.,,
laufen,,,verb,to run / walk / go,দৌড়ানো / হাঁটা / চলা,gelaufen,ist,"Ich bin gestern 100 m in 10,4 Sekunden gelaufen.",,
Laufwerk,das,-e,noun,disk drive / drive,ডিস্ক ড্রাইভ,,,Für meinen Computer habe ich mir ein neues Laufwerk gekauft.,,
Laune,die,-n,noun,mood / temper,মেজাজ / মনোভাব,,,"Heute geht es mir besser, aber gestern hatte ich richtig schlechte Laune.",,
laut,,,adj,loud / according to,জোরে / অনুযায়ী,,,Lass uns gehen. Hier ist es mir zu laut.,,
Lautsprecher,der,-,noun,loudspeaker / speaker,লাউডস্পিকার,,,Bitte achten Sie auch auf die Lautsprecher-Ansagen am Bahnhof.,,
Leben,das,,noun,life,জীবন,,,Ich habe mich an das Leben auf dem Land gewöhnt.,,
Lebenslauf,der,¨-e,noun,CV / resume / curriculum vitae,জীবনবৃত্তান্ত / সিভি,,,Hast du den Lebenslauf für die Bewerbung schon geschrieben?,,
Lebensmittel,,(Pl.),noun,food / groceries,খাদ্যদ্রব্য / খাবার,,,Lebensmittel werden immer teurer.,,
lecker,,,adj,delicious / tasty,সুস্বাদু / মজাদার,,,Das Essen war sehr lecker.,,
Leder,das,,noun,leather,চামড়া,,,Ist die Tasche aus Leder?,,
ledig,,,adj,single / unmarried,অবিবাহিত,,,Wie ist Ihr Familienstand? – Ledig.,,
leer,,,adj,empty,খালি,,,Das Restaurant war fast leer.,,
legen,,,verb,to lay / put / place,রাখা / স্থাপন করা,gelegt,hat,Ich habe Ihnen die Briefe auf den Schreibtisch gelegt.,,
Lehre,die,,noun,apprenticeship / teaching,শিক্ষানবিশি / শিক্ষা,,,Mein Cousin will eine dreijährige Lehre machen.,,
Lehrer,der,-,noun,teacher (male),শিক্ষক (পুরুষ),,,Die Lehrerin hat heute viele Hausaufgaben gegeben.,,
Lehrerin,die,-nen,noun,teacher (female),শিক্ষিকা (মহিলা),,,Die Lehrerin hat heute viele Hausaufgaben gegeben.,,
Lehrling,der,-e,noun,apprentice / trainee,শিক্ষানবিশ,,,Als Lehrling verdient man nicht sehr viel Geld.,,
Lehrstelle,die,-n,noun,apprenticeship position,শিক্ষানবিশির জায়গা,,,Es sind noch viele Lehrstellen frei.,,
leicht,,,adj,light / easy,হালকা / সহজ,,,Der Koffer ist ganz leicht. Ich kann ihn allein tragen.,,
leid tun,,,verb,to be sorry / feel sorry,দুঃখিত হওয়া / খারাপ লাগা,leidgetan,hat,Die Frau tut mir leid.,,
leiden,,,verb,to suffer,ভোগা / কষ্ট পাওয়া,gelitten,hat,Er leidet an einer schweren Krankheit.,,
leider,,,adv,unfortunately,দুর্ভাগ্যবশত,,,Da kann ich Ihnen leider nicht helfen.,,
leihen,,,verb,to lend / borrow,ধার দেওয়া / ধার নেওয়া,geliehen,hat,Ich habe mir von meinem Bruder 50 Euro geliehen.,,
leise,,,adj,quiet / soft / low,চুপ / আস্তে / মৃদু,,,Seid leise. Die anderen schlafen schon.,,
leisten,,,verb,to achieve / afford / perform,সাধ্য হওয়া / সম্পাদন করা,geleistet,hat,So ein teures Auto kann ich mir leider nicht leisten.,,
Leistung,die,-en,noun,performance / achievement,কর্মক্ষমতা / অর্জন,,,Meine Leistungen in der Schule sind ganz gut.,,
leiten,,,verb,to lead / manage / direct,পরিচালনা করা / নেতৃত্ব দেওয়া,geleitet,hat,Wer leitet den Kurs?,,
Leiter,die,-n,noun,ladder,মই / সিঁড়ি,,,Haben Sie eine Leiter für mich? Ich will die Fenster putzen.,,
Leiterin,die,-nen,noun,leader / manager / head (female),নেত্রী / পরিচালক (মহিলা),,,Wie heißt die Leiterin der Schule?,,
Leitung,die,-en,noun,management / line / cable / pipe,ব্যবস্থাপনা / লাইন / পাইপ,,,Ab 1. Juli übernimmt Herr Meier die Leitung der Abteilung.,,
lernen,,,verb,to learn,শেখা,gelernt,hat,Wie lange lernen Sie schon Deutsch?,,
Lerner,der,-,noun,learner (male),শিক্ষার্থী (পুরুষ),,,Sie ist eine fleißige Lernerin.,,
Lernerin,die,-nen,noun,learner (female),শিক্ষার্থী (মহিলা),,,Sie ist eine fleißige Lernerin.,,
lesen,,,verb,to read,পড়া,gelesen,hat,"Ich habe gelesen, dass es ab heute Sonderangebote gibt.",,
Leser,der,-,noun,reader (male),পাঠক (পুরুষ),,,Die Leserinnen und Leser sind mit der Zeitung zufrieden.,,
Leserin,die,-nen,noun,reader (female),পাঠিকা (মহিলা),,,Die Leserinnen und Leser sind mit der Zeitung zufrieden.,,
letzt-,,,adj,last / latest,শেষ / সর্বশেষ,,,Was hast du letzte Woche gemacht?,,
Leute,,(Pl.),noun,people,লোকজন / মানুষ,,,Auf der Party waren viele Leute.,,
Lexikon,das,-Lexika,noun,encyclopedia / lexicon,অভিধান / বিশ্বকোষ,,,Wir könnten im Lexikon nachsehen.,,
Licht,das,-er,noun,light,আলো,,,Kannst du bitte Licht machen? Ich kann so nichts sehen.,,
lieb,,,adj,dear / kind / nice / sweet,প্রিয় / দয়ালু / সুন্দর,,,Die Kinder waren heute sehr lieb.,,
Liebe,die,,noun,love,ভালোবাসা / প্রেম,,,Wir haben aus Liebe geheiratet.,,
lieben,,,verb,to love,ভালোবাসা,geliebt,hat,Ich liebe meine Familie.,,
Lieblings-,,,prefix,favorite- / favourite-,প্রিয়- / পছন্দের-,,,Mein Lieblingsessen ist Pizza.,,
Lied,das,-er,noun,song,গান,,,Zu deinem Geburtstag singen wir dir ein Lied.,,
liefern,,,verb,to deliver / supply,সরবরাহ করা / ডেলিভারি করা,geliefert,hat,Wir liefern Ihnen das Regal direkt ins Haus.,,
Lieferung,die,-en,noun,delivery / shipment,ডেলিভারি / সরবরাহ,,,Sie bezahlen erst bei der Lieferung.,,
liegen,,,verb,to lie / be located,শোয়া / অবস্থিত হওয়া,gelegen,hat/ist,Der Brief liegt schon auf Ihrem Schreibtisch.,,
lienstand,,,,,,,,,,
Lift,der,-e,noun,lift / elevator,লিফট / এলিভেটর,,,Im Büro ist leider der Lift kaputt.,D/A: Lift/Aufzug,
Limonade,die,-n,noun,lemonade / soft drink,লেবুর শরবত / কোমল পানীয়,,,Die Limonade ist sehr süß.,,
Linie,die,-n,noun,line / route,লাইন / রুট,,,Zum Hauptbahnhof können Sie mit der Linie 8 fahren.,,
link-,,,adj,left / left-hand,বাম / বাম দিকের,,,Er hat sich das linke Bein gebrochen.,,
links,,,adv,left / on the left,বামে / বাম দিকে,,,An der Kreuzung müssen Sie nach links abbiegen.,,
Lippe,die,-n,noun,lip,ঠোঁট,,,Es ist sehr kalt. Meine Lippen sind ganz trocken.,,
Liste,die,-n,noun,list,তালিকা / লিস্ট,,,Was brauchen wir für die Party? – Mach doch eine Einkaufsliste.,,
Literatur,die,,noun,literature,সাহিত্য,,,Ich interessiere mich für Literatur.,,
loben,,,verb,to praise,প্রশংসা করা,gelobt,hat,Ich habe alle Hausaufgaben gemacht. Der Lehrer hat mich heute gelobt.,,
Loch,das,¨-er,noun,hole,গর্ত / ছিদ্র,,,Ich habe ein Loch im Zahn. Ich muss zum Zahnarzt.,,
locker,,,adj,loose / relaxed,ঢিলা / আরামদায়ক,,,Lassen Sie bitte die Arme ganz locker und atmen Sie tief ein.,,
Lohn,der,¨-e,noun,wage / pay / salary,মজুরি / বেতন,,,Sie bekommen Ihren Lohn immer am Ende des Monats.,,
Lokal,das,-e,noun,restaurant / pub / venue,রেস্তোরা / লোকাল,,,Gibt es hier in der Nähe ein gemütliches Lokal?,,
los/los-,,,particle,go / let's go / off (prefix),চলো / শুরু (উপসর্গ),,,Los! Beeilt euch!,,
losfahren,,,verb,to set off / drive off / depart,রওনা হওয়া / গাড়ি ছেড়ে দেওয়া,losgefahren,ist,Wir fahren um 8 Uhr los. Sei bitte pünktlich.,,
Luft,die,,noun,air,বাতাস / বায়ু,,,"Oh, hier ist aber schlechte Luft.",,
Lust,die,,noun,desire / pleasure / inclination,ইচ্ছা / আগ্রহ,,,Ich habe keine Lust zu grillen.,,
lustig,,,adj,funny / amusing / cheerful,মজার / হাস্যকর,,,Ich habe einen lustigen Film gesehen.,,
lächeln,,,verb,to smile,হাসি / মুচকি হাসা,gelächelt,hat,Schauen Sie in die Kamera. Bitte lächeln!,,
Länge,die,,noun,length,দৈর্ঘ্য,,,"Mein Schreibtisch hat folgende Maße: Länge 1.20 m, Breite: 0.85 m, Höhe: 0.75 m.",,
längst,,,adv,long ago / long since,অনেক আগেই / বহু আগে,,,Wann reparierst du die Heizung? – Die habe ich schon längst repariert.,,
Lärm,der,,noun,noise / loud noise,শব্দ / গোলমাল,,,Die Flugzeuge machen einen schrecklichen Lärm.,,
Löffel,der,-,noun,spoon,চামচ,,,"Bitte, bringen Sie mir einen Löffel.",,
löschen,,,verb,to delete / erase / extinguish,মোছা / ডিলিট করা / নেভানো,gelöscht,hat,Du kannst die Datei löschen. Ich brauche sie nicht mehr.,,
lösen,,,verb,to solve / resolve / buy (ticket),সমাধান করা / কেনা (টিকিট),gelöst,hat,Wir müssen dieses Problem lösen.,,
Lösung,die,-en,noun,solution,সমাধান,,,Wir fahren alle zusammen mit dem Zug. Das ist die beste Lösung.,,
Lüge,die,-n,noun,lie / falsehood,মিথ্যা,,,Das ist eine Lüge!,,
lügen,,,verb,to lie / tell a lie,মিথ্যা বলা,gelogen,hat,Du sollst nicht lügen.,,
machen,,,verb,to make / do,করা / বানানো,gemacht,hat,Was machst du am Wochenende?,,
Magazin,das,-e,noun,magazine,ম্যাগাজিন,,,Jugendliche lesen dieses Magazin gern.,,
Magen,der,¨-,noun,stomach,পাকস্থলী / পেট,,,Mir tut der Magen weh. Ich habe Magenschmerzen.,,
mager,,,adj,lean / low-fat / thin,চর্বিহীন / রোগা,,,Bitte 1 kg mageres Fleisch.,,
Mahlzeit,die,-en,noun,meal / mealtime,খাবার / আহার,,,Die Tropfen bitte immer nach den Mahlzeiten einnehmen.,,
Mahnung,die,-en,noun,reminder / dunning letter,স্মরণপত্র / তাগাদা,,,"Wenn du die Rechnung nicht pünktlich bezahlst, bekommst du eine Mahnung.",,
Mal,das,-e,noun,time / occasion,বার / সময়,,,Das machen wir nächstes Mal.,,
malen,,,verb,to paint / draw,আঁকা / রং করা,gemalt,hat,Das Bild hat mein Vater gemalt.,,
Maler,der,-,noun,painter (male),চিত্রকর (পুরুষ),,,Wir haben die Maler im Haus.,,
Malerin,die,-nen,noun,painter (female),চিত্রকর (মহিলা),,,Die Malerin stellt ihre Bilder aus.,,
man,,,pronoun,one / you / they (impersonal),লোকজন / মানুষ (অনির্দিষ্ট),,,Wie schreibt man das?,,
manch-,,,pronoun,some / many a,কিছু / কোনো কোনো,,,Manche Nachbarn sind unfreundlich.,,
manchmal,,,adv,sometimes,কখনও কখনও / মাঝে মাঝে,,,Manchmal gehe ich mit meiner Frau ins Café.,,
Mangel,der,¨-,noun,lack / shortage / defect,অভাব / ঘাটতি / ত্রুটি,,,In dieser Stadt gibt es einen großen Mangel an Wohnungen.,,
Mann,der,¨-er,noun,man / husband,পুরুষ / স্বামী,,,In unserer Firma arbeiten fast nur Männer.,,
Mannschaft,die,-en,noun,team / crew,দল / টিম,,,Unsere Mannschaft hat 0:1 verloren.,,
Mantel,der,¨-,noun,coat / overcoat,কোট / ওভারকোট,,,Es ist sehr kalt. Zieh deinen Mantel an.,,
Mappe,die,-n,noun,folder / briefcase,ফোল্ডার / ফাইল,,,Mein Pass ist in dieser Mappe.,,
Margarine,die,,noun,margarine,মার্জারিন,,,Meine Frau isst nur Margarine und keine Butter.,,
Marille,die,-n,noun,apricot (Austria),এপ্রিকট / খুবানি (অস্ট্রিয়া),,,Schmecken dir die Marillen?,"A: Marille, D/CH: Aprikose",
Marke,die,-n,noun,brand / stamp / mark,ব্র্যান্ড / মার্কা / স্ট্যাম্প,,,Ich brauche bitte fünf Briefmarken zu 1 Euro.,,
markieren,,,verb,to mark / highlight,চিহ্নিত করা / দাগ কাটা,markiert,hat,Hier ist unser Hotel. Ich markiere Ihnen auf dem Plan den Weg zum Bahnhof.,,
Markt,der,¨-e,noun,market,বাজার,,,Ich gehe heute auf den Markt.,,
Marmelade,die,-n,noun,jam / marmalade (Germany/Austria),জ্যাম / মোরব্বা (জার্মানি/অস্ট্রিয়া),,,Bring bitte noch ein Glas Marmelade mit.,,
Maschine,die,-n,noun,machine / engine / aircraft,মেশিন / ইঞ্জিন,,,Ich habe eine neue Kaffeemaschine.,,
mate,,,,,,,,,,
Material,das,,noun,material,উপাদান / ম্যাটেরিয়াল,,,Aus welchem Material ist der Schrank? – Aus Holz.,,
Matura,die,,noun,school-leaving exam (Austria/Switzerland),স্কুল সমাপনী পরীক্ষা (অস্ট্রিয়া/সুইজারল্যান্ড),,,Meine Tochter hat gerade die Matura gemacht.,"A/CH: Matura, D: Abitur",
Mauer,die,-n,noun,wall (stone/brick),দেওয়াল (পাথর/ইটের),,,Die Kinder sind über die Mauer geklettert.,,
maximal,,,adj,maximum / at most,সর্বোচ্চ,,,Wie lange braucht ein Brief? – Maximal zwei Tage.,,
Mechaniker,der,-,noun,mechanic (male),মেকানিক (পুরুষ),,,Das kann nur ein Mechaniker reparieren.,,
Mechanikerin,die,-nen,noun,mechanic (female),মেকানিক (মহিলা),,,Die Mechanikerin repariert das Auto.,,
Medien,,(Pl.),noun,media,মিডিয়া / গণমাধ্যম,,,Umweltschutz ist in den Medien ein großes Thema.,,
Medikament,das,-e,noun,medication / medicine,ঔষধ / মেডিসিন,,,Dieses Medikament gibt es nur auf Rezept.,,
Medizin,die,,noun,medicine (field/substance),ঔষধ / চিকিৎসা বিদ্যা,,,Du musst noch deine Medizin nehmen.,,
Meer,das,-e,noun,sea / ocean,সমুদ্র,,,Wir machen immer Urlaub am Meer.,,
Mehl,das,,noun,flour,ময়দা / আটা,,,Ich möchte einen Kuchen backen. Ist noch genug Mehl da?,,
mehr,,,adv,more,আরও / বেশি,,,Ich habe diesmal mehr gelernt als bei der letzten Prüfung.,,
mehrere,,,pronoun,several / multiple,একাধিক / বেশ কয়েকটি,,,Ich habe mehrere Leute gefragt. Aber niemand konnte mir helfen.,,
Mehrheit,die,-en,noun,majority,সংখ্যাগরিষ্ঠতা,,,Die Mehrheit der Menschen in Deutschland besitzt ein Handy.,,
Mehrwertsteuer,die,,noun,value-added tax (VAT),মূল্য সংযোজন কর (ভ্যাট),,,Die Mehrwertsteuer bei diesem Produkt beträgt 20 %.,,
meinen,,,verb,to mean / think / opine,মত প্রকাশ করা / মনে করা,gemeint,hat,Dieser Film ist gut. Was meinst du?,,
meinetwegen,,,adv,as far as I'm concerned / for all I care,আমার জন্য / আমার কারণে,,,Meinetwegen kannst du heute das Auto haben.,,
Meinung,die,-en,noun,opinion,মতামত / অভিমত,,,"Ich bin der Meinung, dass du recht hast.",,
meist(ens),,,adv,mostly / usually,বেশিরভাগ সময় / সাধারণত,,,Meistens trinke ich zum Frühstück nur einen Kaffee.,,
meist-,,,pronoun,most / the majority,অধিকাংশ / বেশিরভাগ,,,Das Meiste verstehe ich.,,
Meister,der,-,noun,master / champion / foreman,ওস্তাদ / চ্যাম্পিয়ন / মিস্ত্রী,,,"Ich weiß nicht, wie man das macht. – Dann frag doch den Meister.",,
melden,,,verb,to report / announce / get in touch,জানানো / রিপোর্ট করা / যোগাযোগ করা,gemeldet,hat,Ich habe schon zweimal angerufen. Aber es meldet sich niemand.,,
Meldung,die,-en,noun,report / announcement / news,রিপোর্ট / সংবাদ,,,Hast du die Meldung im Radio gehört? Es wird starken Sturm geben.,,
Menge,die,-n,noun,quantity / amount / crowd / lot,পরিমাণ / অনেক / ভিড়,,,"Diesen Preis gibt es nur, wenn Sie große Mengen kaufen.",,
Mensa,die,-s/-en,noun,student cafeteria / canteen,ছাত্র ক্যান্টিন,,,Ich esse fast jeden Tag in der Mensa.,,
Mensch,der,-en,noun,human / person,মানুষ / ব্যক্তি,,,Die Menschen sind hier ein bisschen anders als im Süden.,,
menschlich,,,adj,human / humane,মানবিক / মানুষের,,,Fehler zu machen ist menschlich.,,
Menü,das,-s,noun,menu / set meal,মেনু / খাবার তালিকা,,,"Nimm doch das Menü, das sieht gut aus.",,
merken,,,verb,to notice / realize / remember,খেয়াল করা / মনে রাখা,gemerkt,hat,"Ich habe nicht gemerkt, dass es schon so spät ist.",,
merkwürdig,,,adj,strange / odd / peculiar,অদ্ভুত / বিস্ময়কর,,,Das ist eine merkwürdige Geschichte.,,
Messe,die,-n,noun,trade fair / exhibition,মেলা / প্রদর্শনী,,,Kommst du mit zur Automobilmesse?,,
messen,,,verb,to measure,মাপা / পরিমাপ করা,gemessen,hat,Haben Sie schon Fieber gemessen?,,
Messer,das,-,noun,knife,ছুরি,,,Das Messer schneidet nicht gut.,,
Metall,das,-e,noun,metal,ধাতু,,,Dieser Tisch hier ist ganz aus Metall.,,
Methode,die,-n,noun,method,পদ্ধতি / প্রণালী,,,"Weißt du eine gute Methode, um schnell gut Deutsch zu lernen?",,
Metropole,die,-n,noun,metropolis,মহানগরী,,,Berlin und Wien sind Metropolen.,,
Metzger,der,-,noun,butcher,কসাই,,,Dieser Metzger hat sehr gute Wurst.,"D: Metzger, A: Fleischhauer",
Miete,die,-n,noun,rent,ভাড়া,,,Unsere Miete ist sehr hoch.,,
mieten,,,verb,to rent / hire,ভাড়া নেওয়া,gemietet,hat,Wir haben die Wohnung für drei Jahre gemietet.,,
Mieter,der,-,noun,tenant / renter (male),ভাড়াটিয়া (পুরুষ),,,Sie hat heute neue Mieter für die Wohnung gefunden.,,
Mieterin,die,-nen,noun,tenant / renter (female),ভাড়াটিয়া (মহিলা),,,Sie hat heute neue Mieterinnen für die Wohnung gefunden.,,
Migrant,der,-en,noun,migrant (male),অভিবাসী (পুরুষ),,,Viele Migranten kommen aus Osteuropa.,,
Migrantin,die,-nen,noun,migrant (female),অভিবাসী (মহিলা),,,Viele Migrantinnen kommen aus Osteuropa.,,
Migration,die,,noun,migration,অভিবাসন / মাইগ্রেশন,,,Gestern gab es im Fernsehen eine Diskussion zum Thema Migration.,,
Milch,die,,noun,milk,দুধ,,,Stellst du bitte die Milch in den Kühlschrank?,,
mild,,,adj,mild / gentle / moderate,মৃদু / হালকা / নম্র,,,"Möchten Sie die Soße scharf? – Nein, bitte ganz mild.",,
Minderheit,die,-en,noun,minority,সংখ্যালঘু,,,Frauen sind in unserer Firma in der Minderheit.,,
mindestens,,,adv,at least,কমপক্ষে / অন্তত,,,Ein guter Fernsehapparat kostet mindestens 500 Euro.,,
Mineralwasser,das,,noun,mineral water,মিনারেল ওয়াটার,,,Kann ich bitte ein Mineralwasser haben?,,
minimal,,,adj,minimal / very small,ন্যূনতম / খুব ছোট,,,Da ist nur ein minimaler Unterschied.,,
mischen,,,verb,to mix,মেশানো / মিশ্রিত করা,gemischt,hat,Ich möchte ein gemischtes Eis mit Sahne.,,
miss-,,,prefix,mis- / wrong / bad (prefix),ভুল- / খারাপ- (উপসর্গ),,,Die Konferenz war ein Misserfolg.,,
mit,,,preposition,with / by / along,সাথে / দিয়ে,,,Ich gehe heute Abend mit Maria aus.,,
Mitarbeiter,der,-,noun,employee / colleague (male),কর্মচারী / সহকর্মী (পুরুষ),,,Unsere Firma hat sieben Mitarbeiter.,,
Mitarbeiterin,die,-nen,noun,employee / colleague (female),কর্মচারী / সহকর্মী (মহিলা),,,Unsere Firma hat sieben Mitarbeiterinnen.,,
miteinander,,,adv,with each other / together,একে অপরের সাথে / একসাথে,,,Sprechen Sie bitte miteinander.,,
Mitglied,das,-er,noun,member,সদস্য,,,Für Mitglieder ist der Eintritt zum Konzert gratis.,,
Mitte,die,,noun,middle / center,মধ্য / কেন্দ্র,,,Wo möchten Sie sitzen? – In der Mitte.,,
mitteilen,,,verb,to inform / notify / communicate,জানানো / অবহিত করা,mitgeteilt,hat,Den Prüfungstermin teilen wir Ihnen noch mit.,,
Mittel,das,-,noun,means / remedy / agent,উপায় / প্রতিকার / মাধ্যম,,,Haben Sie ein Mittel gegen Magenschmerzen?,,
mitten,,,adv,in the middle of,মাঝখানে,,,Wir haben eine Wohnung mitten in der Stadt.,,
mittler-,,,adj,middle / medium / central,মধ্যম / মধ্যবর্তী,,,In den mittleren Reihen sind noch Plätze frei.,,
mittlerweile,,,adv,meanwhile / by now,ইতিমধ্যে / এর মধ্যে,,,Am Anfang war die Arbeit schwer. Mittlerweile habe ich mich daran gewöhnt.,,
mobil/mobil-,,,adj,mobile,মোবাইল / চলনশীল,,,Mit dem Fahrrad bin ich in der Stadt sehr mobil.,,
Mobilbox,die,-en,noun,voicemail / mobile mailbox,ভয়েসমেইল / মোবাইল বক্স,,,Ich habe zwei Nachrichten auf meiner Mobilbox.,,
Mobilität,die,-en,noun,mobility,গতিশীলতা,,,Sprachen zu lernen fördert die Mobilität.,,
Mobiltelefon,das,-e,noun,mobile phone,মোবাইল ফোন,,,Wie kann ich Sie erreichen? Haben Sie ein Mobiltelefon?,,
Mode,die,-n,noun,fashion / mode,ফ্যাশন / ধরণ,,,Wie findest du die neue Mode?,,
Modell,das,-e,noun,model,মডেল / নমুনা,,,Wie findest du dieses Auto? – Dieses Modell gefällt mir nicht.,,
modern,,,adj,modern,আধুনিক,,,Die Wohnung ist modern eingerichtet.,,
Moment,der,-e,noun,moment,মুহূর্ত / ক্ষণ,,,Warten Sie bitte einen Moment.,,
Mond,der,-e,noun,moon,চাঁদ,,,Bei Vollmond kann ich nicht schlafen.,,
Monitor,der,-e,noun,monitor / screen,মনিটর / স্ক্রিন,,,Ich habe mir einen größeren Monitor gekauft.,,
Motor,der,-en,noun,motor / engine,মোটর / ইঞ্জিন,,,Der Motor ist kaputt. Das Auto fährt nicht mehr.,,
Motorrad,das,¨-er,noun,motorcycle,মোটরসাইকেল,,,Oskar fährt jeden Tag mit dem Motorrad zur Arbeit.,,
Mund,der,¨-er,noun,mouth,মুখ,,,Sie haben Halsschmerzen? Bitte machen Sie mal den Mund auf.,,
Museum,das,Museen,noun,museum,জাদুঘর / মিউজিয়াম,,,Wir waren mit unserer Klasse im Museum.,,
Musik,die,,noun,music,সঙ্গীত / গান,,,Wie findest du die Musik?,,
musikalisch,,,adj,musical / musically talented,সঙ্গীতপ্রিয় / সঙ্গীত-সংক্রান্ত,,,"Sie ist sehr musikalisch: Sie spielt Klavier, Flöte und Geige.",,
Musiker,der,-,noun,musician (male),সঙ্গীতজ্ঞ (পুরুষ),,,Mein Bruder möchte Musiker werden.,,
Musikerin,die,-nen,noun,musician (female),সঙ্গীতজ্ঞ (মহিলা),,,Meine Schwester ist Musikerin.,,
Muskel,der,-n,noun,muscle,মাংসপেশী,,,Im Fitness-Studio trainieren wir unsere Muskeln.,,
Mut,der,,noun,courage / bravery,সাহস,,,"Man braucht viel Mut, um in einem fremden Land ganz neu anzufangen.",,
mutig,,,adj,courageous / brave,সাহসী,,,"Es war sehr mutig von dir, deine Meinung laut zu sagen.",,
Mutter,die,¨-,noun,mother,মা,,,Meine Mutter heißt Klara.,,
Muttersprache,die,-n,noun,native language / mother tongue,মাতৃভাষা,,,Was ist Ihre Muttersprache?,,
Mädchen,das,-,noun,girl,মেয়ে,,,Familie Kurz hat zwei Mädchen und einen Jungen.,,
männlich,,,adj,male / masculine,পুরুষ / পুংলিঙ্গ,,,Kreuzen Sie bitte an: weiblich oder maennlich.,,
Märchen,das,-,noun,fairy tale,রূপকথা / পরী কাহিনী,,,Meine Großmutter hat uns viele Märchen erzählt.,,
Möbel,das,-,noun,furniture (piece of),আসবাবপত্র,,,Wir haben uns neue Möbel gekauft.,,
möbliert,,,adj,furnished,আসবাবপত্র-সহ,,,Ich suche ein möbliertes Zimmer.,,
möchten,,,verb,would like to,চাই / ইচ্ছা করা,gemocht,hat,Möchtest du auch einen Kaffee?,,
mögen,,,verb,to like,পছন্দ করা,gemocht,hat,Ich mag keinen Reis.,,
möglich,,,adj,possible,সম্ভব,,,Kann ich bitte sofort einen Termin haben? – Das ist leider nicht möglich.,,
Möglichkeit,die,-en,noun,possibility / option / opportunity,সম্ভাবনা / সুযোগ,,,Sie wollen ans Meer? Da gibt es mehrere Möglichkeiten.,,
möglichst,,,adv,as...as possible / if possible,যতটা সম্ভব,,,"Sagen Sie mir bitte möglichst bald, ob Ihnen der Termin passt.",,
Möhre,die,-n,noun,carrot (Germany),গাজর (জার্মানি),,,Hasen fressen gern Möhren.,"D: Möhre, Karotte, CH: Rüebli",
müde,,,adj,tired,ক্লান্ত,,,Ich bin müde. Ich gehe schlafen.,,
Müesli/Müsli,das,-,noun,muesli / granola,মুয়েসলি,,,Zum Frühstück gibt es Müsli mit Obst.,,
Mühe,die,,noun,effort / trouble,পরিশ্রম / কষ্ট,,,Vielen Dank für Ihre Mühe.,,
Müll,der,,noun,garbage / trash / waste,আবর্জনা / ময়লা,,,Bringst du bitte noch den Müllsack raus?,,
Müllabfuhr,die,,noun,garbage collection,আবর্জনা সংগ্রহ,,,Die Müllabfuhr kommt zweimal pro Woche.,,
Mülltonne,die,-n,noun,garbage bin / trash can,আবর্জনার পাত্র / ডাস্টবিন,,,Die Mülltonne ist voll.,,
mündlich,,,adj,oral / verbal,মৌখিক,,,Die mündliche Prüfung ist erst nächste Woche.,,
Münze,die,-n,noun,coin,মুদ্রা / কয়েন,,,Der Automat nimmt nur Münzen.,,
müssen,,,verb,must / have to / need to,অবশ্যই / করতে হবে,gemusst,hat,Wie lange müssen Sie arbeiten?,,
nach,,,preposition,after / to,পরে / দিকে / অনুযায়ী,,,Nach der Arbeit gehe ich einkaufen.,,
Nachbar,der,-n,noun,neighbor (male),প্রতিবেশী (পুরুষ),,,Mein Nachbar hat einen Hund.,,
Nachbarin,die,-nen,noun,neighbor (female),প্রতিবেশী (মহিলা),,,Meine Nachbarin ist sehr freundlich.,,
nachdem,,,conjunction,after (temporal),পরে / করার পর,,,"Nachdem ich gegessen hatte, ging ich schlafen.",,
nachdenken,,,verb,to think / reflect,চিন্তা করা / ভাবা,nachgedacht,hat,Ich muss darüber nachdenken.,,
Nachfrage,die,-n,noun,demand / inquiry,চাহিদা / জিজ্ঞাসা,,,Die Nachfrage nach Wohnungen ist gross.,,
nachher,,,adv,later / afterwards,পরে / এরপর,,,Wir können nachher darüber sprechen.,,
Nachhilfe,die,-n,noun,tutoring / extra lessons,টিউশনি / অতিরিক্ত পড়াশোনা,,,Mein Sohn braucht Nachhilfe in Mathe.,,
Nachricht,die,-en,noun,message / news,খবর / বার্তা / সংবাদ,,,Ich habe eine wichtige Nachricht bekommen.,,
nachschlagen,,,verb,to look up (in a book),খোঁজা / দেখা (বইয়ে),nachgeschlagen,hat,"Wenn du ein Wort nicht kennst, schlag es im Wörterbuch nach.",,
Nachspeise,die,-n,noun,dessert,ডেজার্ট / মিষ্টান্ন,,,Dafuer nehme ich keine Nachspeise.,,
nacht,,,,,,,,,,
Nachteil,der,-e,noun,disadvantage,অসুবিধা / ক্ষতি,,,Diese Methode hat viele Nachteile.,,
Nachwuchs,der,-,noun,offspring / new generation,সন্তান / নতুন প্রজন্ম,,,Unser Verein fördert den Nachwuchs.,,
Nadel,die,-n,noun,needle,সুই / সূচ,,,Ich brauche eine Nadel und Faden.,,
Nagel,der,¨-,noun,nail (finger/toe/metal),পেরেক / নখ,,,Er hat sich den Nagel eingerissen.,,
nah,,,adj,near / close,কাছের / নিকটবর্তী,,,Das Kino ist ganz nah.,,
nahe,,,adj,near / close,কাছের / নিকটবর্তী,,,Das Hotel liegt nahe am Bahnhof.,,
Nahrungsmittel,das,-,noun,foodstuff / food,খাদ্যদ্রব্য / খাবার,,,Wir müssen mehr Nahrungsmittel kaufen.,,
Name,der,-n,noun,name,নাম,,,Wie ist Ihr Name?,,
Nase,die,-n,noun,nose,নাক,,,Die Nase des Hundes ist nass.,,
nass,,,adj,wet,ভেজা,,,Deine Schuhe sind ganz nass.,,
national,,,adj,national,জাতীয় / রাষ্ট্রীয়,,,Das ist ein nationaler Feiertag.,,
Natur,die,,noun,nature,প্রকৃতি,,,Wir verbringen viel Zeit in der Natur.,,
natürlich,,,adj,natural / naturally / of course,প্রাকৃতিক / স্বাভাবিকভাবে / অবশ্যই,,,Natürlich helfe ich dir.,,
Nebel,der,-,noun,fog / mist,কুয়াশা,,,Heute Morgen war viel Nebel.,,
neben,,,preposition,next to / beside / besides,পাশে / beside / ছাড়াও,,,Das Hotel liegt neben dem Bahnhof.,,
nebenan,,,adv,next door,পাশের বাড়িতে / সংলগ্ন,,,Die Familie nebenan hat drei Kinder.,,
nebenbei,,,adv,on the side / incidentally / by the way,পাশাপাশি / এদিকে-ওদিকে,,,Sie arbeitet nebenbei als Kellnerin.,,
neblig,,,adj,foggy / misty,কুয়াশাচ্ছন্ন,,,Es ist heute neblig.,,
Neffe,der,-n,noun,nephew,ভাগ্নে / ভাইপো,,,Mein Neffe ist fünf Jahre alt.,,
negativ,,,adj,negative,নেতিবাচক / ঋণাত্মক,,,Die Antwort war negativ.,,
nehmen,,,verb,to take,নেওয়া,genommen,hat,Nehmen Sie bitte Platz.,,
nein,,,particle,no,না,,,"Nein, das stimmt nicht.",,
nennen,,,verb,to name / call,নাম দেওয়া / ডাকা,genannt,hat,Man nennt ihn nur beim Vornamen.,,
Nerv,der,-en,noun,nerve,স্নায়ু / নার্ভ,,,Er hat ruhige Nerven.,,
nervös,,,adj,nervous,স্নায়বিক / নার্ভাস,,,Vor der Prüfung war ich sehr nervös.,,
nett,,,adj,nice / kind,ভদ্র / সদয় / চমৎকার,,,Deine Schwester ist sehr nett.,,
Netz,das,-e,noun,net / network,জাল / নেটওয়ার্ক / নেট,,,Das Internet ist ein weltweites Netz.,,
Netzwerk,das,-e,noun,network,নেটওয়ার্ক,,,Wir haben ein gutes Netzwerk aufgebaut.,,
neu,,,adj,new,নতুন,,,Ich brauche ein neues Handy.,,
neugierig,,,adj,curious / nosy,কৌতূহলী,,,Das Kind ist sehr neugierig.,,
Neuigkeit,die,-en,noun,news / novelty,খবর / নতুনত্ব,,,Hast du eine Neuigkeit gehört?,,
neulich,,,adv,recently / the other day,সম্প্রতি / কিছুদিন আগে,,,Neulich habe ich deine Mutter getroffen.,,
nicht,,,adv,not,না,,,Das weiß ich nicht.,,
Nichte,die,-n,noun,niece,ভাইঝি / ভাগ্নী,,,Meine Nichte ist heute angekommen.,,
Nichtraucher,der,-,noun,non-smoker (male),ধূমপায়ী নয় (পুরুষ),,,In diesem Restaurant gibt es einen Nichtraucherbereich.,,
Nichtraucherin,die,-nen,noun,non-smoker (female),ধূমপায়ী নয় (মহিলা),,,Sie ist überzeugte Nichtraucherin.,,
nichts,,,pronoun,nothing,কিছুই না,,,Ich habe nichts gesagt.,,
nie,,,adv,never,কখনও না,,,Ich war noch nie in Berlin.,,
niedrig,,,adj,low,নিচু / নিম্ন,,,Die Preise sind sehr niedrig.,,
niemand,,,pronoun,nobody / no one,কেউ না / কেহ না,,,Niemand war zu Hause.,,
nirgends,,,adv,nowhere,কোথাও না,,,Ich kann meinen Schlüssel nirgends finden.,,
nirgendwo,,,adv,nowhere,কোথাও না,,,Dieses Buch ist nirgendwo zu kaufen.,,
noch,,,adv,still / yet / more,এখনও / আরও / এখনো,,,Ich habe noch kein Auto.,,
noch mal,,,adv,again,আবার / আরেকবার,,,Kannst du das noch mal sagen?,,
nochmals,,,adv,once again,আবারও / পুনরায়,,,Bitte wiederholen Sie das nochmals.,,
normal,,,adj,normal,স্বাভাবিক / সাধারণ,,,Das ist völlig normal.,,
normalerweise,,,adv,normally / usually,সাধারণত / সাধারণভাবে,,,Normalerweise stehe ich um sieben Uhr auf.,,
Not-,,,prefix,emergency (prefix),জরুরি (উপসর্গ),,,Der Notarzt kam sofort.,,
Notaufnahme,die,-n,noun,emergency room / admission,জরুরি বিভাগ,,,Der Patient wurde in die Notaufnahme gebracht.,,
Notausgang,der,¨-e,noun,emergency exit,জরুরি প্রস্থান,,,Der Notausgang ist hinten links.,,
Note,die,-n,noun,grade / note / musical note,গ্রেড / নম্বর / সুর,,,In der Schule habe ich gute Noten.,,
Notfall,der,¨-e,noun,emergency,জরুরি অবস্থা,,,Im Notfall rufen Sie 112 an.,,
notieren,,,verb,to note down / write down,লেখা / নোট করা,notiert,hat,Ich habe mir seine Telefonnummer notiert.,,
Notiz,die,-en,noun,note / memo,নোট / টিকা,,,Mach dir bitte eine Notiz.,,
Notruf,der,-e,noun,emergency call,জরুরি কল / জরুরি ফোন,,,Wählen Sie bei einem Unfall den Notruf 112.,,
notwendig,,,adj,necessary / essential,অপরিহার্য / প্রয়োজনীয়,,,Eine gründliche Vorbereitung ist notwendig.,,
Nudel,die,-n,noun,noodle / pasta,নুডল / পাস্তা,,,Wir essen heute Nudeln mit Tomatensoße.,,
Nummer,die,-n,noun,number,নম্বর / সংখ্যা,,,Meine Telefonnummer ist 0176 123456.,,
nun,,,adv,now / well,এখন / তাহলে,,,Nun müssen wir uns beeilen.,,
nur,,,adv,only / just,শুধু / কেবল / মাত্র,,,Ich möchte nur kurz fragen.,,
nutzen,,,verb,to use / make use of,ব্যবহার করা / কাজে লাগানো,genutzt,hat,"Ich nutze die Möglichkeit, Deutsch zu lernen.",,
nächst-,,,adj,next,পরবর্তী / আগামী,,,Nächste Woche fahren wir nach Berlin.,,
Nähe,die,,noun,vicinity / nearness / proximity,নিকটবর্তিতা / সন্নিকট,,,In der Nähe von Köln gibt es viele schöne Städte.,,
nähen,,,verb,to sew,সেলাই করা,genäht,hat,Meine Oma hat mir ein Kleid genäht.,,
nämlich,,,adv,namely / you see,অর্থাৎ / কারণ / আসলে,,,"Ich kann nicht kommen, ich habe nämlich keine Zeit.",,
nötig,,,adj,necessary,প্রয়োজনীয় / দরকারি,,,Ist das wirklich nötig?,,
nützen,,,verb,to be of use / help / benefit,উপকারে আসা / কাজে লাগা,genützt,hat,Diese Informationen nützen mir sehr.,,
nützlich,,,adj,useful,উপযোগী / কাজের,,,Vielen Dank für den nützlichen Tipp.,,
ob,,,conjunction,whether/if,কিনা,,,"Ich weiss nicht, ob er heute kommt.",,
oben,,,adv,above/upstairs,উপরে,,,Das Buch liegt oben im Regal.,,
Ober,der,-,noun,waiter,ওয়েটার,,,Der Ober bringt die Speisekarte.,,
ober-,,,adj,upper,উপরের,,,Das obere Fenster ist geöffnet.,,
Obers,das,-,noun,whipped cream (A),হুইপড ক্রিম,,,In Österreich isst man Kuchen mit Obers.,,
Obst,das,-,noun,fruit,ফল,,,Ich esse gern frisches Obst.,,
obwohl,,,conjunction,although,যদিও,,,"Obwohl es regnet, gehen wir spazieren.",,
oder,,,conjunction,or,অথবা,,,Möchtest du Tee oder Kaffee?,,
Ofen,der,Öfen,noun,oven/baking oven,চুলা/ওভেন,,,Der Kuchen ist noch im Ofen.,,
offen,,,adj,open,খোলা,,,Die Tür ist offen.,,
offenbar,,,adv,apparently/evidently,স্পষ্টতই,,,Er ist offenbar krank.,,
offiziell,,,adj,official,দাপ্তরিক/সরকারি,,,Das ist die offizielle Mitteilung.,,
oft/öfter,,,adv,often/more often,প্রায়ই/বেশিবার,,,Ich gehe oft ins Kino.,,
ohne,,,preposition,without,ছাড়া,,,Ich trinke Kaffee ohne Zucker.,,
Ohr,das,-en,noun,ear,কান,,,Das Kind hat kleine Ohren.,,
Oma,die,-s,noun,grandma,দাদি/নানি,,,Meine Oma wohnt auf dem Land.,,
Onkel,der,-,noun,uncle,চাচা/মামা,,,Mein Onkel besucht uns morgen.,,
Opa,der,-s,noun,grandpa,দাদা/নানা,,,Mein Opa erzählt gern Geschichten.,,
Oper,die,-n,noun,opera,অপেরা,,,Die Oper beginnt um 19 Uhr.,,
Operation,die,-en,noun,operation/surgery,অস্ত্রোপচার/অপারেশন,,,Die Operation war erfolgreich.,,
operieren,,,verb,to operate,অস্ত্রোপচার করা,operiert,hat,Der Arzt muss den Patienten operieren.,,
Opfer,das,-,noun,victim/sacrifice,শিকার/ত্যাগ,,,Er wurde Opfer eines Betrugs.,,
optimistisch,,,adj,optimistic,আশাবাদী,,,Sie blickt optimistisch in die Zukunft.,,
Orange,die,-n,noun,orange,কমলা,,,Die Orange schmeckt sehr süss.,,
Orchester,das,-,noun,orchestra,অর্কেস্ট্রা,,,Das Orchester spielt eine Sinfonie.,,
ordentlich,,,adj,tidy/orderly/decent,পরিপাটি/শৃঙ্খলিত,,,Dein Schreibtisch ist immer ordentlich.,,
Ordination,die,-en,noun,doctor's office (A),ডাক্তারের চেম্বার,,,Die Ordination hat um acht Uhr geöffnet.,,
ordnen,,,verb,to organize/sort,সাজানো/বিন্যস্ত করা,geordnet,hat,Ich muss meine Unterlagen ordnen.,,
Ordner,der,-,noun,folder/binder,ফোল্ডার/বাইন্ডার,,,Die Dokumente sind im blauen Ordner.,,
Ordnung,die,-,noun,order/tidiness,শৃঙ্খলা/পরিপাটি,,,Die Kinder müssen Ordnung halten.,,
Organisation,die,-en,noun,organization,সংগঠন/প্রতিষ্ঠান,,,Die Organisation hilft bedürftigen Menschen.,,
organisieren,,,verb,to organize,আয়োজন করা/সংগঠিত করা,organisiert,hat,Wir organisieren eine Überraschungsparty.,,
original,das,-e,adj,original,মূল/আসল,,,Das ist eine originale Unterschrift.,,
Ort,der,-e,noun,place/location,স্থান/জায়গা,,,Das ist ein ruhiger Ort.,,
Ozean,der,-e,noun,ocean,মহাসাগর,,,Der Pazifik ist der grösste Ozean.,,
Paar,das,-e,noun,pair/couple,জোড়া/দম্পতি,,,Das Paar hat gestern geheiratet.,,
packen,,,verb,to pack,প্যাক করা/বাঁধাই করা,gepackt,hat,Ich muss meinen Koffer packen.,,
Paket,das,-e,noun,package/parcel,পার্সেল/প্যাকেজ,,,Der Postbote hat ein Paket gebracht.,,
Panne,die,-n,noun,breakdown,ব্রেকডাউন/যান্ত্রিক ত্রুটি,,,Unser Auto hatte auf der Autobahn eine Panne.,,
Papier,das,-e,noun,paper,কাগজ,,,Hast du ein Blatt Papier für mich?,,
Paradeiser,der,-,noun,tomato (A),টমেটো,,,In Österreich sagt man Paradeiser statt Tomate.,,
parallel,,,adj,parallel,সমান্তরাল,,,Die beiden Strassen verlaufen parallel.,,
Parfüm,das,-s,noun,perfume,সুগন্ধি/পারফিউম,,,Sie trägt ein teures Parfüm.,,
Park,der,-s,noun,park,পার্ক/উদ্যান,,,Wir gehen im Park spazieren.,,
parken,,,verb,to park (D/A),পার্ক করা/রাখা,geparkt,hat,Wo kann ich hier parken?,,
parkieren,,,verb,to park (CH),পার্ক করা (সুইস),parkiert,hat,In der Schweiz sagt man parkieren.,,
Partner,der,-,noun,,,,,,,
Partner/Partnerin,der/die,-,noun,partner,অংশীদার/সঙ্গী,,,Mein Partner arbeitet im selben Büro.,,
Partnerin,die,-nen,noun,,,,,,,
Party,die,-s,noun,party,পার্টি/উৎসব,,,Wir feiern heute eine Party.,,
Pass,der,¨-e,noun,passport,পাসপোর্ট,,,Ich muss meinen Pass verlängern.,,
Passagier,der,-e,noun,,,,,,,
Passagier/Passagierin,der/die,-,noun,passenger,যাত্রী,,,Der Passagier hat seinen Flug verpasst.,,
Passagierin,die,-nen,noun,,,,,,,
passen,,,verb,to fit/suit,মানানসই হওয়া/উপযুক্ত হওয়া,gepasst,hat,Die Jacke passt mir sehr gut.,,
passieren,,,verb,to happen,ঘটা/সংঘটিত হওয়া,passiert,ist,Was ist denn hier passiert?,,
passiv,,,adj,passive,প্যাসিভ/নিষ্ক্রিয়,,,Er blieb während der Diskussion passiv.,,
Patient,der,-en,noun,,,,,,,
Patient/Patientin,der/die,-,noun,patient,রোগী/পেশেন্ট,,,Der Patient wartet auf den Arzt.,,
Patientin,die,-nen,noun,,,,,,,
pauschal,,,adj,all-inclusive/flat-rate,প্যাকেজ মূল্যের/ফ্ল্যাট-রেট,,,Wir haben eine pauschale Reise gebucht.,,
Pause,die,-n,noun,break/pause,বিরতি,,,Machen wir eine kurze Pause.,,
Pech,das,-,noun,bad luck,দুর্ভাগ্য/অশুভ,,,So ein Pech! Der Zug ist weg.,,
peinlich,,,adj,embarrassing,বিব্রতকর/লজ্জাজনক,,,Das war mir sehr peinlich.,,
Pension,die,-en,noun,guest house/pension,গেস্ট হাউস/পেনশন,,,Wir übernachten in einer Pension am See.,,
per,,,preposition,via/by,দ্বারা/মাধ্যমে,,,Ich sende die Rechnung per E-Mail.,,
perfekt,,,adj,perfect,নিখুঁত/পারফেক্ট,,,Deine Aussprache ist perfekt.,,
Perron,der/das,-s,noun,platform (CH),প্ল্যাটফর্ম,,,Der Zug fährt ab Perron drei.,,
Person,die,-en,noun,person,ব্যক্তি/লোক,,,Im Raum sind fünf Personen.,,
Personal,das,-,noun,staff/personnel,কর্মচারী/স্টাফ,,,Das Personal in diesem Hotel ist sehr freundlich.,,
Personalien,die,-,noun,personal details,ব্যক্তিগত তথ্য,,,Bitte geben Sie Ihre Personalien an.,,
Personenstand,der,-,noun,marital status (CH),বৈবাহিক অবস্থা,,,Der Personenstand ist im Ausweis vermerkt.,,
persönlich,,,adj,personal/personally,ব্যক্তিগতভাবে,,,Ich möchte ihn persönlich kennenlernen.,,
Pfanne,die,-n,noun,pan/frying pan,প্যান/কড়াই,,,Die Pfanne ist heiss.,,
Pfeffer,der,-,noun,pepper (spice),গোলমরিচ,,,Bitte geben Sie mir Salz und Pfeffer.,,
Pflanze,die,-n,noun,plant,উদ্ভিদ/গাছ,,,Diese Pflanze braucht viel Wasser.,,
pflanzen,,,verb,to plant,রোপণ করা/পুঁতে ফেলা,gepflanzt,hat,Wir pflanzen einen Baum im Garten.,,
Pflaster,das,-,noun,band-aid/plaster,প্লাস্টার/ব্যান্ড-এইড,,,Hast du ein Pflaster für meinen Finger?,,
Pflaume,die,-n,noun,plum,আলুবোখারা/বরই,,,Die Pflaumen sind schon reif.,,
pflegen,,,verb,to care for/nurse,যত্ন নেওয়া/সেবা করা,gepflegt,hat,Sie pflegt ihre kranke Mutter.,,
Pfleger,der,-,noun,,,,,,,
Pfleger/Pflegerin,der/die,-,noun,nurse/carer,নার্স/সেবক,,,Der Pfleger hilft den Patienten.,,
Pflegerin,die,-nen,noun,,,,,,,
Pflicht,die,-en,noun,duty/obligation,কর্তব্য/দায়িত্ব,,,"Es ist meine Pflicht, dir zu helfen.",,
Picknick,das,-s,noun,picnic,পিকনিক,,,Bei schönem Wetter machen wir ein Picknick.,,
Pille,die,-n,noun,pill,বড়ি/পিল,,,Der Arzt hat mir eine Pille verschrieben.,,
Pilz,der,-e,noun,mushroom,মাশরুম/ছত্রাক,,,Im Wald gibt es viele Pilze.,,
Pizza,die,-n,noun,pizza,পিৎজা,,,Wir bestellen heute Abend eine Pizza.,,
Plakat,das,-e,noun,poster,পোস্টার,,,Das Plakat hängt an der Wand.,,
Plan,der,¨-e,noun,plan/map,পরিকল্পনা/মানচিত্র,,,Hast du einen Plan für morgen?,,
planen,,,verb,to plan,পরিকল্পনা করা,geplant,hat,Wir planen einen Urlaub in Italien.,,
Planung,die,-en,noun,planning,পরিকল্পনা/আয়োজন,,,Die Planung des Projekts dauert lange.,,
Plastik,das,-,noun,plastic,প্লাস্টিক,,,Plastik ist schlecht für die Umwelt.,,
Platz,der,¨-e,noun,place/seat/space/square,স্থান/আসন/চত্বর,,,Ist dieser Platz noch frei?,,
plötzlich,,,adv,suddenly,হঠাৎ,,,Plötzlich begann es zu regnen.,,
Politik,die,-,noun,politics/policy,রাজনীতি/নীতি,,,Sie interessiert sich für Politik.,,
Politiker,der,-,noun,,,,,,,
Politiker/Politikerin,der/die,-,noun,politician,রাজনীতিবিদ,,,Der Politiker hält eine Rede.,,
Politikerin,die,-nen,noun,,,,,,,
politisch,,,adj,political,রাজনৈতিক,,,Das ist eine politische Entscheidung.,,
Polizei,die,-,noun,police,পুলিশ,,,Die Polizei hat den Täter gefasst.,,
Polizist,der,-en,noun,,,,,,,
Polizist/Polizistin,der/die,-,noun,police officer,পুলিশ অফিসার,,,Der Polizist regelt den Verkehr.,,
Polizistin,die,-nen,noun,,,,,,,
Pommes frites,die,-,noun,French fries,ফ্রেঞ্চ ফ্রাই,,,Ich möchte Pommes frites mit Ketchup.,,
populär,,,adj,populär,জনপ্রিয়,,,Dieses Lied ist sehr populär.,,
Portemonnaie,das,-s,noun,wallet/purse,মানিব্যাগ,,,Ich habe mein Portemonnaie verloren.,,
portiert,,,verb,,,,,,,
Portion,die,-en,noun,portion/serving,পরিবেশন/অংশ,,,"Eine Portion Pommes, bitte.",,
positiv,,,adj,positive,ইতিবাচক/পজিটিভ,,,Der Test war positiv.,,
Post,die,-,noun,post office/mail,ডাকঘর/ডাক,,,Ich gehe zur Post und schicke einen Brief.,,
Postleitzahl,die,-en,noun,postal code,পোস্টাল কোড/ডাক কোড,,,Wie ist die Postleitzahl von Berlin?,,
Poulet,das,-s,noun,chicken (CH),মুরগি (সুইস),,,In der Schweiz isst man gern Poulet.,,
Praktikant,der,-en,noun,,,,,,,
Praktikant/Praktikantin,der/die,-,noun,intern/trainee,ইন্টার্ন/প্রশিক্ষণার্থী,,,Der Praktikant lernt viel im Betrieb.,,
Praktikantin,die,-nen,noun,,,,,,,
Praktikum,das,Praktika,noun,internship,ইন্টার্নশিপ,,,Ich mache ein Praktikum bei einer Firma.,,
praktisch,,,adj,practical/practically,ব্যবহারিক/প্রায়োগিক,,,Dieses Werkzeug ist sehr praktisch.,,
Praxis,die,Praxen,noun,practice/doctor's office,প্র্যাকটিস/ডাক্তারের চেম্বার,,,Die Praxis hat von 8 bis 12 Uhr geöffnet.,,
Preis,der,-e,noun,price/prize,মূল্য/পুরস্কার,,,Der Preis für dieses Buch ist zu hoch.,,
preiswert,,,adj,inexpensive/good value,সস্তা/মূল্যবান,,,Dieses Restaurant ist preiswert.,,
Presse,die,-,noun,press/media,প্রেস/সংবাদমাধ্যম,,,Die Presse berichtet über das Ereignis.,,
prima,,,adj,great/fine,চমৎকার/দারুণ,,,Das war eine prima Idee.,,
privat,,,adj,private,ব্যক্তিগত/প্রাইভেট,,,Das ist meine private Meinung.,,
pro,,,preposition,per,প্রতি,,,Der Eintritt kostet zehn Euro pro Person.,,
probieren,,,verb,to try/taste,চেষ্টা করা/স্বাদ নেওয়া,probiert,hat,Möchtest du den Kuchen probieren?,,
Problem,das,-e,noun,problem,সমস্যা,,,Ich habe ein Problem mit dem Computer.,,
Produkt,das,-e,noun,product,পণ্য/উত্পাদিত দ্রব্য,,,Dieses Produkt ist aus Deutschland.,,
Produktion,die,-en,noun,production,উত্পাদন/প্রযোজনা,,,Die Produktion wurde eingestellt.,,
produzieren,,,verb,to produce,উত্পাদন করা,produziert,hat,Die Firma produziert hochwertige Möbel.,,
Professor,der,-en,noun,,,,,,,
Professor/Professorin,der/die,-,noun,professor,অধ্যাপক,,,Der Professor hält eine Vorlesung.,,
Professorin,die,-nen,noun,,,,,,,
Profi,der,-s,noun,pro/professional,পেশাদার/প্রো,,,Er ist ein echter Profi in seinem Bereich.,,
Profisportler,der,-,noun,,,,,,,
Profisportler/Profisportlerin,der/die,-,noun,professional athlete,পেশাদার ক্রীড়াবিদ,,,Der Profisportler trainiert jeden Tag.,,
Profisportlerin,die,-nen,noun,,,,,,,
Programm,das,-e,noun,program/schedule,প্রোগ্রাম/কার্যক্রম,,,Was steht heute auf dem Programm?,,
Projekt,das,-e,noun,project,প্রকল্প,,,Wir arbeiten an einem neuen Projekt.,,
Prospekt,der/das,-e,noun,brochure/prospectus,ব্রোশিওর/পুস্তিকা,,,Kann ich einen Prospekt bekommen?,,
Prost,,,interjection,cheers,প্রস্ট/জয়,,,Prost! Auf deine Gesundheit!,,
Protest,der,-e,noun,protest,প্রতিবাদ,,,Die Proteste wurden immer grösser.,,
protestieren,,,verb,to protest,প্রতিবাদ করা,protestiert,hat,Viele Menschen protestieren gegen die Entscheidung.,,
Prozess,der,-e,noun,process/trial,প্রক্রিয়া/বিচার,,,Der Prozess dauert schon zwei Jahre.,,
Präsentation,die,-en,noun,presentation,উপস্থাপনা,,,Die Präsentation war sehr interessant.,,
präsentieren,,,verb,to present,উপস্থাপন করা,präsentiert,hat,Er präsentiert sein Projekt vor der Klasse.,,
prüfen,,,verb,to check/examine/test,পরীক্ষা করা/যাচাই করা,geprüft,hat,Der Lehrer prüft die Hausaufgaben.,,
Prüfung,die,-en,noun,exam/test,পরীক্ষা,,,Die Prüfung beginnt um 9 Uhr.,,
Publikum,das,-,noun,audience/public,দর্শক/শ্রোতা/জনসাধারণ,,,Das Publikum applaudierte laut.,,
Pullover,der,-,noun,pullover/sweater,সোয়েটার/পুলোভার,,,"Zieh einen Pullover an, es ist kalt.",,
Punkt,der,-e,noun,point/dot/period,বিন্দু/পয়েন্ট/মাত্রা,,,Der Punkt liegt auf dem i.,,
Puppe,die,-n,noun,doll,পুতুল,,,Das Mädchen spielt mit ihrer Puppe.,,
putzen,,,verb,to clean/brush,পরিষ্কার করা/মাজা,geputzt,hat,Ich muss noch die Fenster putzen.,,
Pöstler/Pöstlerin,der/die,-,noun,mail carrier (CH),ডাকপিয়ন (সুইস),,,Der Pöstler bringt jeden Tag die Post.,,
pünktlich,,,adj,punctual,সময়নিষ্ঠ/ঠিক সময়ে,,,Der Zug kommt pünktlich um 10 Uhr an.,,
Qualifikation,die,-en,noun,qualification,যোগ্যতা,,,Für diesen Job braucht man eine gute Qualifikation.,,
Qualität,die,-en,noun,quality,গুণমান/গুণগত মান,,,Die Qualität dieses Produkts ist ausgezeichnet.,,
Quartier,das,-e,noun,quarter/district (CH),পাড়া/জেলা (সুইস),,,In welchem Quartier wohnst du?,,
quer,,,adj,crosswise/diagonally,আড়াআড়ি/তির্যকভাবে,,,Wir gehen quer durch den Wald.,,
Quittung,die,-en,noun,receipt,রসিদ/প্রাপ্তি স্বীকার,,,Bitte bewahren Sie die Quittung auf.,,
Quiz,das,-,noun,quiz,কুইজ/প্রশ্নোত্তর প্রতিযোগিতা,,,Das Quiz im Fernsehen ist sehr beliebt.,,
Rabatt,der,-e,noun,discount,ছাড়,,,Auf dieses Produkt gibt es 20 Prozent Rabatt.,,
Rad,das,¨-er,noun,wheel / bicycle,চাকা / সাইকেল,,,Ich fahre jeden Tag mit dem Rad zur Arbeit.,,
radeiser,,,,,,,,,,
Radfahrer,der,-,noun,cyclist (male),সাইকেল আরোহী (পুরুষ),,,Der Radfahrer fuhr ohne Helm.,,
Radfahrerin,die,-nen,noun,cyclist (female),সাইকেল আরোহী (মহিলা),,,Die Radfahrerin trug einen Helm.,,
Radio,das,-s,noun,radio,রেডিও,,,Ich höre jeden Morgen Radio.,,
Rahm,der,,noun,whipped cream (CH),হুইপড ক্রিম (সুইজারল্যান্ড),,,In der Schweiz bestelle ich Kaffee mit Rahm.,Schlagrahm,
Rand,der,¨-er,noun,edge / rim / margin,ধার / কিনারা,,,Bitte schreiben Sie nicht bis zum Rand.,,
Rasen,der,-,noun,lawn,লন / ঘাসের মাঠ,,,Der Rasen vor dem Haus ist sehr grün.,,
Rat,der,,noun,advice / counsel,উপদেশ / পরামর্শ,,,Ich brauche deinen Rat.,,
raten,,,verb,to advise / to guess,উপদেশ দেওয়া / অনুমান করা,geraten,hat,"Kannst du mir raten, was ich tun soll?",,
Rathaus,das,¨-er,noun,town hall / city hall,টাউন হল / সিটি হল,,,Das Rathaus steht im Zentrum der Stadt.,,
Ratschlag,der,¨-e,noun,advice / tip,পরামর্শ / টিপস,,,Vielen Dank für deinen Ratschlag.,,
rauchen,,,verb,to smoke,ধূমপান করা,geraucht,hat,Hier darf man nicht rauchen.,,
Raucher,der,-,noun,smoker (male),ধূমপায়ী (পুরুষ),,,In diesem Restaurant gibt es einen Bereich für Raucher.,,
Raucherin,die,-nen,noun,smoker (female),ধূমপায়ী (মহিলা),,,Meine Tante ist eine starke Raucherin.,,
rauf,,,particle,up / upwards (prefix),উপরে / ওপরে (উপসর্গ),,,"Komm rauf, wir sind im dritten Stock!",,
Raum,der,¨-e,noun,room / space,ঘর / স্থান,,,In diesem Raum finden 50 Personen Platz.,,
raus,,,particle,out / outside (prefix),বাইরে / বাহিরে (উপসর্গ),,,Geh raus und spiel im Garten!,,
reagieren,,,verb,to react,প্রতিক্রিয়া দেখানো / সাড়া দেওয়া,reagiert,hat,Wie hat er auf die Nachricht reagiert?,,
Reaktion,die,-en,noun,reaction,প্রতিক্রিয়া,,,Seine Reaktion hat mich überrascht.,,
realisieren,,,verb,to realize / implement,উপলব্ধি করা / বাস্তবায়ন করা,realisiert,hat,"Ich habe erst später realisiert, was passiert ist.",,
realistisch,,,adj,realistic,বাস্তবসম্মত,,,Sei realistisch! Das schaffst du nicht in einer Woche.,,
Realität,die,-en,noun,reality,বাস্তবতা,,,Die Realität sieht leider anders aus.,,
Recherche,die,-n,noun,research / investigation,গবেষণা / অনুসন্ধান,,,Für meinen Artikel habe ich gründliche Recherche betrieben.,,
rechnen,,,verb,to calculate / count on,গণনা করা / হিসাব করা,gerechnet,hat,Mit dir habe ich nicht gerechnet.,,
Rechner,der,-,noun,computer / calculator,কম্পিউটার / ক্যালকুলেটর,,,Mein Rechner ist abgestürzt.,,
Rechnung,die,-en,noun,bill / invoice / calculation,বিল / চালান / গণনা,,,Kann ich bitte die Rechnung haben?,,
recht,das,-e,adj,right / correct,সঠিক / ঠিক,,,"Du hast recht, das war meine Schuld.",,
recht-,,,adj,right-hand / right,ডান দিকের,,,Nimm den rechten Weg.,,
rechtlich,,,adj,legal / legally,আইনগত / আইনি,,,Wir müssen die rechtlichen Fragen klären.,,
rechts,,,adv,right / on the right,ডানে / ডান দিকে,,,Biegen Sie an der nächsten Kreuzung rechts ab.,,
rechtzeitig,,,adv,in time / on time,সময়মতো / ঠিক সময়ে,,,Bitte komm rechtzeitig zum Termin.,,
Rede,die,-n,noun,speech / talk,বক্তৃতা / ভাষণ,,,Der Präsident hielt eine Rede.,,
reden,,,verb,to talk / speak,কথা বলা / বলা,geredet,hat,Wir haben lange über das Problem geredet.,,
reduzieren,,,verb,to reduce,কমানো / হ্রাস করা,reduziert,hat,Wir müssen die Kosten reduzieren.,,
Referat,das,-e,noun,presentation / report,উপস্থাপনা / প্রতিবেদন,,,Ich halte nächste Woche ein Referat über Klimawandel.,,
Reform,die,-en,noun,reform,সংস্কার,,,Die Regierung plant eine Steuerreform.,,
Regal,das,-e,noun,shelf / bookshelf,তাক / বুকশেলফ,,,Stell die Bücher ins Regal!,,
Regel,die,-n,noun,rule / regulation,নিয়ম / বিধি,,,In der Schule gibt es viele Regeln.,,
regelmäßig,,,adj,regular / regularly,নিয়মিত,,,Ich gehe regelmäßig zum Sport.,,
regeln,,,verb,to regulate / control / settle,নিয়ন্ত্রণ করা / ব্যবস্থা করা,geregelt,hat,Kannst du das Problem regeln?,,
Regen,der,,noun,rain,বৃষ্টি,,,Bei Regen bleibt die Straße nass.,,
Region,die,-en,noun,region,অঞ্চল,,,Diese Region ist bekannt für ihren Wein.,,
regional,,,adj,regional,আঞ্চলিক,,,Wir kaufen am liebsten regionale Produkte.,,
regnen,,,verb,to rain,বৃষ্টি পড়া,geregnet,hat,Es regnet schon den ganzen Tag.,,
reich,,,adj,rich / wealthy,ধনী / ধনবান,,,Er ist durch seine Arbeit reich geworden.,,
reichen,,,verb,to be enough / reach / pass,যথেষ্ট হওয়া / পৌঁছানো / পাস করা,gereicht,hat,Reicht das Geld für den Einkauf?,,
reif,,,adj,ripe / mature,পাকা / পরিণত,,,Die Äpfel sind noch nicht reif.,,
Reifen,der,-,noun,tire / tyre,টায়ার,,,Ich muss einen neuen Reifen kaufen.,,
Reihe,die,-n,noun,row / line / series,সারি / লাইন / ধারা,,,Wir sitzen in der dritten Reihe.,,
Reihenfolge,die,-n,noun,order / sequence,ক্রম / ধারা,,,Bitte halten Sie die Reihenfolge ein.,,
rein,,,adj,pure / clean,খাঁটি / পরিষ্কার,,,Das ist reine Baumwolle.,,
reinigen,,,verb,to clean,পরিষ্কার করা,gereinigt,hat,Ich muss meine Schuhe reinigen.,,
Reinigung,die,-en,noun,cleaning / dry cleaner,পরিষ্কারকরণ / ড্রাই ক্লিনার,,,Ich bringe den Anzug in die Reinigung.,,
Reis,der,-e,noun,rice,চাল / ভাত,,,Iss deinen Reis auf!,,
Reise,die,-n,noun,journey / trip,ভ্রমণ / সফর,,,Die Reise nach Berlin war sehr schön.,,
Reisebüro,das,-s,noun,travel agency,ভ্রমণ সংস্থা,,,Im Reisebüro habe ich eine Reise gebucht.,,
reisen,,,verb,to travel,ভ্রমণ করা,gereist,ist,Ich reise im Sommer nach Spanien.,,
reiten,,,verb,to ride (a horse),ঘোড়ায় চড়া,geritten,ist,Sie reitet jeden Samstag.,,
Reklame,die,-n,noun,advertising / advertisement,বিজ্ঞাপন,,,Im Fernsehen kommt zu viel Reklame.,,
Rekord,der,-e,noun,record,রেকর্ড,,,Er hat einen neuen Weltrekord aufgestellt.,,
relativ,,,adj,relative / relatively,আপেক্ষিক / তুলনামূলকভাবে,,,Das ist relativ einfach zu erklären.,,
Religion,die,-en,noun,religion,ধর্ম,,,In Deutschland gibt es verschiedene Religionen.,,
rennen,,,verb,to run / race,দৌঁড়ানো / ছোটা,gerannt,ist,Er ist zum Bahnhof gerannt.,,
Rente,die,-n,noun,pension / retirement (D/CH),পেনশন (জার্মানি/সুইজারল্যান্ড),,,Mein Opa lebt von seiner Rente.,,
Rentner,der,-,noun,retiree / pensioner (male),পেনশনভোগী (পুরুষ),,,Viele Rentner wohnen in dieser Stadt.,,
Rentnerin,die,-nen,noun,retiree / pensioner (female),পেনশনভোগী (মহিলা),,,Meine Nachbarin ist eine freundliche Rentnerin.,,
Reparatur,die,-en,noun,repair,মেরামত,,,Die Reparatur des Autos hat viel gekostet.,,
reparieren,,,verb,to repair / fix,মেরামত করা,repariert,hat,Kannst du mein Fahrrad reparieren?,,
Reportage,die,-n,noun,report / documentary,রিপোর্ট / ডকুমেন্টারি,,,Ich habe eine interessante Reportage im Fernsehen gesehen.,,
Reporter,der,-,noun,reporter (male),রিপোর্টার (পুরুষ),,,Der Reporter interviewte den Bürgermeister.,,
Reporterin,die,-nen,noun,reporter (female),রিপোর্টার (মহিলা),,,Die Reporterin arbeitet für eine große Zeitung.,,
reservieren,,,verb,to reserve / book,সংরক্ষণ করা / বুক করা,reserviert,hat,Ich habe einen Tisch für zwei Personen reserviert.,,
Reservierung,die,-en,noun,reservation,সংরক্ষণ / রিজার্ভেশন,,,Haben Sie eine Reservierung?,,
Respekt,der,-e,noun,respect,সম্মান / শ্রদ্ধা,,,Man sollte Respekt vor älteren Menschen haben.,,
Rest,der,-e,noun,rest / remainder,বাকি / অবশিষ্ট,,,Den Rest erledige ich morgen.,,
Restaurant,das,-s,noun,restaurant,রেস্টুরেন্ট,,,Wir essen heute Abend im Restaurant.,,
retten,,,verb,to save / rescue,বাঁচানো / উদ্ধার করা,gerettet,hat,Der Feuerwehrmann hat das Kind gerettet.,,
Rezept,das,-e,noun,prescription / recipe,প্রেসক্রিপশন / রেসিপি,,,Der Arzt hat mir ein Rezept ausgestellt.,,
Rezeption,die,-en,noun,reception desk,রিসেপশন ডেস্ক,,,Bitte melden Sie sich an der Rezeption.,,
Richter,der,-,noun,judge (male),বিচারক (পুরুষ),,,Der Richter hat das Urteil gesprochen.,,
Richterin,die,-nen,noun,judge (female),বিচারক (মহিলা),,,Die Richterin verlas das Urteil.,,
richtig,,,adj,correct / right / really,সঠিক / ঠিক / সত্যিই,,,Deine Antwort ist richtig.,,
Richtung,die,-en,noun,direction,দিক,,,In welche Richtung fahren wir?,,
riechen,,,verb,to smell,গন্ধ পাওয়া / শোঁকা,gerochen,hat,Die Blumen riechen sehr gut.,,
riesig,,,adj,huge / enormous,বিশাল / বিরাট,,,Das war ein riesiger Erfolg.,,
Rind,das,-er,noun,cattle / beef,গরু / গরুর মাংস,,,Wir essen heute Rindfleisch.,,
Ring,der,-e,noun,ring,আংটি / রিং,,,Sie trägt einen goldenen Ring.,,
Risiko,das,Risiken,noun,risk,ঝুঁকি / বিপদ,,,Das ist ein zu großes Risiko.,,
Rock,der,¨-e,noun,skirt,স্কার্ট,,,Sie trägt heute einen roten Rock.,,
roh,,,adj,raw,কাঁচা / অরন্ধিত,,,Ich esse gern rohes Gemüse.,,
Rohr,das,-e,noun,oven / pipe / tube (A),ওভেন / পাইপ (অস্ট্রিয়া),,,Backrohr: Das ist das österreichische Wort für Backofen.,Backrohr,
Rolle,die,-n,noun,role / roll,ভূমিকা / রোল,,,Welche Rolle spielst du in dem Theaterstück?,,
Roman,der,-e,noun,novel,উপন্যাস,,,Ich lese gerade einen spannenden Roman.,,
Rose,die,-n,noun,rose,গোলাপ,,,Er hat mir eine rote Rose geschenkt.,,
Rucksack,der,¨-e,noun,backpack / rucksack,ব্যাকপ্যাক,,,Ich packe meinen Rucksack für die Wanderung.,,
rufen,,,verb,to call / shout,ডাকা / চিৎকার করা,gerufen,hat,Kannst du mich morgen früh um sieben rufen?,,
Rufnummer,die,-n,noun,phone number,ফোন নম্বর,,,Meine Rufnummer steht im Telefonbuch.,,
Ruhe,die,,noun,quiet / calm / rest,শান্তি / বিশ্রাম / নীরবতা,,,Ich möchte meine Ruhe haben.,,
ruhig,,,adj,quiet / calm,শান্ত / স্থির,,,Die Kinder waren heute sehr ruhig.,,
rund,,,adj,round / approximately / about,গোলাকার / প্রায় / মতো,,,Der Tisch ist rund.,,
Runde,die,-n,noun,round / lap,রাউন্ড / পর্ব,,,In der ersten Runde hat er gewonnen.,,
Rundfahrt,die,-en,noun,tour / sightseeing tour,ভ্রমণ / দর্শনীয় সফর,,,Wir haben eine Rundfahrt durch die Altstadt gemacht.,,
Rätsel,das,-,noun,puzzle / riddle,ধাঁধা / পাজল,,,Kannst du dieses Rätsel lösen?,,
rück-,,,prefix,back- / return-,পিছনে / ফিরে (উপসর্গ),,,Die Rückfahrt dauert ungefähr drei Stunden.,,
Rücken,der,-,noun,back,পিঠ,,,Mir tut der Rücken weh.,,
Rückfahrt,die,-en,noun,return journey,ফেরার যাত্রা / প্রত্যাবর্তন যাত্রা,,,Auf der Rückfahrt hatten wir Stau.,,
Rückkehr,die,,noun,return / homecoming,প্রত্যাবর্তন / ফিরে আসা,,,Seine Rückkehr hat alle gefreut.,,
Rücksicht,die,-en,noun,consideration / regard,বিবেচনা / খেয়াল / ভাবনা,,,Nimm Rücksicht auf andere!,,
rückwärts,,,adv,backwards,পিছনের দিকে / বিপরীতে,,,"Fahr nicht rückwärts, da ist ein Hindernis!",,
Rüebli,das,-,noun,carrot (CH),গাজর (সুইজারল্যান্ড),,,In der Schweiz sagt man Rüebli zu Karotten.,"Karotte, Möhre",
S-Bahn,die,-en,noun,suburban train / city rail,শহরতলির ট্রেন,,,Die S-Bahn ist schneller als die Straßenbahn.,,
Saal,der,Säle,noun,hall / large room,হল / বড় ঘর,,,Der Saal war bis auf den letzten Platz gefüllt.,,
Sache,die,-n,noun,thing / matter / affair,জিনিস / বিষয় / ব্যাপার,,,Das ist eine ganz andere Sache.,,
Sack,der,¨-e,noun,sack / bag,বস্তা / ব্যাগ,,,Er trug einen schweren Sack Kartoffeln.,,
Saft,der,¨-e,noun,juice,রস / জুস,,,Ich möchte gern einen Saft.,,
sagen,,,verb,to say / tell,বলা / বলা,gesagt,hat,Kannst du mir deine Meinung sagen?,,
Sahne,die,,noun,whipped cream (D),হুইপড ক্রিম (জার্মানি),,,In Deutschland bestelle ich Kaffee mit Sahne.,Schlagsahne,
Saison,die,-s,noun,season,মৌসুম / সিজন,,,Im Sommer beginnt die Saison für Erdbeeren.,,
Salat,der,-e,noun,salad / lettuce,সালাদ / লেটুস,,,Ich möchte einen gemischten Salat.,,
Salbe,die,-n,noun,ointment / salve,মলম / ক্রিম,,,Der Arzt hat mir eine Salbe verschrieben.,,
Salon,der,-s,noun,salon / living room,সেলুন / ড্রইং রুম,,,Sie arbeitet in einem Schönheitssalon.,,
Salz,das,-e,noun,salt,লবণ,,,Kannst du mir bitte das Salz geben?,,
salzig,,,adj,salty,লবণাক্ত / নোনতা,,,Die Suppe ist zu salzig.,,
sammeln,,,verb,to collect / gather,সংগ্রহ করা / জড়ো করা,gesammelt,hat,Ich sammle Briefmarken.,,
Sand,der,,noun,sand,বালি,,,Die Kinder spielen im Sand.,,
satt,,,adj,full / satisfied (after eating),পেট ভরা / তৃপ্ত,,,"Ich bin satt, ich möchte nichts mehr essen.",,
Satz,der,¨-e,noun,sentence / set / movement,বাক্য / সেট,,,Kannst du diesen Satz übersetzen?,,
sauber,,,adj,clean / neat,পরিষ্কার / পরিচ্ছন্ন,,,Ist das Zimmer sauber?,,
Sauce,die,-n,noun,sauce (alternative spelling),সস (বিকল্প বানান),,,Gibst du mir bitte mal die Sauce?,,
sauer,,,adj,sour / angry,টক / রাগান্বিত,,,Die Milch ist sauer geworden.,,
Schachtel,die,-n,noun,box / pack / carton,বাক্স / প্যাকেট / কার্টন,,,Ich brauche eine Schachtel Pralinen.,,
schade,,,adj,a pity / too bad,খারাপ / দুঃখজনক,,,"Schade, dass du nicht kommen kannst!",,
Schaden,der,¨-,noun,damage / harm,ক্ষতি / অপকার,,,Der Sturm hat großen Schaden verursacht.,,
schaffen,,,verb,to manage / make it / create,সফল হওয়া / তৈরি করা,geschafft,hat,Ich habe die Prüfung geschafft!,,
schalten,,,verb,to switch / change gear,সুইচ করা / গিয়ার পরিবর্তন করা,geschaltet,hat,Bitte schalten Sie das Licht ein.,,
Schalter,der,-,noun,counter / switch,কাউন্টার / সুইচ,,,Wo ist der Schalter für die Fahrkarten?,,
scharf,,,adj,sharp / spicy / hot,ধারালো / মশলাদার / ঝাল,,,Das Messer ist sehr scharf.,,
Schatten,der,-,noun,shadow / shade,ছায়া,,,"Setz dich in den Schatten, es ist zu heiß.",,
schauen,,,verb,to look / watch,দেখা / তাকানো,geschaut,hat,"Schau mal, wer da kommt!",,
Schaufenster,das,-,noun,shop window / display window,দোকানের জানালা / শোকেস,,,Im Schaufenster war ein schönes Kleid.,,
Schauspieler,der,-,noun,actor (male),অভিনেতা (পুরুষ),,,Mein Lieblingsschauspieler spielt in diesem Film mit.,,
Schauspielerin,die,-nen,noun,actress (female),অভিনেত্রী (মহিলা),,,Sie ist eine bekannte Schauspielerin.,,
Scheibe,die,-n,noun,slice / pane / disc,টুকরো / কাচের ফলক / ডিস্ক,,,Ich möchte eine Scheibe Brot.,,
scheidet,,,verb,,,,,,,
Scheidung,die,-en,noun,divorce,বিবাহবিচ্ছেদ / তালাক,,,Die Scheidung war für alle Beteiligten schwer.,,
Schein,der,-e,noun,bill / banknote / appearance,নোট / ব্যাংকনোট / আভাস,,,Hast du einen 50-Euro-Schein?,,
scheinen,,,verb,to shine / seem / appear,চমকানো / মনে হওয়া / দেখা যাওয়া,geschienen,hat,Die Sonne scheint heute.,,
schenken,,,verb,to give as a gift,উপহার দেওয়া,geschenkt,hat,Ich schenke meiner Mutter Blumen zum Geburtstag.,,
Schere,die,-n,noun,scissors,কাঁচি,,,Hast du eine Schere für mich?,,
Schi,der,-er/-,noun,ski (alternative spelling),স্কি (বিকল্প বানান),,,Das sind aber schoene Skier!,,
schick,,,adj,chic / stylish / elegant,অভিজাত / স্টাইলিশ,,,Ich finde dein Kleid sehr schick.,,
schicken,,,verb,to send,পাঠানো,geschickt,hat,Ich schicke dir eine E-Mail.,,
schieben,,,verb,to push / shove,ঠেলা / ধাক্কা দেওয়া,geschoben,hat,Wir mussten das Auto schieben.,,
schief,,,adj,crooked / slanted / wrong,বাঁকা / ঢালু / ভুল,,,Das Bild hängt schief an der Wand.,,
schießen,,,verb,to shoot,গুলি করা / শট নেওয়া,geschossen,hat,Der Jäger hat einen Hirsch geschossen.,,
Schiff,das,-e,noun,ship / boat,জাহাজ,,,Wir sind mit dem Schiff nach Schweden gefahren.,,
Schild,das,-er,noun,sign / label / plate,চিহ্ন / লেবেল / ফলক,,,Das Schild zeigt den Weg zum Bahnhof.,,
schimpfen,,,verb,to scold / complain,বকা দেওয়া / অভিযোগ করা,geschimpft,hat,Der Lehrer hat mit den Schülern geschimpft.,,
Schinken,der,-,noun,ham,হ্যাম,,,Ich möchte ein Brötchen mit Schinken.,,
Schirm,der,-e,noun,umbrella / screen / parasol,ছাতা / পর্দা,,,"Nimm deinen Schirm mit, es regnet gleich.",,
Schlaf,der,,noun,sleep,ঘুম,,,Du brauchst mehr Schlaf.,,
schlafen,,,verb,to sleep,ঘুমানো,geschlafen,hat,Ich habe letzte Nacht sehr gut geschlafen.,,
schlagen,,,verb,to hit / beat / strike,আঘাত করা / পেটানো,geschlagen,hat,Er hat den Nagel in die Wand geschlagen.,,
Schlagobers,das,,noun,whipped cream (A),হুইপড ক্রিম (অস্ট্রিয়া),,,In Österreich bestelle ich Kaffee mit Schlagobers.,"Schlagrahm, Sahne",
Schlange,die,-n,noun,snake / line / queue,সাপ / লাইন / কিউ,,,Wir mussten eine Stunde Schlange stehen.,,
schlank,,,adj,slim / slender,পাতলা / চিকন / সরু,,,Meine Schwester ist sehr schlank.,,
schlecht,,,adj,bad / poor / ill,খারাপ / মন্দ / অসুস্থ,,,Das Wetter ist heute schlecht.,,
schließen,,,verb,to close / lock / shut,বন্ধ করা / তালা দেওয়া,geschlossen,hat,Bitte schließen Sie die Tür.,,
schließlich,,,adv,finally / after all / eventually,শেষ পর্যন্ত / সব মিলিয়ে,,,Schließlich haben wir uns doch für Berlin entschieden.,,
schlimm,,,adj,bad / serious / terrible,খারাপ / গুরুতর / ভয়ানক,,,Das ist nicht so schlimm.,,
Schloss,das,¨-er,noun,castle / lock / palace,প্রাসাদ / তালা / দুর্গ,,,Das Schloss öffnet sich mit diesem Schlüssel.,,
Schluss,der,¨-e,noun,end / conclusion / finish,শেষ / সমাপ্তি,,,Zum Schluss möchte ich mich bei allen bedanken.,,
Schlüssel,der,-,noun,key,চাবি / চাবিকাঠি,,,Ich habe meinen Schlüssel verloren.,,
schmal,,,adj,narrow / slim,সরু / সংকীর্ণ,,,Die Straße ist sehr schmal.,,
schmecken,,,verb,to taste,স্বাদ নেওয়া / স্বাদ পাওয়া,geschmeckt,hat,Das Essen schmeckt ausgezeichnet.,,
Schmerz,der,-en,noun,pain / ache,ব্যথা / যন্ত্রণা,,,Ich habe starke Schmerzen im Rücken.,,
Schmerzmittel,das,-,noun,painkiller / pain reliever,ব্যথানাশক,,,Der Arzt hat mir ein Schmerzmittel verschrieben.,,
schminken,,,verb,to put on makeup,মেকআপ করা / সাজগোজ করা,geschminkt,hat,Sie schminkt sich jeden Morgen.,,
Schmuck,der,,noun,jewelry / jewels,অলংকার / গহনা,,,Sie trägt teuren Schmuck.,,
Schmutz,der,,noun,dirt / grime,ময়লা / আবর্জনা,,,Der Hund hat Schmutz ins Haus gebracht.,,
schmutzig,,,adj,dirty,নোংরা / ময়লা,,,Meine Schuhe sind schmutzig.,,
Schnee,der,,noun,snow,তুষার / বরফ,,,Im Winter liegt überall Schnee.,,
schneidet,,,verb,,,,,Du kannst die Datei schließen. Ich bin,,
schneien,,,verb,to snow,তুষারপাত হওয়া / বরফ পড়া,geschneit,hat,Es schneit seit heute Morgen.,,
schnell,,,adj,fast / quick / rapid,দ্রুত / তাড়াতাড়ি,,,"Bitte mach schnell, wir haben keine Zeit!",,
Schnitzel,das,-,noun,schnitzel / cutlet,স্নিটজেল / কাটলেট,,,Ich möchte ein Wiener Schnitzel mit Pommes.,,
Schnupfen,der,-,noun,cold / runny nose,ঠান্ডা / সর্দি,,,Ich habe Schnupfen und muss niesen.,,
Schokolade,die,-n,noun,chocolate,চকলেট,,,Ich esse gern Schokolade.,,
schon,,,adv,already / just / quite,ইতিমধ্যে / ঠিক / বেশ,,,Ich habe schon gegessen.,,
Schrank,der,¨-e,noun,cupboard / wardrobe / cabinet,আলমারি / ওয়ারড্রোব,,,Stell die Teller in den Schrank!,,
Schreck(en),der,,noun,,,,,,,
Schrecken,der,-,noun,fright / shock / terror,ভয় / আতঙ্ক / শক,,,Der Schrecken fuhr ihm in die Glieder.,Schreck,
schrecklich,,,adj,terrible / awful / horrible,ভয়ানক / ভয়ংকর / বিভীষিকাময়,,,Das war ein schrecklicher Unfall.,,
Schreiben,das,-,noun,letter / writing / document,চিঠি / লেখা / দলিল,,,Wir haben ein Schreiben von der Behörde bekommen.,,
schreibt,,,verb,,,,,,,
schreien,,,verb,to scream / yell / shout,চিৎকার করা / চেঁচানো,geschrien,hat,Die Kinder schreien im Garten.,,
Schrift,die,-en,noun,writing / script / font,লেখা / লিপি / ফন্ট,,,Ich kann deine Schrift nicht lesen.,,
schriftlich,,,adj,written / in writing,লিখিত / লিখিতভাবে,,,Bitte bestätigen Sie das schriftlich.,,
Schriftsteller,der,-,noun,writer / author (male),লেখক (পুরুষ),,,Dieser Schriftsteller hat viele Romane geschrieben.,,
Schriftstellerin,die,-nen,noun,writer / author (female),লেখক (মহিলা),,,Die Schriftstellerin liest aus ihrem neuen Buch.,,
Schritt,der,-e,noun,step / pace,পদক্ষেপ / ধাপ,,,Mach bitte einen Schritt nach vorne.,,
Schuh,der,-e,noun,shoe,জুতা,,,Ich brauche neue Schuhe.,,
Schularbeit,die,-en,noun,class test / written exam (A),ক্লাস টেস্ট (অস্ট্রিয়া),,,Morgen schreiben wir eine Schularbeit in Mathe.,,
schuld,die,,adj,at fault / to blame,দায়ী / অপরাধী,,,Wer ist schuld an dem Chaos?,,
Schulden,,(Pl.),noun,debts / liabilities,ঋণ / দেনা,,,Er hat hohe Schulden.,,
schuldig,,,adj,guilty / owing,দোষী / ঋণী / অপরাধী,,,Der Angeklagte ist schuldig.,,
Schule,die,-n,noun,school,স্কুল,,,Meine Kinder gehen in die Schule.,,
Schulter,die,-n,noun,shoulder,কাঁধ,,,Er zuckte mit den Schultern.,,
Schutz,der,,noun,protection / shelter,রক্ষা / সুরক্ষা / আশ্রয়,,,Der Wald bietet Schutz vor dem Wind.,,
schwach,,,adj,weak / feeble,দুর্বল / ক্ষীণ,,,Nach der Krankheit war er noch sehr schwach.,,
Schwammerl,der,-n,noun,mushroom (A),মাশরুম (অস্ট্রিয়া),,,In Österreich gehen wir Schwammerl suchen.,Pilz,
schwanger,,,adj,pregnant,গর্ভবতী,,,Meine Schwester ist im dritten Monat schwanger.,,
Schwangerschaft,die,-en,noun,pregnancy,গর্ভাবস্থা,,,Die Schwangerschaft verlief ohne Probleme.,,
schweigen,,,verb,to be silent / remain quiet,নীরব থাকা / চুপ থাকা,geschwiegen,hat,Er schwieg die ganze Zeit.,,
schwer,,,adj,heavy / difficult / serious,ভারী / কঠিন / গুরুতর,,,Der Koffer ist sehr schwer.,,
Schwester,die,-n,noun,sister / nurse,বোন / নার্স,,,Meine Schwester arbeitet im Krankenhaus.,,
Schwieger-,,,prefix,in-law / by marriage,শ্বশুর-সংক্রান্ত / বৈবাহিক,,,Meine Schwiegermutter ist sehr nett.,,
schwierig,,,adj,difficult / hard,কঠিন / সমস্যাজনক,,,Die Prüfung war sehr schwierig.,,
Schwierigkeit,die,-en,noun,difficulty / problem,অসুবিধা / সমস্যা / কঠিনতা,,,Er hatte Schwierigkeiten mit der Aufgabe.,,
Schwimmbad,das,¨-er,noun,swimming pool / lido,সাঁতার পুল / সুইমিং পুল,,,Das Schwimmbad hat bis 20 Uhr geöffnet.,,
schwimmen,,,verb,to swim,সাঁতার কাটা,geschwommen,ist,Im Sommer schwimmen wir im See.,,
schwitzen,,,verb,to sweat / perspire,ঘামা,geschwitzt,hat,Bei dieser Hitze schwitze ich sehr.,,
schädlich,,,adj,harmful / damaging,ক্ষতিকর / অপকারী,,,Rauchen ist schädlich für die Gesundheit.,,
schätzen,,,verb,to estimate / appreciate / value,মূল্যায়ন করা / প্রশংসা করা,geschätzt,hat,Ich schätze deine Hilfe sehr.,,
schön,,,adj,beautiful / nice / pretty,সুন্দর / চমৎকার,,,Das Wetter ist heute sehr schön.,,
Schüler,der,-,noun,pupil / student (male),ছাত্র (পুরুষ),,,Der Schüler hat die Hausaufgabe gemacht.,,
Schülerin,die,-nen,noun,pupil / student (female),ছাত্রী (মহিলা),,,Die Schülerin hat eine gute Note bekommen.,,
Schüssel,die,-n,noun,bowl / dish,বাটি / পাত্র,,,Gib mir bitte die große Schüssel.,,
schütteln,,,verb,to shake,ঝাঁকানো / নেড়ে দেওয়া,geschüttelt,hat,Vor der Benutzung bitte schütteln.,,
schützen,,,verb,to protect / guard,রক্ষা করা / সুরক্ষা দেওয়া,geschützt,hat,Wir müssen die Umwelt schützen.,,
See,die,-n,noun,sea / ocean,সমুদ্র / সাগর,,,Die Nordsee ist ein beliebtes Urlaubsziel.,,
sehen,,,verb,to see / look,দেখা / দেখতে পাওয়া,gesehen,hat,Ich sehe einen Vogel am Himmel.,,
Sehenswürdigkeit,die,-en,noun,sight / attraction / landmark,দর্শনীয় স্থান,,,Welche Sehenswürdigkeiten gibt es in Berlin?,,
sehr,,,adv,very / much / very much,খুব / অনেক,,,"Ich freue mich sehr, dich zu sehen.",,
Seife,die,-n,noun,soap,সাবান,,,Hast du Seife im Bad?,,
sein,,,verb,to be,হওয়া,gewesen,ist,Das ist mein Bruder.,,
seit,,,preposition,since / for (time),থেকে / যেহেতু / থেকে (সময়),,,Seit drei Jahren wohne ich in Hamburg.,,
seitdem,,,conjunction,since then / ever since,তখন থেকে / সেই থেকে,,,"Seitdem ich ihn kenne, ist alles anders.",,
Seite,die,-n,noun,side / page,পাশ / পাতা / পৃষ্ঠা,,,Bitte schlagt eure Bücher auf Seite 10 auf.,,
Sekretär,der,-e,noun,secretary (male),সচিব (পুরুষ),,,Der Sekretär hat die Unterlagen vorbereitet.,,
Sekretärin,die,-nen,noun,secretary (female),সচিব (মহিলা),,,Die Sekretärin nimmt das Telefon an.,,
selb-,,,adj,same / self-,একই / নিজ,,,Wir wohnen im selben Haus.,,
selber,,,pronoun,oneself (colloquial),নিজে (কথ্যভাষায়),,,Das hast du selber gesagt!,,
selbst,,,pronoun,oneself / yourself / even,নিজে / এমনকি,,,Das muss ich selbst entscheiden.,,
selbstständig,,,adj,independent / self-employed,স্বাধীন / স্ব-নিযুক্ত,,,Er arbeitet als selbstständiger Unternehmer.,,
selbstverständlich,,,adv,of course / self-evident / naturally,অবশ্যই / স্বাভাবিকভাবে,,,Selbstverständlich helfe ich dir.,,
selten,,,adj,rare / seldom / uncommon,দুর্লভ / কদাচিৎ / বিরল,,,Solche Gelegenheiten sind selten.,,
seltsam,,,adj,strange / odd / peculiar,অদ্ভুত / বিচিত্র / বিজোড়,,,Das war ein seltsames Gefühl.,,
Semester,das,-,noun,semester / term,সেমিস্টার / শিক্ষাকাল,,,Nächstes Semester studiere ich im Ausland.,,
Seminar,das,-e,noun,seminar / course,সেমিনার / কোর্স,,,Ich nehme an einem Seminar teil.,,
Semmel,die,-n,noun,bread roll (A),পাউরুটি (অস্ট্রিয়া),,,In Österreich sagt man Semmel zu Brötchen.,"Brötchen, Wecken",
senden,,,verb,to send / broadcast / transmit,পাঠানো / সম্প্রচার করা,gesendet,hat,Die Firma sendet die Ware per Post.,,
Sender,der,-,noun,channel / station / sender,চ্যানেল / সম্প্রচার কেন্দ্র,,,Welchen Sender siehst du am liebsten?,,
Sendung,die,-en,noun,broadcast / program / shipment,অনুষ্ঠান / সম্প্রচার / ডাকযোগে পাঠানো,,,Wir wiederholen die Sendung am 11. Mai.,,
Senioren,,(Pl.),noun,senior citizens / elderly,বয়স্ক ব্যক্তি / প্রবীণ নাগরিক,,,Dieser Computerkurs ist fuer Senioren.,,
senkrecht,,,adj,vertical / perpendicular,উল্লম্ব / খাড়া,,,Ziehen Sie bitte eine senkrechte Linie.,,
Serie,die,-n,noun,series / serial,সিরিজ / ধারাবাহিক,,,"Meine Tochter liebt es, im Fernsehen Serien zu schauen.",,
Service,der,,noun,service / delivery service,সেবা / সার্ভিস,,,Rufst du beim Pizza-Service an?,,
Serviceangestellte,der/die,-n,noun,service employee / waiter/waitress (CH),সেবা কর্মী (সুইজারল্যান্ড),,,Ich bin Serviceangestellte von Beruf.,"CH: Serviceangestellte, D/A: Kellner/Ober",
Sessel,der,-,noun,chair (A),চেয়ার (অস্ট্রিয়া),,,Da hinten ist noch ein Sessel frei.,"A: Sessel, D/CH: Stuhl",
sich,,,verb,,,,,,,
sich amüsieren,,,verb,to have fun / enjoy oneself,মজা করা,amüsiert,hat,Bei dem Fest haben wir uns sehr gut amüsiert.,,
sich an,,,verb,,,,,,,
sich anstrengen,,,verb,to make an effort,চেষ্টা করা,angestrengt,hat,"Wenn du die Prüfung schaffen willst, musst du dich mehr anstrengen.",,
sich anziehen,,,verb,to get dressed,কাপড় পরা,angezogen,hat,"Du musst dich wärmer anziehen, sonst erkältest du dich.",,
sich ausruhen,,,verb,to rest,বিশ্রাম নেওয়া,ausgeruht,hat,Sie ruhen sich von der Arbeit aus.,,
sich bedanken,,,verb,to thank / express thanks,ধন্যবাদ জানানো,bedankt,hat,Ich möchte mich noch einmal sehr herzlich für Ihre Hilfe bedanken.,,
sich beeilen,,,verb,to hurry,তাড়াতাড়ি করা,beeilt,hat,"Wir müssen uns beeilen, sonst verpassen wir den Zug.",,
sich befinden,,,verb,to be located / situated,অবস্থিত হওয়া,befunden,hat,Das Bord-Bistro befindet sich in der Mitte des Zuges.,,
sich bemühen,,,verb,to make an effort / strive,চেষ্টা করা,bemüht,hat,"Er hat sich sehr bemüht, etwas Gutes zu kochen.",,
sich beschweren,,,verb,to complain,অভিযোগ করা,beschwert,hat,Wo können wir uns beschweren?,,
sich beteiligen,,,verb,to participate / take part,অংশগ্রহণ করা,beteiligt,hat,Wer möchte sich beteiligen?,,
sich bewerben,,,verb,to apply (for a job),আবেদন করা,beworben,hat,Ich habe mich um diese Stelle beworben.,,
sich duschen,,,verb,to shower (oneself),গোসল করা (শাওয়ার),geduscht,hat,Wenn Sie sich duschen wollen: Das Badezimmer ist dort hinten links.,,
sich eignen,,,verb,to be suitable / suited,উপযুক্ত হওয়া,geeignet,hat,Dieses Hotel eignet sich besonders für Familien mit Kindern.,,
sich einigen,,,verb,to agree / reach agreement,একমত হওয়া / সমঝোতায় আসা,geeinigt,hat,Wir können uns leider nicht einigen.,,
sich entschließen,,,verb,to decide / resolve,সিদ্ধান্ত নেওয়া / সংকল্প করা,entschlossen,hat,"Mein Nachbar hat sich nun doch entschlossen, sein Auto zu verkaufen.",,
sich ereignen,,,verb,to happen / occur,ঘটা / ঘটে যাওয়া,ereignet,hat,Der Unfall ereignete sich am frühen Morgen.,,
sich erholen,,,verb,to recover / relax,আরোগ্য হওয়া / বিশ্রাম নেওয়া,erholt,hat,Im Urlaub habe ich mich sehr gut erholt.,,
sich erkundigen,,,verb,to inquire / ask,খোঁজ নেওয়া / জিজ্ঞাসা করা,erkundigt,hat,Hast du dich schon nach einem Zug erkundigt?,,
sich erkälten,,,verb,to catch a cold,ঠান্ডা লাগা / সর্দি হওয়া,erkältet,hat,Der Junge hat sich beim Baden erkältet.,,
sich etwas aussuchen,,,verb,to choose / pick out,বেছে নেওয়া,ausgesucht,hat,Such dir etwas Schönes aus! Ich lade dich ein.,,
sich etwas gefallen lassen,,,verb,to put up with / tolerate,সহ্য করা / মেনে নেওয়া,sich gefallen lassen,hat,Das würde ich mir nicht gefallen lassen.,,
sich freuen,,,verb,,,,,,,
sich irren,,,verb,to be mistaken / wrong,ভুল করা,geirrt,hat,"Du irrst dich. Das Auto war nicht grün, sondern rot.",,
sich konzentrieren,,,verb,to concentrate,মনোযোগ দেওয়া / একাগ্র হওয়া,konzentriert,hat,Bitte stör mich jetzt nicht. Ich muss mich auf meine Arbeit konzentrieren.,,
sich kümmern,,,verb,to take care of / look after,দেখাশোনা করা / যত্ন নেওয়া,gekümmert,hat,Ich kann nicht arbeiten. Ich muss mich um die Kinder kümmern.,,
sich langweilen,,,verb,to be bored,একঘেয়ে লাগা / বিরক্ত হওয়া,gelangweilt,hat,Langweilst du dich?,,
sich lohnen,,,verb,to be worth it / pay off,মূল্যবান হওয়া / লাভজনক হওয়া,gelohnt,hat,Für drei Tage zu meinen Eltern fahren lohnt sich nicht. Es ist zu weit.,,
sich nähern,,,verb,to approach,কাছে আসা / নিকটবর্তী হওয়া,genähert,hat,Das Ende des Kurses nähert sich.,,
sich rasieren,,,verb,to shave,শেভ করা,rasiert,hat,Mein Bruder rasiert sich jeden Morgen.,,
sich scheiden,,,verb,,,,,,,
sich scheiden lassen,,,verb,to get divorced,বিবাহবিচ্ছেদ করা / তালাক দেওয়া,scheiden lassen,hat,Meine Eltern haben sich scheiden lassen.,,
sich schneiden,,,verb,to cut oneself,কেটে ফেলা / কাটা,geschnitten,hat,Ich habe mich in den Finger geschnitten.,,
sich setzen,,,verb,to sit down,বসা,gesetzt,hat,Darf ich mich zu Ihnen setzen?,,
sich siezen,,,verb,to address formally (with Sie),আপনি বলে সম্বোধন করা,gesiezt,hat,"Obwohl sie sich schon lange kennen, siezen sie sich.",,
sich stossen,,,verb,to bump / hit / knock (oneself),ধাক্কা লাগা / আঘাত লাগা,gestossen,hat,Ich habe mich an der Autotuer gestossen.,,
sich streiten,,,verb,to argue / fight / quarrel,ঝগড়া করা / তর্ক করা,gestritten,hat,Die Kinder streiten sich oft.,,
sich trennen,,,verb,to separate / split up / part,আলাদা হওয়া / বিচ্ছেদ হওয়া / পৃথক করা,getrennt,hat,Wir leben getrennt.,,
sich ueberzeugen,,,verb,to convince (oneself) / be convinced,নিশ্চিত হওয়া / বিশ্বাস করানো,ueberzeugt,hat,Ihr Vorschlag ueberzeugt mich gar nicht.,,
sich um die Kinder./Mein Mann ist,,,verb,,,,,Schrank in die Wohnung zu tragen.,,
sich umdrehen,,,verb,to turn around,ঘুরে দাঁড়ানো / পেছনে ফেরা,umgedreht,hat,Dreh dich mal um. Da hinten liegt das Buch doch.,,
sich umziehen,,,verb,to change clothes / get changed,জামাকাপড় বদলানো,umgezogen,hat,"Bevor wir zur Party gehen, moechte ich mich umziehen.",,
sich unterhalten,,,verb,to talk / chat / enjoy oneself,গল্প করা / কথাবার্তা বলা / মজা করা,unterhalten,hat,Wir haben uns ueber das Fussballspiel unterhalten.,,
sich verabreden,,,verb,to arrange to meet / make a date,দেখা করার ব্যবস্থা করা,verabredet,hat,Wir haben uns mit Freunden verabredet.,,
sich verabschieden,,,verb,to say goodbye / take leave,বিদায় নেওয়া,verabschiedet,hat,Es ist schon 23 Uhr. Ich moechte mich verabschieden.,,
sich veraendern,,,verb,to change / alter,পরিবর্তন করা / বদলানো,veraendert,hat,Du hast dich gar nicht veraendert.,,
sich verbessern,,,verb,to improve / get better,উন্নতি করা / ভালো হওয়া,verbessert,hat,Ich habe mein Deutsch verbessert.,,
sich verbrennen,,,verb,to burn (oneself) / get burned,পুড়ে যাওয়া / পোড়া,verbrannt,hat,Der Herd war noch heiss. Ich habe mich verbrannt.,,
sich vergnuegen,,,verb,to enjoy oneself / have fun,মজা করা / আনন্দ করা,vergnuegt,hat,Auf der Party habe ich mich sehr vergnuegt.,,
sich vergnügen,,,verb,,,,,Sie sind falsch verbunden! Hier ist,,
sich verhalten,,,verb,to behave / act,আচরণ করা,verhalten,hat,Der Mann hat sich uns gegenueber merkwuerdig verhalten.,,
sich verlaufen,,,verb,to get lost / lose one's way,পথ হারানো,verlaufen,hat,Gestern haben wir uns im Wald verlaufen.,,
sich verletzen,,,verb,to injure (oneself) / hurt,আহত হওয়া / চোট লাগা,verletzt,hat,Ich habe mich an der Hand verletzt.,,
sich verlieben,,,verb,to fall in love,প্রেমে পড়া,verliebt,hat,Ich habe mich verliebt.,,
sich verstecken,,,verb,to hide (oneself),লুকানো / আত্মগোপন করা,versteckt,hat,Ich habe das Geld hinter dem Regal versteckt.,,
sich verstehen,,,verb,to understand / get along,বোঝা / বোঝাপড়া হওয়া,verstanden,hat,Ich kann Sie kaum verstehen. Sprechen Sie bitte lauter.,,
sich vorbereiten,,,verb,to prepare (oneself),প্রস্তুত হওয়া / প্রস্তুতি নেওয়া,vorbereitet,hat,Ich muss mich auf meine Pruefung vorbereiten.,,
sich vorstellen,,,verb,to introduce / imagine,পরিচয় করানো / কল্পনা করা,vorgestellt,hat,Darf ich dir meine Frau vorstellen?,,
sich waschen,,,verb,to wash (oneself) / get washed,ধোয়া / কাপড় কাচা,gewaschen,hat,Ich habe die Bluse gerade frisch gewaschen.,,
sich weigern,,,verb,to refuse,অস্বীকার করা / না করা,geweigert,hat,Ich weigere mich diese Arbeit zu tun.,,
sich wuenschen,,,verb,to wish / desire,ইচ্ছা করা / কামনা করা,gewuenscht,hat,Ich wuensche Ihnen alles Gute.,,
sich wundern,,,verb,to be surprised / wonder,অবাক হওয়া / আশ্চর্য হওয়া,gewundert,hat,"Ich wundere mich, dass du schon so frueh aus der Schule kommst.",,
sich zwingen,,,verb,to force (oneself) / compel,বাধ্য করা / জোর করা,gezwungen,hat,Bitte zwing mich nicht etwas zu essen. Ich bin wirklich nicht hungrig.,,
sich ärgern,,,verb,to be annoyed / to tease,রাগ করা / বিরক্ত করা,geärgert,hat,Ärgern Sie sich nicht.,,
sicher,,,adj,safe / sure / certainly / probably,নিরাপদ / নিশ্চিত,,,Dieses Auto ist besonders sicher.,,
Sicherheit,die,-en,noun,security / safety,নিরাপত্তা,,,Sicherheit ist fuer mich sehr wichtig.,,
sichern,,,verb,to secure / save / back up,নিরাপদ করা / সংরক্ষণ করা,gesichert,hat,Du musst immer alle Daten im Computer sichern.,,
sichtbar,,,adj,visible,দৃশ্যমান,,,Es gibt keine sichtbaren Verletzungen.,,
Sieg,der,-e,noun,victory / win,জয় / বিজয়,,,Unsere Mannschaft hat gewonnen. Wir freuen uns ueber den Sieg.,,
siegen,,,verb,to win / be victorious,জেতা / বিজয়ী হওয়া,gesiegt,hat,Die Mannschaft siegte mit 2:0.,,
Sieger,der,-,noun,winner / victor (male),বিজয়ী (পুরুষ),,,Wer hat gewonnen? Wie heisst die Siegerin?,,
Siegerin,die,-nen,noun,winner / victor (female),বিজয়ী (মহিলা),,,Wer hat gewonnen? Wie heisst die Siegerin?,,
singen,,,verb,to sing,গান গাওয়া,gesungen,hat,Ich singe gern.,,
sinken,,,verb,to sink / fall / decrease,ডুবা / কমা / পতন,gesunken,ist,Das Schiff ist vor der Kueste gesunken.,,
Sinn,der,,noun,sense / point / meaning,অর্থ / মানে / বোধ,,,"Es hat keinen Sinn, noch ein Spiel zu beginnen.",,
sinnlos,,,adj,senseless / pointless / meaningless,অর্থহীন,,,So ein sinnloses Buch habe ich schon lange nicht mehr gelesen.,,
sinnvoll,,,adj,sensible / meaningful / useful,অর্থপূর্ণ / যুক্তিযুক্ত,,,"Es funktioniert einfach nicht. Es ist sinnvoll, es noch einmal zu versuchen.",,
Situation,die,-en,noun,situation,পরিস্থিতি,,,Ich bin in einer schwierigen Situation.,,
Sitz,der,-e,noun,seat,সিট / আসন,,,Ich suche fuer meinen Sohn einen Sitz fuers Auto.,,
sitzen,,,verb,to sit / fit (clothing),বসা / খাপ খাওয়া,gesessen,hat/ist,Wo moechten Sie sitzen? – Bitte ganz hinten.,,
Ski,der,-er/-,noun,ski,স্কি,,,Gehen wir am Wochenende Ski laufen?,,
so viel,,,adv,so much / so many,এত বেশি / এত,,,Ich habe so viel gegessen. Jetzt ist mir schlecht.,,
sobald,,,conjunction,as soon as,যেইমাত্র / যেমনি,,,"Sobald ich den Termin weiss, gebe ich Ihnen Bescheid.",,
Socke,die,-n,noun,sock,মোজা,,,Im Winter brauche ich warme Socken.,,
sodass,,,conjunction,so that / with the result that,যাতে / যার ফলে,,,"Der Zug hatte zwei Stunden Verspaetung, sodass ich erst um 23 Uhr nach Hause kam.",,
Sofa,das,-s,noun,sofa / couch,সোফা,,,Wir haetten gern ein modernes Sofa.,,
sofort,,,adv,immediately / right away,সঙ্গেসঙ্গে / এখনই,,,Warum sind Sie nicht sofort zum Arzt gegangen?,,
sogar,,,adv,even,এমনকি,,,Auf dem Berg war es so kalt. Es hat sogar geschneit.,,
sogenannt-,,,adj,so-called,তথাকথিত,,,"Studenten, die lange studieren, sind sogenannte Langzeitstudierende.",,
Sohn,der,¨-e,noun,son,ছেলে / পুত্র,,,Mein juengster Sohn ist vier.,,
solange,,,conjunction,as long as / while,যতক্ষণ,,,"Solange Sie Fieber haben, duerfen Sie auf keinen Fall arbeiten gehen.",,
solch-,,,adj,such,এরকম / এমন,,,Solche Schuhe finde ich toll.,,
sollen,,,verb,should / ought to / supposed to,উচিত / দরকার / নাকি,gesollt,hat,Wann soll ich kommen?,,
Sonder-,,,prefix,special- / separate-,বিশেষ- / আলাদা-,,,,,
Sonderangebot,das,-e,noun,special offer / bargain,বিশেষ ছাড় / স্পেশাল অফার,,,Das ist ein Sonderangebot: 25 % reduziert.,,
sondern,,,conjunction,but (rather),বরং / কিন্তু,,,"Unser Besuch kommt nicht heute, sondern morgen.",,
Sonne,die,,noun,sun,সূর্য / রোদ,,,Das Wetter ist schoen. Die Sonne scheint.,,
sonnig,,,adj,sunny,রৌদ্রোজ্জ্বল,,,Das Wetter morgen: sonnig und warm.,,
sonst,,,adv,otherwise / else / usually,অন্যথা / তা না হলে / সাধারণত,,,"Haben sie sonst noch einen Wunsch? – Nein, danke. Das ist alles.",,
Sorge,die,-n,noun,worry / concern,চিন্তা / উদ্বেগ,,,Um Ihre Zukunft brauchen Sie sich keine Sorgen zu machen.,,
sorgen,,,verb,to take care / provide,যত্ন নেওয়া / ব্যবস্থা করা,gesorgt,hat,Wer sorgt denn fuer die Kinder?,,
Sosse,die,-n,noun,sauce / gravy,সস / ঝোল,,,Gibst du mir bitte mal die Sosse?,,
Souvenir,das,-s,noun,souvenir,স্মারক / স্মৃতিচিহ্ন,,,Ich habe ein paar Souvenirs aus dem Urlaub mitgebracht.,,
soviel,,,conjunction,as far as / as much as,যতটুকু / যতটা,,,"Soviel ich weiss, hat dieses Restaurant heute Ruhetag.",,
sowieso,,,adv,anyway / in any case,যাই হোক / এমনিতেই,,,Willst du mir den Brief mitgeben? Ich gehe sowieso zur Post.,,
sowohl … als auch,,,conjunction,both … and …,উভয়ই ... এবং ...,,,Sowohl Sie als auch Ihre Frau muessen unterschreiben.,,
sozial,,,adj,social,সামাজিক,,,Das System ist nicht sozial.,,
Sozialarbeiter,der,-,noun,social worker (male),সমাজকর্মী (পুরুষ),,,Die Sozialarbeiterin kommt einmal in der Woche.,,
Sozialarbeiterin,die,-nen,noun,social worker (female),সমাজকর্মী (মহিলা),,,Die Sozialarbeiterin kommt einmal in der Woche.,,
spaet,,,adj,late,দেরি / বিলম্বে,,,"Es ist schon spaet, ich muss gehen.",,
spaetestens,,,adv,at the latest,শেষ সময়ের মধ্যে / একদম শেষে,,,Ich muss spaetestens um 9 Uhr bei der Arbeit sein.,,
spannend,,,adj,exciting / thrilling,উত্তেজনাপূর্ণ / রোমাঞ্চকর,,,Das Spiel war spannend bis zur letzten Minute.,,
sparen,,,verb,to save (money/resources),জমানো / সাশ্রয় করা,gespart,hat,"Ein Auto ist mir zu teuer, ich muss sparen.",,
sparsam,,,adj,economical / thrifty / fuel-efficient,মিতব্যয়ী / সাশ্রয়ী,,,Wir haben fuenf Kinder. Wir muessen sehr sparsam sein.,,
Spass,der,,noun,fun / enjoyment / joke,মজা / আনন্দ,,,Meine Arbeit macht mir viel Spass.,,
spazieren,,,verb,,,,,,,
spazieren gehen,,,verb,to go for a walk,হাঁটতে যাওয়া,spazieren gegangen,ist,Wir gehen sonntags immer spazieren.,,
Spaziergang,der,¨-e,noun,walk / stroll,হাঁটা / পদচারণা,,,Abends mache ich oft einen Spaziergang durch das Viertel.,,
Spaß,der,,noun,,,,,,,
speichern,,,verb,to save / store (data),সংরক্ষণ করা (ডাটা),gespeichert,hat,Sie muessen die Datei speichern.,,
Speisekarte,die,-n,noun,menu,মেনু / খাদ্য তালিকা,,,"Bitte, die Speisekarte.",,
Speisewagen,der,-,noun,dining car (train),ডাইনিং কার (ট্রেন),,,Wo ist der Speisewagen?,,
Spezial-,,,prefix,special-,বিশেষ-,,,Ich brauche eine Spezialpflege fuer trockenes Haar.,,
Spezialist,der,-en,noun,specialist (male),বিশেষজ্ঞ (পুরুষ),,,Mein Arzt hat mich zur Spezialistin geschickt.,,
Spezialistin,die,-nen,noun,specialist (female),বিশেষজ্ঞ (মহিলা),,,Mein Arzt hat mich zur Spezialistin geschickt.,,
speziell,,,adj,special / particular / specific,বিশেষ / নির্দিষ্ট,,,Ich suche einen ganz speziellen Ring fuer meine Freundin.,,
Spiegel,der,-,noun,mirror,আয়না,,,Hast du einen Spiegel?,,
Spiel,das,-e,noun,game / match,খেলা,,,Nach 20 Minuten stand das Spiel 2:1.,,
spielen,,,verb,to play,খেলা,gespielt,hat,"Wir haben einen grossen Garten, da koennen die Kinder spielen.",,
Spieler,der,-,noun,player (male),খেলোয়াড় (পুরুষ),,,Fuer dieses Spiel braucht man zwei bis vier Spieler.,,
Spielerin,die,-nen,noun,player (female),খেলোয়াড় (মহিলা),,,Fuer dieses Spiel braucht man zwei bis vier Spieler.,,
Spielplatz,der,¨-e,noun,playground,খেলার মাঠ,,,Die Kinder sind auf dem Spielplatz.,,
Spielzeug,das,-e,noun,toy / toys,খেলনা,,,Zu Weihnachten wuenschen sich die Kinder vor allem Spielzeug.,,
spitz,,,adj,sharp / pointed,তীক্ষ্ণ / সুচালো,,,Der Bleistift ist nicht spitz.,,
Sport,der,,noun,sport / exercise,খেলাধুলা / শরীরচর্চা,,,Fuer Sport interessiere ich mich sehr.,,
Sportart,die,-en,noun,type of sport,খেলার ধরন,,,Welche Sportart findest du am besten?,,
Sportler,der,-,noun,athlete / sportsman (male),ক্রীড়াবিদ (পুরুষ),,,Sie ist eine gute Sportlerin.,,
Sportlerin,die,-nen,noun,athlete / sportswoman (female),ক্রীড়াবিদ (মহিলা),,,Sie ist eine gute Sportlerin.,,
sportlich,,,adj,sporty / athletic,খেলোয়াড়সুলভ / ক্রীড়াপ্রিয়,,,Ich mag bequeme und sportliche Kleidung.,,
Sprache,die,-n,noun,language,ভাষা,,,Franco spricht mehrere Sprachen.,,
sprechen,,,verb,to speak / talk,বলা / কথা বলা,gesprochen,hat,Koennten Sie bitte etwas lauter sprechen?,,
Sprechstunde,die,-n,noun,consultation hours / office hours,পরামর্শ সময় / ডাক্তারের সময়,,,Frau Dr. Berger hat von 8 bis 12 Uhr Sprechstunde.,A: Ordination,
springen,,,verb,to jump / leap,লাফানো / ঝাঁপ দেওয়া,gesprungen,ist,Mein Sohn ist immer wieder ins Wasser gesprungen.,,
Spritze,die,-n,noun,injection / syringe,ইনজেকশন / সিরিঞ্জ,,,Ich habe heute vom Arzt eine Spritze gegen die Schmerzen bekommen.,,
spuelen,,,verb,to rinse / wash (dishes) / flush,ধোয়া / ধুয়ে ফেলা,gespuelt,hat,Hast du das Geschirr gespuelt?,,
spueren,,,verb,to feel / sense,অনুভব করা,gespuert,hat,Wo tut es weh? Spueren Sie das hier?,,
Spur,die,-en,noun,lane / track / trace,লেন / রাস্তার ধারা,,,"Fahren Sie bitte auf der linken Spur, wenn Sie schneller fahren.",,
spät,,,,,,,,,,
spätestens,,,,,,,,,,
Stadion,das,Stadien,noun,stadium,স্টেডিয়াম,,,Ich moechte am Samstag ins Stadion gehen.,,
Stadt,die,¨-e,noun,city / town,শহর,,,Heidelberg ist eine alte Stadt.,,
Stadtplan,der,¨-e,noun,city map,শহরের মানচিত্র,,,Haben Sie einen Stadtplan?,,
staedtisch,,,adj,municipal / city (adj.),শহুরে / পৌর,,,Ich gehe gern in die staedtische Bibliothek.,,
staendig,,,adj,constant / permanent / continually,নিরন্তর / সর্বদা,,,Es ist staendig besetzt.,,
stammen,,,verb,to come from / originate,উদ্ভূত হওয়া / থেকে আসা,gestammt,hat,Ich stamme aus einer kleinen Stadt an der Donau.,,
Standpunkt,der,-e,noun,point of view / standpoint,দৃষ্টিভঙ্গি,,,Von seinem Standpunkt aus hat er recht.,,
Star,der,-s,noun,star / celebrity,তারকা / সেলিব্রিটি,,,Diese Saengerin ist ein grosser Star in Deutschland.,,
stark,,,adj,strong / heavy / thick,শক্তিশালী / ভারী / প্রবল,,,Der Kaffee ist sehr stark.,,
Start,der,-s,noun,start / takeoff,শুরু / উড্ডয়ন,,,Bleiben Sie bitte waehrend des Starts sitzen.,,
starten,,,verb,to start / take off,শুরু করা / উড্ডয়ন করা,gestartet,ist,Das Flugzeug ist puenktlich gestartet.,,
Station,die,-en,noun,station / stop / ward (hospital),স্টেশন / ওয়ার্ড,,,Sie muessen an der naechsten Station aussteigen.,,
Statistik,die,-en,noun,statistics,পরিসংখ্যান,,,"Die Statistik zeigt, dass jeder zweite ein Fahrrad besitzt.",,
statistisch,,,adj,statistical,পরিসংখ্যানগত,,,Die statistischen Ergebnisse zeigen eine gute Entwicklung.,,
statt,,,preposition,instead of,পরিবর্তে / বদলে,,,Kann ich diese Woche statt Donnerstag am Freitag kommen?,,
stattfinden,,,verb,to take place / occur,ঘটা / অনুষ্ঠিত হওয়া,stattgefunden,hat,Das Spiel findet auch bei Regen statt.,,
Stau,der,-s,noun,traffic jam / congestion,যানজট,,,Auf der A3 gibt es wegen eines Unfalls 5 km Stau.,,
Staub,der,,noun,dust,ধুলো,,,Ich habe ueberall Staub gewischt.,,
staubsaugen,,,verb,to vacuum / hoover,ভ্যাকুয়াম করা,gestaubsaugt,hat,Ich muss heute in meiner Wohnung noch staubsaugen.,,
stechen,,,verb,to sting / prick / stab,হুল ফোটানো / ছুরি মারা,gestochen,hat,Stefan wird beim Zelten immer von den Muecken gestochen.,,
Steckdose,die,-n,noun,socket / power outlet,বৈদ্যুতিক সকেট,,,Es gibt drei Steckdosen in diesem Zimmer.,,
stecken,,,verb,to put / stick / be (in),রাখা / ঢোকানো / থাকা,gesteckt,hat,Wo ist denn mein Pass? Ich hatte ihn doch in die Handtasche gesteckt.,,
Stecker,der,-,noun,plug,প্লাগ,,,Der Stecker passt nicht in diese Steckdose.,,
stehen,,,verb,to stand / be / suit,দাঁড়ানো / থাকা / মানানো,gestanden,hat/ist,In meinem Beruf muss ich viel stehen.,,
stehen bleiben,,,verb,to stop / stand still,থেমে যাওয়া / দাঁড়িয়ে থাকা,stehen geblieben,ist,Bitte bleiben Sie stehen.,,
stehlen,,,verb,to steal,চুরি করা,gestohlen,hat,Gestern hat mir jemand im Zug meine Uhr gestohlen.,,
steigen,,,verb,to rise / climb / increase,ওঠা / বাড়া / বৃদ্ধি,gestiegen,ist,Die Preise fuer Milch und Gemuese sind schon wieder gestiegen.,,
steil,,,adj,steep,খাড়া / ঢালু,,,Die Strasse zu unserem Haus ist sehr steil.,,
Stein,der,-e,noun,stone / rock,পাথর,,,Die Kinder werfen Steine ins Wasser.,,
Stelle,die,-n,noun,place / position / job / passage,জায়গা / পদ / চাকরি / অংশ,,,Wir treffen uns hier an dieser Stelle.,,
stellen,,,verb,to put / place / set / ask (question),রাখা / স্থাপন করা / জিজ্ঞাসা করা,gestellt,hat,Stell das Bier in den Kuehlschrank!,,
Stempel,der,-,noun,stamp / postmark,স্ট্যাম্প / সিল,,,Der Poststempel traegt das Datum von letzter Woche.,,
sterben,,,verb,to die,মারা যাওয়া,gestorben,ist,Mein Kollege kommt heute nicht. Sein Vater ist gestern gestorben.,,
Stern,der,-e,noun,star,তারা / নক্ষত্র,,,Heute sieht man viele Sterne am Himmel.,,
Steuer,die,-n,noun,tax,কর / ট্যাক্স,,,Wir muessen immer mehr Steuern zahlen.,,
Steward,der,-s,noun,steward / flight attendant (male),স্টুয়ার্ড (পুরুষ),,,Die Stewardess bringt das Mittagessen.,,
Stewardess,die,-en,noun,stewardess / flight attendant (female),স্টুয়ার্ডেস (মহিলা),,,Die Stewardess bringt das Mittagessen.,,
Stiefel,der,-,noun,boot,বুট / জুতা,,,Ich habe mir fuer den Winter ein Paar warme Stiefel gekauft.,,
Stiege,die,-n,noun,stairs / staircase (A),সিঁড়ি (অস্ট্রিয়া),,,Wo ist die Toilette? – Die Stiege hoch und dann links.,"A: Stiege, D/CH: Treppe",
Stiegenhaus,das,¨-er,noun,stairwell (A),সিঁড়ির ঘর (অস্ট্রিয়া),,,Im Stiegenhaus ist kein Licht.,"A: Stiegenhaus, D/CH: Treppenhaus",
Stift,der,-e,noun,pen / pencil,কলম / পেন্সিল,,,Kannst du mir bitte einen Stift geben?,,
Stil,der,-e,noun,style,শৈলী / স্টাইল,,,Ihr Stil ist sehr elegant.,,
stilistisch,,,adj,stylistic,শৈলীগত,,,Der Text ist stilistisch sehr schoen.,,
still,,,adj,quiet / still / silent,চুপ / নীরব / শান্ত,,,Sei doch mal einen Moment still!,,
Stimme,die,-n,noun,voice,কণ্ঠ / গলা / স্বর,,,Ich habe dich sofort an der Stimme erkannt.,,
stimmen,,,verb,to be correct / to vote,সঠিক হওয়া / সঙ্গত হওয়া,gestimmt,hat,Meine Adresse stimmt nicht mehr.,,
Stimmung,die,-en,noun,mood / atmosphere,আবহ / মেজাজ / পরিবেশ,,,Es war eine tolle Party. Die Stimmung war sehr gut.,,
stinken,,,verb,to stink / smell bad,দুর্গন্ধ করা,gestunken,hat,Was stinkt denn hier so? – Das ist der Fisch. Er ist nicht mehr frisch.,,
Stock,der,,noun,floor / storey,তলা / ফ্লোর,,,"Das Buero ist im 3. Stock, Zimmer 305.",D/CH: Stock/Etage,
Stockwerk,das,-e,noun,storey / floor,তলা,,,Das Gebaeude hat zwanzig Stockwerke.,,
stoeren,,,verb,to disturb / bother,বিরক্ত করা / ব্যাঘাত করা,gestoert,hat,Darf ich Sie einen Augenblick stoeren?,,
Stoerung,die,-en,noun,disturbance / disruption / interference,বিঘ্ন / ব্যাঘাত,,,Entschuldigen Sie bitte die Stoerung.,,
Stoff,der,-e,noun,material / fabric / substance,কাপড় / উপাদান / পদার্থ,,,Was fuer ein Stoff ist das? – Wolle.,,
stolz,,,adj,proud,গর্বিত,,,Ich bin stolz auf dich. Das hast du sehr gut gemacht.,,
stoppen,,,verb,to stop,থামানো,gestoppt,hat,"Die Polizei hat mich gestoppt, weil ich bei Rot ueber die Ampel gefahren bin.",,
strafbar,,,adj,punishable / illegal,শাস্তিযোগ্য / দণ্ডনীয়,,,"Was du da machst, ist strafbar.",,
Strafe,die,-n,noun,fine / penalty / punishment,জরিমানা / শাস্তি,,,Schwarzfahren kostet 60 Euro Strafe.,,
Strafzettel,der,-,noun,parking ticket / fine notice,পার্কিং টিকিট / জরিমানার টিকিট,,,Ich habe einmal falsch geparkt und sofort einen Strafzettel bekommen.,,
Strand,der,¨-e,noun,beach,সমুদ্র সৈকত,,,Im Urlaub bin ich am liebsten am Strand.,,
Strasse,die,-n,noun,street / road,রাস্তা / সড়ক,,,Wir wohnen in einer sehr kleinen Strasse.,,
Strassenbahn,die,-en,noun,tram / streetcar (D/A),ট্রাম / স্ট্রিটকার (জার্মানি/অস্ট্রিয়া),,,Fahren wir mit der Strassenbahn oder der U-Bahn?,"D/A: Strassenbahn, CH: Tram",
Straße,die,-n,noun,,,,,,,
Straßenbahn,die,-en,noun,tram / streetcar,ট্রাম,,,Nehmen Sie die Straßenbahn Nr. 16.,,
Strecke,die,-n,noun,route / distance / stretch,পথ / দূরত্ব / রুট,,,Sind Sie die ganze Strecke zu Fuss gegangen?,,
Streichholz,das,¨-er,noun,match (for fire),দিয়াশলাই / ম্যাচ,,,Ich haette gern eine Schachtel Streichhoelzer.,"D: Streichholz/Zuendholz, A: Zuender",
Streik,der,-s,noun,strike / walkout,ধর্মঘট,,,Es gab einen Streik am Flughafen.,,
streiken,,,verb,to strike / go on strike,ধর্মঘট করা,gestreikt,hat,Die Arbeiter streiken fuer hoehere Loehne.,,
Streit,der,,noun,argument / dispute / quarrel,ঝগড়া / বিবাদ,,,Ich moechte keinen Streit mit den Nachbarn.,,
streng,,,adj,strict / severe / rigorous,কঠোর / কড়া,,,Unsere Tochter hat einen sehr strengen Lehrer.,,
Stress,der,,noun,stress,মানসিক চাপ / স্ট্রেস,,,Ich habe bei der Arbeit viel Stress.,,
Strom,der,,noun,electricity / current / power,বিদ্যুৎ / কারেন্ট,,,Wie kann ich im Haushalt Strom sparen?,,
Strumpf,der,¨-e,noun,stocking,স্টকিং / মোজা,,,Wo sind meine roten Struempfe?,,
Student,der,-en,noun,"student (male, university)",ছাত্র / শিক্ষার্থী (পুরুষ),,,Schueler und Studenten zahlen die Hälfte.,,
Studentin,die,-nen,noun,"student (female, university)",ছাত্রী / শিক্ষার্থী (মহিলা),,,Schueler und Studenten zahlen die Hälfte.,,
Studie,die,-n,noun,study / survey / research,গবেষণা / সমীক্ষা,,,Wir fuehren eine Studie ueber Arbeitslosigkeit durch.,,
studieren,,,verb,to study (at university),পড়াশোনা করা (বিশ্ববিদ্যালয়ে),studiert,hat,Mein Sohn will Medizin studieren.,,
Studierende,der/die,-n,noun,"student (university, gender-neutral)",শিক্ষার্থী (বিশ্ববিদ্যালয়),,,Zehn Studierende besuchen das Seminar.,,
Studio,das,-s,noun,studio,স্টুডিও,,,Zu Gast im Studio sind heute ...,,
Studium,das,Studien,noun,studies / degree program,পড়াশোনা / ডিগ্রি প্রোগ্রাম,,,Sie brauchen fuer diese Stelle ein abgeschlossenes Studium.,,
Stueck,das,-e,noun,piece / item / play (theater),টুকরো / খণ্ড / নাটক,,,Moechten Sie noch ein Stueck Kuchen?,,
stuerzen,,,verb,to fall / plunge / crash,পড়ে যাওয়া / ধসে পড়া,gestuerzt,ist,Ich bin auf der Strasse gestuerzt und habe mir den Fuss gebrochen.,,
Stufe,die,-n,noun,step / stair / level / stage,ধাপ / সিঁড়ি / স্তর,,,"Vorsicht, Stufe!",,
Stuhl,der,¨-e,noun,chair,চেয়ার,,,Da hinten ist noch ein Stuhl frei.,,
stumm,,,adj,mute / silent,বোবা / নীরব / চুপ,,,Stell bitte dein Handy leise oder auf stumm.,,
Stunde,die,-n,noun,hour / lesson / class,ঘণ্টা / ক্লাস,,,Ich bin in einer Stunde wieder zurueck.,,
Sturm,der,¨-e,noun,storm / gale,ঝড় / ঝঞ্ঝা,,,Im Radio haben sie Regen und Sturm angesagt.,,
städtisch,,,adj,,,,,,,
ständig,,,adj,,,,,,,
Störung,die,-en,noun,,,,,,,
suchen,,,verb,to search / look for,খোঁজা / সন্ধান করা,gesucht,hat,Ich suche meine Brille.,,
Sucht,die,¨-e,noun,addiction / obsession,আসক্তি / নেশা,,,Die Sucht nach Medikamenten nimmt zu.,,
sucht aus,,,verb,,,,,,,
Suchtmittel,das,-,noun,addictive substance / drug,নেশাকর দ্রব্য,,,Manche Medikamente sind auch Suchtmittel.,,
suechtig,,,adj,addicted,আসক্ত,,,Ich bin suechtig nach Schokolade.,,
suess,,,adj,sweet / cute,মিষ্টি / সুন্দর (শিশু),,,Ich esse gern suesse Sachen.,,
Summe,die,-n,noun,sum / total / amount,যোগফল / মোট অংক,,,Die Summe scheint mir zu hoch!,,
super,,,adj,super / great / fantastic,সুপার / দারুণ / অসাধারণ,,,Das war ein super Film!,,
Supermarkt,der,¨-e,noun,supermarket,সুপারমার্কেট,,,Donnerstags gehe ich immer in den Supermarkt.,,
Suppe,die,-n,noun,soup,স্যুপ,,,Schmeckt dir die Suppe?,,
Symbol,das,-e,noun,symbol,প্রতীক / সিম্বল,,,Das Herz ist ein Symbol fuer die Liebe.,,
sympathisch,,,adj,likeable / pleasant / sympathetic,সহানুভূতিশীল / পছন্দযোগ্য,,,Ich finde unsere neue Kollegin sehr sympathisch.,,
System,das,-e,noun,system,সিস্টেম / ব্যবস্থা,,,Welches Betriebssystem hast du?,,
Szene,die,-n,noun,scene / community / fuss,দৃশ্য / সিন / কমিউনিটি,,,In dieser Szene des Films stirbt der Held.,,
sämtliche,,,adj,all / entire / all of,সমস্ত / সকল / সব,,,Sämtliche Plätze waren belegt.,,
Sänger,der,-,noun,singer (male),গায়ক (পুরুষ),,,Der Sänger hat ein neues Album veröffentlicht.,,
Sängerin,die,-nen,noun,singer (female),গায়িকা (মহিলা),,,Die Sängerin hat eine wunderschöne Stimme.,,
süchtig,,,adj,,,,,,,
süß,,,,,,,,,,
Tabelle,die,-n,noun,table / chart,টেবিল / তালিকা,,,Tragen Sie die richtige Information in die Tabelle ein.,,
Tablette,die,-n,noun,tablet / pill,ট্যাবলেট / ওষুধের বিড়া,,,Nehmen Sie dreimal taeglich eine Tablette.,,
Taeter,der,-,noun,perpetrator / offender (male),অপরাধী (পুরুষ),,,Die Polizei hat den Taeter endlich gefasst.,,
Taeterin,die,-nen,noun,perpetrator / offender (female),অপরাধী (মহিলা),,,Die Polizei hat die Taeterin endlich gefasst.,,
Taetigkeit,die,-en,noun,activity / occupation / job,কাজ / কর্মকাণ্ড / পেশা,,,Welche Taetigkeit wuerde Ihnen Spass machen?,,
Tafel,die,-n,noun,board / blackboard / bar (chocolate),বোর্ড / চকোলেটের বার,,,Der Lehrer schreibt das neue Wort an die Tafel.,,
Tagesablauf,der,¨-e,noun,daily routine,দৈনন্দিন রুটিন,,,Wie ist Ihr Tagesablauf?,,
Tal,das,¨-er,noun,valley,উপত্যকা,,,Unser Dorf liegt in einem Tal.,,
Talent,das,-e,noun,talent / gift,প্রতিভা,,,Sie hat grosses Talent fuer Musik.,,
tanken,,,verb,to refuel / fill up (with petrol),তেল ভরা / পেট্রোল ভরা,getankt,hat,Wir muessen unbedingt tanken. Wir haben fast kein Benzin mehr.,,
Tankstelle,die,-n,noun,gas station / petrol station,পেট্রোল পাম্প / ফিলিং স্টেশন,,,Wo ist die naechste Tankstelle?,,
Tante,die,-n,noun,aunt,খালা / ফুফু / চাচী / মামী,,,"Die Familie meiner Mutter ist sehr gross, daher habe ich viele Tanten.",,
Tanz,der,¨-e,noun,dance,নাচ,,,Diese modernen Taenze kann ich nicht.,,
tanzen,,,verb,to dance,নাচা,getanzt,hat,Auf der Hochzeit haben wir viel getanzt.,,
Tasche,die,-n,noun,bag / pocket,ব্যাগ / পকেট,,,"Ich habe nicht viel Gepaeck, nur eine Tasche.",,
Taschengeld,das,-er,noun,pocket money / allowance,হাতখরচ / পকেটমানি,,,Wie viel Taschengeld bekommst du im Monat?,,
Taschentuch,das,¨-er,noun,tissue / handkerchief,টিস্যু / রুমাল,,,Hast du ein Taschentuch fuer mich?,,
Tasse,die,-n,noun,cup,কাপ,,,Moechten Sie eine Tasse Kaffee?,,
Tastatur,die,-en,noun,keyboard,কিবোর্ড,,,Die Tastatur an meinem Computer ist ganz neu.,,
Taste,die,-n,noun,key / button,কি / বোতাম,,,An der Fernbedienung ist eine Taste kaputt.,,
Tat,die,-en,noun,deed / act,কাজ / কৃতিত্ব,,,Dieser Mensch hat mit vielen guten Taten geholfen.,,
Tatsache,die,-n,noun,fact,তথ্য / সত্য,,,Das widerspricht den Tatsachen.,,
tatsaechlich,,,adj,actual / actually / indeed,আসলে / প্রকৃতপক্ষে / সত্যিই,,,"Die Hose ist tatsaechlich zu klein, obwohl sie so gross aussieht.",,
tatsächlich,,,adj,,,,,,,
taub,,,adj,deaf / numb,বধির / অসাড়,,,"Sie hoert schlecht, sie ist schon fast taub.",,
tauchen,,,verb,to dive,ডুব দেওয়া / ডাইভ করা,getaucht,ist/hat,Ich moechte im Urlaub wieder tauchen gehen.,,
tauschen,,,verb,to exchange / swap / trade,বিনিময় করা / অদলবদল করা,getauscht,hat,Ich wuerde meinen Kuchen gegen dein Brot tauschen.,,
Technik,die,-en,noun,technology / technique,প্রযুক্তি / কৌশল / টেকনিক,,,Ich verstehe nicht viel von Technik.,,
technisch,,,adj,technical,প্রযুক্তিগত,,,Es gab ein technisches Problem.,,
Technologie,die,-n,noun,technology,প্রযুক্তি / টেকনোলজি,,,Grosse Fortschritte gab es in der Technologie.,,
Tee,der,,noun,tea,চা,,,Bitte einen Tee mit Zitrone.,,
Teil,der,-e,noun,part / portion / share,অংশ / ভাগ,,,Der Film hat zwei Teile. Heute kommt Teil 1.,,
teilen,,,verb,to share / divide,ভাগ করা / ভাগাভাগি করা,geteilt,hat,Mein Mann und ich teilen uns die Arbeit.,,
Teilnahme,die,-n,noun,participation,অংশগ্রহণ,,,Die Teilnahme am Gewinnspiel ist kostenlos.,,
teilnehmen,,,verb,to participate / take part,অংশগ্রহণ করা,teilgenommen,hat,Leider konnte ich an dem Kurs nicht regelmaessig teilnehmen.,,
Teilnehmer,der,-,noun,participant (male),অংশগ্রহণকারী (পুরুষ),,,Die Teilnehmerinnen aus unserem Kurs kommen aus verschiedenen Laendern.,,
Teilnehmerin,die,-nen,noun,participant (female),অংশগ্রহণকারী (মহিলা),,,Die Teilnehmerinnen aus unserem Kurs kommen aus verschiedenen Laendern.,,
Teilzeit,die,,noun,part-time (work),পার্ট-টাইম / খণ্ডকালীন,,,Ich arbeite im Moment nur Teilzeit.,,
Telefon,das,-e,noun,telephone / phone,টেলিফোন / ফোন,,,Darf ich bitte Ihr Telefon benutzen?,,
telefonieren,,,verb,to telephone / call / phone,ফোন করা / টেলিফোন করা,telefoniert,hat,Ich muss kurz telefonieren.,,
Teller,der,-,noun,plate,প্লেট / থালা,,,Stell bitte schon mal die Teller auf den Tisch!,,
Temperatur,die,-en,noun,temperature,তাপমাত্রা,,,Die Temperaturen steigen heute um 10 Grad.,,
Tempo,das,,noun,speed / pace / tempo,গতি / টেম্পো,,,Hier darfst du nur Tempo 30 fahren.,,
Tennis,das,,noun,tennis,টেনিস,,,Ich spiele gern Tennis.,,
Teppich,der,-e,noun,carpet / rug,কার্পেট / গালিচা,,,Ich habe mir einen neuen Teppich gekauft.,,
Termin,der,-e,noun,appointment / date / deadline,অ্যাপয়েন্টমেন্ট / নির্ধারিত সময়,,,Als Termin schlage ich den 3. Mai vor.,,
Terminkalender,der,-,noun,appointment diary / planner,অ্যাপয়েন্টমেন্ট ডায়েরি,,,Hast du unser Treffen schon in deinen Terminkalender eingetragen?,,
Terrasse,die,-n,noun,terrace / patio,টেরেস / ছাদ / বারান্দা,,,Setzen wir uns auf die Terrasse!,,
Test,der,-s,noun,test,পরীক্ষা / টেস্ট,,,Ich bin ganz sicher: Du wirst den Test schaffen.,,
testen,,,verb,to test / try out,পরীক্ষা করা / টেস্ট করা,getestet,hat,Testen Sie unsere Angebote kostenlos.,,
teuer,,,adj,expensive / dear,দামি / ব্যয়বহুল / মূল্যবান,,,Ich finde das Geschaeft nicht teuer.,,
Text,der,-e,noun,text,টেক্সট / লেখা / পাঠ্য,,,Lesen Sie den Text.,,
Theater,das,-,noun,theater,থিয়েটার / নাট্যশালা,,,Wir gehen naechste Woche ins Theater.,,
Thema,das,Themen,noun,topic / theme / subject,বিষয় / প্রসঙ্গ,,,Wir haben im Kurs viel ueber das Thema Umwelt gesprochen.,,
theoretisch,,,adj,theoretical / in theory,তাত্ত্বিক,,,Ich habe die theoretische Pruefung bestanden. Nach der praktischen habe ich den Fuehrerschein.,,
Theorie,die,-n,noun,theory,তত্ত্ব,,,Das ist die Theorie. In der Praxis ist vieles ganz anders.,,
Therapie,die,-n,noun,therapy / treatment,থেরাপি / চিকিৎসা,,,Die Therapie hat geholfen. Es geht mir schon viel besser.,,
Ticket,das,-s,noun,ticket,টিকিট,,,Wir muessen die Tickets fuer unseren Flug ausdrucken.,,
tief,,,adj,deep / low,গভীর / নিচু,,,"Vorsicht, Kinder! Das Wasser ist hier sehr tief.",,
Tier,das,-e,noun,animal,প্রাণী / পশু,,,Er mag Tiere sehr und geht darum oft in den Zoo.,,
Tierpark,der,-s,noun,zoo / animal park,চিড়িয়াখানা / প্রাণী উদ্যান,,,Wollen wir am Samstag mit den Kindern in den Tierpark gehen?,,
Tipp,der,-s,noun,tip / hint / advice,টিপ / পরামর্শ,,,Kannst du mir einen Tipp geben? Wo finde ich billige Moebel?,,
tippen,,,verb,to type,টাইপ করা,getippt,hat,Wie schnell kannst du tippen?,,
Tisch,der,-e,noun,table,টেবিল,,,Das Essen steht schon auf dem Tisch.,,
Titel,der,-,noun,title,শিরোনাম / উপাধি / টাইটেল,,,Wie heisst der Film? – Ich weiss den Titel nicht mehr.,,
Tochter,die,¨-,noun,daughter,মেয়ে / কন্যা,,,Das ist meine Tochter Katharina.,,
Tod,der,,noun,death,মৃত্যু,,,Ich habe ihn vor seinem Tod noch einmal gesehen.,,
toedlich,,,adj,deadly / fatal / lethal,মারণাত্মক / প্রাণঘাতী,,,Dieses Gift kann fuer den Menschen toedlich sein.,,
Toilette,die,-n,noun,toilet / restroom / bathroom,টয়লেট / শৌচালয়,,,"Wo ist die Toilette, bitte?",,
tolerant,,,adj,tolerant,সহনশীল,,,Die Nachbarn hoeren oft laut Musik. Wir muessen sehr tolerant sein.,,
toll,,,adj,great / fantastic / awesome,দারুণ / অসাধারণ / চমৎকার,,,Ich habe mir ein tolles Kleid gekauft.,,
Tomate,die,-n,noun,tomato,টমেটো,,,Kauf bitte noch Tomaten auf dem Markt.,"D: Tomate, A: Paradeiser",
Topf,der,¨-e,noun,pot / pan (D/A),পাত্র / হাঁড়ি / রান্নার পাত্র,,,Hast du keinen groesseren Topf? Ich moechte Kartoffeln kochen.,"D/A: Topf, CH: Pfanne",
Tor,das,-e,noun,gate / goal (sports),গেট / গোল,,,Hinter dem Tor geht es zur Fabrik.,,
Torte,die,-n,noun,cake / torte / gateau,টর্ট / কেক,,,Zum Geburtstag backe ich dir eine Torte.,,
tot,,,adj,dead,মৃত,,,Meine Grosseltern sind schon lange tot.,,
total,,,adj,total / totally / completely,সম্পূর্ণ / পুরোপুরি,,,Der Film war total langweilig.,,
Tote,der/die,-n,noun,dead person / fatality,মৃত ব্যক্তি,,,Bei dem Unfall gab es zwei Tote.,,
Tourismus,der,,noun,tourism,পর্যটন / ট্যুরিজম,,,In dieser Gegend gibt es viel Tourismus.,,
Tourist,der,-en,noun,tourist (male),পর্যটক (পুরুষ),,,Es kommen immer mehr Touristen in unsere Stadt.,,
Touristin,die,-nen,noun,tourist (female),পর্যটক (মহিলা),,,Es kommen immer mehr Touristen in unsere Stadt.,,
Tradition,die,-en,noun,tradition,ঐতিহ্য / প্রথা,,,Eine grosse Hochzeit mit vielen Leuten ist bei uns Tradition.,,
traditionell,,,adj,traditional,ঐতিহ্যগত / প্রথাগত,,,Ich mag die traditionelle Kueche.,,
Traene,die,-n,noun,tear / teardrop,অশ্রু / চোখের জল,,,Sie trocknet dem Kind die Traenen.,,
traeumen,,,verb,to dream,স্বপ্ন দেখা,getraeumt,hat,Ich habe schlecht getraeumt.,,
tragen,,,verb,to carry / wear / bear (costs),বহন করা / পরা / খরচ বহন করা,getragen,hat,Lass mich den Koffer tragen. Der ist zu schwer fuer dich.,,
Trainer,der,-,noun,coach / trainer (male),প্রশিক্ষক / কোচ (পুরুষ),,,Ich finde unseren Trainer sehr nett.,,
Trainerin,die,-nen,noun,coach / trainer (female),প্রশিক্ষক / কোচ (মহিলা),,,Ich finde unsere Trainerin sehr nett.,,
trainieren,,,verb,to train / practice / work out,প্রশিক্ষণ দেওয়া / অনুশীলন করা,trainiert,hat,Wir trainieren einmal pro Woche im Sportverein.,,
Training,das,-s,noun,training / practice / workout,প্রশিক্ষণ / অনুশীলন,,,Jeden Dienstag ist Training.,,
Tram,das,-s,noun,tram (CH),ট্রাম (সুইজারল্যান্ড),,,Fahren wir mit dem Tram oder dem Bus?,"CH: Tram, D/A: Strassenbahn",
Transport,der,-e,noun,transport / transportation,পরিবহন,,,Was kostet der Transport?,,
transportieren,,,verb,to transport,পরিবহন করা,transportiert,hat,Wie willst du die Moebel denn transportieren?,,
Traum,der,¨-e,noun,dream,স্বপ্ন,,,Mein Traum ist ein eigenes Geschaeft.,,
Traum-,,,prefix,dream- (prefix),স্বপ্নের- (উপসর্গ),,,Mein Traumberuf ist Feuerwehrmann.,,
traurig,,,adj,sad / unhappy,দুঃখিত / বিষণ্ণ / মন খারাপ,,,Ich bin traurig. Ich darf nicht mitfahren.,,
treffen,,,verb,to meet / hit,দেখা করা / সাক্ষাৎ করা / মিলিত হওয়া,getroffen,hat,Wir treffen uns immer freitags.,,
Treffpunkt,der,-e,noun,meeting point / meeting place,মিলনস্থল / দেখা করার জায়গা,,,Unser Treffpunkt ist um 17 Uhr am Hauptbahnhof.,,
treiben,,,verb,to do (sports) / drive / push,চালানো / করা (খেলাধুলা),getrieben,hat,Welchen Sport treibst du?,,
Trennung,die,-en,noun,separation / split,বিচ্ছেদ / পৃথকীকরণ,,,Die Trennung von der Familie war schwierig.,,
Treppe,die,-n,noun,,,,,,,
treu,,,,,,,,,,
Trinkgeld,das,-er,noun,,,,,,,
trocken,,,,,,,,,,
trocknen,,,verb,,,,,,,
Trottoir,das,-s,noun,,,,,,,
trotz,,,,,,,,,,
trotzdem,,,,,,,,,,
Träne,die,-n,noun,,,,,,,
Tuch,das,¨-er,noun,,,,,,,
tun,,,verb,,,getan,hat,,,
Turm,der,¨-e,noun,,,,,Wo ist die Toilette? – Die Treppe hoch,,
typisch,,,adj,,,,,,,
Täter,der,-,noun,,,,,,,
Täterin,die,-nen,noun,,,,,,,
Tätigkeit,die,-en,noun,,,,,Der Lehrer schreibt das neue Wort an,,
täuscht,,,,,,,,,,
tödlich,,,adj,,,,,,,
Tür,die,-en,noun,,,,,,,
Tüte,die,-n,noun,,,,,,,
U-Bahn,die,-en,noun,subway / underground / metro,সাবওয়ে / মেট্রো / আন্ডারগ্রাউন্ড,,,Ich fahre mit der U-Bahn.,,
ueben,,,verb,to practice / exercise,অনুশীলন করা / চর্চা করা,geuebt,hat,Ich lerne gerade Gitarre spielen. Ich uebe jeden Tag zwei Stunden.,,
ueber,,,preposition,over / above / about / via / more than,উপরে / সম্পর্কে / উপর দিয়ে / বেশি,,,Die Muellers wohnen direkt ueber uns.,,
ueberall,,,adv,everywhere,সব জায়গায় / সর্বত্র,,,"Ich habe ueberall gesucht, aber meine Brille ist weg.",,
ueberfahren,,,verb,to run over (with vehicle),গাড়ি চাপা দেওয়া,ueberfahren,hat,Gestern hat ein Autofahrer einen Hund ueberfahren.,,
ueberhaupt,,,adv,at all / anyway / in general,আদৌ / মোটেও / আদতে,,,Die Suppe schmeckt mir ueberhaupt nicht.,,
ueberholen,,,verb,to overtake / pass,ওভারটেক করা / অতিক্রম করা,ueberholt,hat,Hier duerfen Lkws nicht ueberholen.,,
ueberlegen,,,verb,to think over / consider / ponder,চিন্তা করা / বিবেচনা করা / ভেবে দেখা,ueberlegt,hat,Ich kann mich nicht entscheiden. Ich muss mir das noch ueberlegen.,,
uebermorgen,,,adv,the day after tomorrow,পরশু,,,Morgen kann ich nicht. Wir sehen uns uebermorgen.,,
uebernachten,,,verb,to stay overnight,রাত কাটানো / রাত্রিযাপন করা,uebernachtet,hat,Wir haben auf dem Campingplatz uebernachtet.,,
Uebernachtung,die,-en,noun,overnight stay / accommodation,রাত্রিযাপন / রাত্রিকালীন থাকা,,,In diesem Hotel kostet die Uebernachtung mit Fruehstueck 90 Euro.,,
uebernehmen,,,verb,to take over / accept (responsibility),গ্রহণ করা / দায়িত্ব নেওয়া,uebernommen,hat,Ich habe das Geschaeft von meinem Vater uebernommen.,,
ueberpruefen,,,verb,to check / verify / examine,পরীক্ষা করা / যাচাই করা,ueberprueft,hat,"Bitte ueberpruefen Sie, ob Ihr Name richtig geschrieben ist.",,
ueberqueren,,,verb,to cross (street / river),পাড় হওয়া / অতিক্রম করা,ueberquert,hat,Bitte die Strasse nur an der Ampel ueberqueren.,,
ueberraschen,,,verb,to surprise,অবাক করা / চমকে দেওয়া,ueberrascht,hat,"Ich bin ganz ueberrascht, dass die Wohnung so billig ist.",,
Ueberraschung,die,-en,noun,surprise,বিস্ময় / সারপ্রাইজ / চমক,,,Ich habe eine Ueberraschung fuer dich.,,
ueberreden,,,verb,to persuade / talk into,পটানো / রাজি করানো,ueberredet,hat,"Mein Bruder hat mich ueberredet, einen Englischkurs zu machen.",,
Ueberschrift,die,-en,noun,headline / heading / title,শিরোনাম / হেডলাইন,,,Der Artikel erschien unter der folgenden Ueberschrift.,,
uebersetzen,,,verb,to translate,অনুবাদ করা,uebersetzt,hat,Koennten Sie mir bitte diesen Brief uebersetzen?,,
Uebersetzer,der,-,noun,translator (male),অনুবাদক (পুরুষ),,,Meine Tochter moechte als Uebersetzerin arbeiten.,,
Uebersetzerin,die,-nen,noun,translator (female),অনুবাদক (মহিলা),,,Meine Tochter moechte als Uebersetzerin arbeiten.,,
Uebersetzung,die,-en,noun,translation,অনুবাদ,,,Die Uebersetzung des Buches ist sehr gut.,,
Ueberstunde,die,-n,noun,overtime (hour),ওভারটাইম / অতিরিক্ত কাজের সময়,,,Ich muss heute Ueberstunden machen.,,
uebertreiben,,,verb,to exaggerate / overdo,বাড়াবাড়ি করা / অতিরঞ্জিত করা,uebertrieben,hat,Ein bisschen Sport ist gesund. Aber man sollte es nicht uebertreiben.,,
ueberweisen,,,verb,to transfer (money) / refer (medical),টাকা স্থানান্তর / রেফার করা,ueberwiesen,hat,Ich ueberweise dir das Geld.,,
Ueberweisung,die,-en,noun,bank transfer / referral (medical),ব্যাংক ট্রান্সফার / রেফারেল,,,Sie koennen bar oder per Ueberweisung bezahlen.,,
Ueberzeugung,die,-en,noun,conviction / belief,প্রত্যয় / দৃঢ় বিশ্বাস,,,Wie bist du zu dieser Ueberzeugung gekommen?,,
ueblich,,,adj,usual / customary / common,সাধারণ / প্রচলিত / স্বাভাবিক,,,"In Deutschland ist es ueblich, frueh zu Abend zu essen.",,
uebrig,,,adj,remaining / left over,অবশিষ্ট / বাকি,,,Ist noch etwas zu essen uebrig?,,
uebrigens,,,adv,by the way / incidentally,উপায়ক্রমে / বলতে গেলে,,,"Uebrigens, kennst du schon die neuen Nachbarn?",,
Uebung,die,-en,noun,exercise / practice,অনুশীলন / চর্চা / অনুশীলনী,,,Diese Uebung war sehr schwer.,,
Ufer,das,-,noun,shore / bank / riverside,তীর / কিনারা,,,Er schwimmt ans Ufer zurueck.,,
Uhr,die,-en,noun,clock / watch / o'clock,ঘড়ি / ঘণ্টা,,,Wie viel Uhr ist es?,,
um,,,preposition,at / around / by (time) / about,এ / প্রায় / দিয়ে (সময়),,,Wir treffen uns um 8 Uhr.,,
um … zu,,,conjunction,in order to,উদ্দেশ্যে / করার জন্য,,,"Um gesund zu bleiben, musst du Sport machen und Gemuese essen.",,
umarmen,,,verb,to embrace / hug,আলিঙ্গন করা / জড়িয়ে ধরা,umarmt,hat,Lass dich zum Abschied umarmen.,,
Umfrage,die,-n,noun,survey / poll,জরিপ / মতামত জরিপ,,,Wir machen eine Umfrage zum Thema Umweltschutz.,,
Umgebung,die,-en,noun,surroundings / area / vicinity,আশেপাশের এলাকা / পরিবেশ,,,In der Umgebung von Berlin kann man schoene Ausfluege machen.,,
umgehen,,,verb,to handle / deal with,ব্যবহার করা / মোকাবেলা করা,umgegangen,ist,Er kann sehr gut mit Kindern umgehen.,,
umgekehrt,,,adj,vice versa / the other way around / reverse,উল্টো / বিপরীতক্রমে,,,"Nein, umgekehrt: erst der Vorname, dann der Nachname.",,
umgezogen,,,,,,,,,,
Umleitung,die,-en,noun,detour / diversion,বিকল্প পথ / ডাইভার্শন,,,Es gibt wegen des Unfalls eine Umleitung.,,
umso,,,adv,all the more / even more,আরও বেশি / ততই,,,"Je frueher wir dort sind, umso besser sind unsere Chancen.",,
umsonst,,,adv,free of charge / in vain / for nothing,বিনামূল্যে / বৃথা,,,Ich musste nichts bezahlen. Die Reparatur war umsonst.,,
umsteigen,,,verb,to change / transfer (trains/buses),ট্রেন/বাস বদলানো,umgestiegen,ist,In Ulm muessen Sie umsteigen.,,
Umtausch,der,¨-e,noun,exchange / return (of goods),বিনিময় / ফেরত,,,Ein Umtausch ist leider nicht moeglich.,,
umtauschen,,,verb,to exchange (goods) / change (money),বিনিময় করা / ফেরত দিয়ে বদলানো,umgetauscht,hat,Ich moechte diese Bluse umtauschen. Sie passt mir nicht.,,
Umwelt,die,,noun,environment,পরিবেশ,,,Alte Autos sind ein Problem fuer die Umwelt.,,
Umweltschutz,der,,noun,environmental protection,পরিবেশ সুরক্ষা,,,Das Land muss mehr Geld fuer Umweltschutz ausgeben.,,
Umweltver-,die,,noun,,,,,,,
Umweltverschmutzung,die,-en,noun,environmental pollution,পরিবেশ দূষণ,,,Die Umweltverschmutzung nimmt weiter zu.,,
umziehen,,,verb,to move (house) / relocate,বাসা বদলানো / স্থানান্তরিত হওয়া,umgezogen,ist,Familie Meier ist letzten Monat umgezogen.,,
Umzug,der,¨-e,noun,move / relocation / parade,স্থানান্তর / বাসা বদল,,,Der Umzug ist naechste Woche.,,
un-,,,prefix,un- / in- / not (prefix),অ- / না- (উপসর্গ),,,Der Verkaeufer war sehr unfreundlich.,,
unbedingt,,,adv,absolutely / definitely / without fail,অবশ্যই / নিশ্চিতভাবেই,,,Ich muss unbedingt mit dir sprechen.,,
und,,,conjunction,and,এবং / আর,,,Ich habe heute und morgen frei.,,
unentschieden,,,adj,undecided / tied (sports),অনিশ্চিত / অমীমাংসিত,,,Es steht unentschieden zwischen den beiden Mannschaften.,,
Unfall,der,¨-e,noun,accident,দুর্ঘটনা,,,Ich hatte letzte Woche einen Unfall.,,
ungefaehr,,,adv,approximately / roughly / about,প্রায় / আনুমানিক,,,Wie weit ist es bis zum Bahnhof? – Ungefaehr zehn Minuten zu Fuss.,,
ungefähr,,,,,,,,,,
ungewoehnlich,,,adj,unusual / uncommon,অস্বাভাবিক / অসাধারণ,,,"Ich finde diese Speise ungewoehnlich, aber sie schmeckt gut.",,
ungewöhnlich,,,adj,,,,,,,
unglaublich,,,adj,unbelievable / incredible,অবিশ্বাস্য,,,Es ist unglaublich. Schon wieder so ein Unglueck.,,
Unglueck,das,-e,noun,misfortune / accident / disaster,দুর্ভাগ্য / দুর্ঘটনা,,,Bei dem Unglueck gab es viele Verletzte.,,
Unglück,das,-e,noun,,,,,,,
unheimlich,,,adj,eerie / creepy / uncanny / extremely,ভুতুড়ে / গা ছমছমে / খুবই,,,Ich mag dieses Haus nicht. Es sieht unheimlich aus.,,
Uniform,die,-en,noun,uniform,ইউনিফর্ম / পোশাক,,,"In der Schule, die sie besucht, traegt man Uniformen.",,
Universitaet,die,-en,noun,university,বিশ্ববিদ্যালয়,,,Mein Sohn studiert an der Universitaet.,,
Universität,die,-en,noun,,,,,,,
unten,,,adv,down / below / downstairs,নিচে / নিচের দিকে,,,"Wir wohnen im 3. Stock, meine Eltern unten im 1. Stock.",,
unter,,,preposition,under / below / among,নিচে / অধীনে / মধ্যে,,,Unter uns wohnt eine Familie mit drei Kindern.,,
unter-,,,prefix,under- / lower- / sub-,নিচের- / অধীন- (উপসর্গ),,,Mein Pass ist im unteren Regal.,,
unterbrechen,,,verb,to interrupt,বাধা দেওয়া / থামানো,unterbrochen,hat,Wir unterbrechen die Sendung fuer eine wichtige Nachricht.,,
Unterhaltung,die,-en,noun,entertainment / conversation,বিনোদন / কথোপকথন,,,Wir wuenschen Ihnen gute Unterhaltung.,,
Unterkunft,die,¨-e,noun,accommodation / lodging,থাকার জায়গা / আবাসন,,,Ich suche eine guenstige Unterkunft.,,
Unterlagen,,(Pl.),noun,documents / paperwork / records,নথিপত্র / কাগজপত্র,,,Ich schicke Ihnen alle Unterlagen mit der Post zu.,,
unterlassen,,,verb,to refrain from / omit / cease,বিরত থাকা / ছেড়ে দেওয়া,unterlassen,hat,Das Rauchen auf den Gaengen ist zu unterlassen.,,
unternehmen,,,verb,to undertake / do (an activity),করা / কিছু করা (কাজ),unternommen,hat,Wollen wir heute Abend noch etwas unternehmen?,,
Unternehmer,der,-,noun,entrepreneur (male),উদ্যোক্তা (পুরুষ),,,Sie ist erfolgreiche Unternehmerin.,,
Unternehmerin,die,-nen,noun,entrepreneur (female),উদ্যোক্তা (মহিলা),,,Sie ist erfolgreiche Unternehmerin.,,
Unterricht,der,,noun,class / lesson / instruction,ক্লাস / পাঠদান / শিক্ষাদান,,,Der Unterricht dauert von 17 bis 19 Uhr.,,
unterrichten,,,verb,to teach / instruct,পড়ানো / শিক্ষা দেওয়া,unterrichtet,hat,Meine Frau unterrichtet Spanisch.,,
untersagt,,,adj,prohibited / forbidden,নিষিদ্ধ,,,"Es ist untersagt, hier zu rauchen.",,
unterscheiden,,,verb,to distinguish / differentiate,পার্থক্য করা / আলাদা করে চেনা,unterschieden,hat,Auf dem Foto kann man euch beide nicht unterscheiden.,,
Unterschied,der,-e,noun,difference,পার্থক্য / তফাৎ,,,"Koennen Sie mir sagen, was der Unterschied ist?",,
unterschiedlich,,,adj,different / varying / diverse,বিভিন্ন / ভিন্ন রকমের,,,Mein Bruder und ich sind sehr unterschiedlich.,,
unterschreiben,,,verb,to sign,স্বাক্ষর করা / দস্তখত করা,unterschrieben,hat,Unterschreiben Sie bitte hier unten rechts.,,
Unterschrift,die,-en,noun,signature,স্বাক্ষর / দস্তখত,,,Auf dem Schreiben fehlt die Unterschrift.,,
unterstreichen,,,verb,to underline / emphasize,নিচে দাগ দেওয়া / জোর দেওয়া,unterstrichen,hat,Wir sollen alle wichtigen Woerter unterstreichen.,,
unterstuetzen,,,verb,to support / assist,সমর্থন করা / সাহায্য করা,unterstuetzt,hat,"Sie unterstuetzen mich, wo sie nur koennen.",,
Unterstuetzung,die,-en,noun,support / assistance / aid,সমর্থন / সাহায্য,,,Ich nehme Ihre Unterstuetzung gern an.,,
unterstützen,,,verb,,,,,,,
Unterstützung,die,-en,noun,,,,,,,
untersuchen,,,verb,to examine / investigate,পরীক্ষা করা / তদন্ত করা,untersucht,hat,Sie sollten sich vom Arzt untersuchen lassen.,,
Untersuchung,die,-en,noun,examination / investigation / checkup,পরীক্ষা / তদন্ত / চেকআপ,,,Ich habe morgen eine Untersuchung im Krankenhaus.,,
unterwegs,,,adv,on the way / en route / out and about,পথে / রাস্তায়,,,Warte auf mich. Ich bin unterwegs und komme gleich.,,
Urkunde,die,-n,noun,certificate / document / deed,সার্টিফিকেট / সনদপত্র,,,"Wenn wir das Spiel gewinnen, bekommen wir eine Urkunde.",,
Urlaub,der,-e,noun,vacation / holiday / leave,ছুটি / অবকাশ,,,Ich habe noch drei Tage Urlaub.,"D/A: Urlaub, CH: Ferien",
Ursache,die,-n,noun,cause / reason,কারণ,,,Kennt man schon die Unfallursache?,,
urspruenglich,,,adj,original / originally / initially,মূলত / প্রথমদিকে,,,Urspruenglich wollte ich in einem Restaurant arbeiten.,,
ursprünglich,,,adj,,,,,,,
Urteil,das,-e,noun,judgment / verdict / sentence / opinion,রায় / বিচার / মতামত,,,Dein Urteil ist fuer mich sehr wichtig.,,
Vase,die,-n,noun,vase,ফুলদানি / ভেজ,,,Hast du eine Vase fuer die Blumen?,,
Vater,der,¨-,noun,father,বাবা / পিতা,,,Mein Vater arbeitet in einem Restaurant.,,
vegetarisch,,,adj,vegetarian,নিরামিষ,,,Ich mag kein Fleisch. Ich esse am liebsten vegetarisch.,,
Velo,das,-s,noun,bicycle (CH),সাইকেল (সুইজারল্যান্ড),,,Sie faehrt jeden Morgen mit dem Velo zur Arbeit.,"CH: Velo, D/A: Fahrrad/Rad",
verabredet,,,adj,having an appointment / busy (with someone),দেখা করার কথা আছে এমন,,,"Tut mir leid, ich habe keine Zeit. Ich bin mit meiner Freundin verabredet.",,
Verabredung,die,-en,noun,appointment / date / arrangement,দেখা করার অ্যাপয়েন্টমেন্ট,,,Ich habe um 15 Uhr eine Verabredung mit Klaus.,,
Veranstaltung,die,-en,noun,event / function,অনুষ্ঠান / ইভেন্ট,,,Am Samstag ist unser Lokal geschlossen. Wir haben eine Veranstaltung.,,
verantwortlich,,,adj,responsible,দায়ী,,,Sie sind fuer Ihre Kinder verantwortlich.,,
Verantwortung,die,,noun,responsibility,দায়িত্ব,,,Sie tragen die Verantwortung fuer Ihre Kinder.,,
verbessert,,,verb,,,,,,,
verbieten,,,verb,to forbid / prohibit / ban,নিষেধ করা / মানা করা,verboten,hat,Ich werde meinen Kindern das Rauchen verbieten.,,
verbinden,,,verb,to connect / bandage / link,সংযোগ করা / বাঁধা / যুক্ত করা,verbunden,hat,Wir muessen die Wunde sofort verbinden.,,
Verbindung,die,-en,noun,connection / link,সংযোগ / সম্পর্ক,,,Die Verbindung ist sehr gut. Ich kann direkt mit diesem Zug fahren.,,
Verbot,das,-e,noun,ban / prohibition,নিষেধাজ্ঞা,,,Ich bin fuer das Verbot dieses neuen Videospiels.,,
verboten,,,adj,forbidden / prohibited,নিষিদ্ধ,,,In den meisten Restaurants ist Rauchen verboten.,,
verbrauchen,,,verb,to consume / use up,খরচ করা / ব্যবহার করা,verbraucht,hat,Wie viel Benzin verbraucht dein Auto?,,
Verbrecher,der,-,noun,criminal (male),অপরাধী (পুরুষ),,,Die Polizei hat den Verbrecher verhaftet.,,
Verbrecherin,die,-nen,noun,criminal (female),অপরাধী (মহিলা),,,Die Polizei hat die Verbrecherin verhaftet.,,
verbrennt,,,verb,,,,,,,
verbringen,,,verb,to spend (time),সময় কাটানো,verbracht,hat,Wie haben Sie Ihren Urlaub verbracht?,,
Verdacht,der,,noun,suspicion,সন্দেহ,,,Wer hat das Geld aus der Kasse genommen? – Ich habe einen Verdacht.,,
verdaechtig,,,adj,suspicious,সন্দেহজনক,,,Die Tuer war nicht abgeschlossen. Das ist verdaechtig.,,
verdienen,,,verb,to earn / deserve,আয় করা / উপার্জন করা / যোগ্য হওয়া,verdient,hat,In diesem Beruf verdient man gut.,,
verdächtig,,,adj,,,,,,,
Verein,der,-e,noun,club / association / society,ক্লাব / সংগঠন / সমিতি,,,Ich bin schon seit 15 Jahren Mitglied in diesem Verein.,,
vereinbaren,,,verb,to agree on / arrange / set,একমত হওয়া / নির্ধারণ করা,vereinbart,hat,Koennen wir einen Termin vereinbaren?,,
Vergangenheit,die,,noun,past,অতীত,,,In der Vergangenheit war das anders.,,
vergeblich,,,adj,in vain / futile / unsuccessful,বৃথা / ব্যর্থ,,,Ich habe vergeblich versucht dich anzurufen.,,
vergessen,,,verb,to forget,ভুলে যাওয়া,vergessen,hat,Ich habe den Termin ganz vergessen.,,
Vergleich,der,-e,noun,comparison / settlement,তুলনা / মীমাংসা,,,Im Vergleich zum Wetter letzte Woche ist es heute warm.,,
vergleichen,,,verb,to compare,তুলনা করা,verglichen,hat,Vergleichen Sie die Angebote.,,
Vergnuegen,das,-,noun,pleasure / fun / enjoyment,আনন্দ / মজা,,,"Es ist ein Vergnuegen, den Kindern beim Spielen zuzusehen.",,
vergnuegt,,,adj,cheerful / merry / jolly,আনন্দিত / খুশি,,,Er kam mit einem vergnuegten Grinsen herein.,,
Vergnügen,das,-,noun,,,,,,,
vergnügt,,,,,,,,,,
vergroessern,,,verb,to enlarge / expand / increase,বড় করা / বিস্তার করা,vergroessert,hat,Koennen Sie das Foto vergroessern?,,
vergrößern,,,verb,,,,,,,
Verhaeltnis,das,-se,noun,relationship / ratio / relation,সম্পর্ক / অনুপাত,,,Ich habe ein gutes Verhaeltnis zu meinen Eltern.,,
verhaften,,,verb,to arrest,গ্রেপ্তার করা,verhaftet,hat,Die Polizei hat 23 Menschen verhaftet.,,
Verhalten,das,,noun,behavior / conduct,আচরণ,,,Ich bewundere dein Verhalten in der schwierigen Situation.,,
verheiratet,,,adj,married,বিবাহিত,,,Mit wem sind Sie verheiratet?,,
verhindern,,,verb,to prevent / stop / avert,প্রতিরোধ করা / আটকানো,verhindert,hat,Wir konnten den Unfall nicht verhindern.,,
Verhältnis,das,-se,noun,,,,,,,
Verkaeufer,der,-,noun,salesperson / seller (male),বিক্রেতা (পুরুষ),,,Der Verkaeufer wird Ihnen gleich helfen.,,
Verkaeuferin,die,-nen,noun,salesperson / seller (female),বিক্রেতা (মহিলা),,,Die Verkaeuferin wird Ihnen gleich helfen.,,
verkaufen,,,verb,to sell,বিক্রি করা,verkauft,hat,Ich habe unser altes Auto verkauft.,,
Verkehr,der,,noun,traffic / transport,যানবাহন / ট্রাফিক,,,Morgens ist hier immer viel Verkehr.,,
Verkehrsmittel,das,-,noun,means of transport,পরিবহনের মাধ্যম,,,Sie sollten mit oeffentlichen Verkehrsmitteln fahren.,,
Verkehrszeichen,das,-,noun,traffic sign,ট্রাফিক সাইন,,,Meine Kinder lernen in der Schule gerade die Verkehrszeichen.,,
Verkäufer,der,-,noun,,,,,,,
Verkäuferin,die,-nen,noun,,,,,,,
verlaengern,,,verb,to extend / prolong / renew,বাড়ানো / দীর্ঘ করা / নবায়ন করা,verlaengert,hat,Ich muss meinen Pass verlaengern lassen.,,
Verlag,der,-e,noun,publishing house / publisher,প্রকাশনা সংস্থা,,,Von welchem Verlag ist dieses Buch?,,
verlangen,,,verb,to demand / ask for / require,চাওয়া / দাবি করা,verlangt,hat,Jeden Tag Ueberstunden? Das koennen Sie nicht verlangen.,,
verlassen,,,verb,to leave / abandon,ছেড়ে যাওয়া / ত্যাগ করা,verlassen,hat,Ich habe die Party um 3 Uhr verlassen.,,
Verletzung,die,-en,noun,injury,আঘাত / চোট,,,Keine Angst. Die Verletzung ist nicht so schlimm.,,
verliebt,,,adj,in love,প্রেমে পড়া / ভালোবাসায় মগ্ন,,,Ich bin in Francesco verliebt.,,
verlieren,,,verb,to lose,হারানো,verloren,hat,Ich habe meine Brieftasche verloren.,,
Verlierer,der,-,noun,loser (male),হারানো ব্যক্তি (পুরুষ),,,Sie ist eine gute Verliererin.,,
Verliererin,die,-nen,noun,loser (female),হারানো ব্যক্তি (মহিলা),,,Sie ist eine gute Verliererin.,,
Verlust,der,-e,noun,loss,ক্ষতি / হারানো,,,Der Verlust meiner Uhr aergert mich sehr.,,
verlängern,,,verb,,,,,,,
verläuft sich,,,verb,,,,,,,
vermeiden,,,verb,to avoid,পরিহার করা / এড়ানো,vermieden,hat,"Der Arzt sagt, ich soll Stress vermeiden.",,
vermieten,,,verb,to rent out / let,ভাড়া দেওয়া,vermietet,hat,Bei uns im Haus ist ein Zimmer zu vermieten.,,
Vermieter,der,-,noun,landlord (male),বাড়িওয়ালা (পুরুষ),,,"Unsere Vermieterin ist eine sehr nette, aeltere Frau.",,
Vermieterin,die,-nen,noun,landlady (female),বাড়িওয়ালী (মহিলা),,,"Unsere Vermieterin ist eine sehr nette, aeltere Frau.",,
Vermietung,die,-en,noun,rental / renting / letting,ভাড়া দেওয়া,,,Mit der Vermietung von Wohnungen kann man viel Geld verdienen.,,
vermissen,,,verb,to miss (someone/something),মনে করা / অভাব বোধ করা,vermisst,hat,Ich vermisse meine Familie.,,
Vermittlung,die,-en,noun,agency / mediation / placement,এজেন্সি / মধ্যস্থতা,,,Du suchst ein Zimmer? Dann frag bei der Vermittlung am Bahnhof nach.,,
vermuten,,,verb,to suppose / assume / suspect,অনুমান করা / সন্দেহ করা,vermutet,hat,"Ich vermute, sie wird heute nicht kommen.",,
vermutlich,,,adv,presumably / probably,সম্ভবত / সম্ভাব্যত,,,Vermutlich sagt er die Wahrheit.,,
vernuenftig,,,adj,reasonable / sensible / rational,যুক্তিসঙ্গত / বিচক্ষণ,,,Seien Sie doch vernuenftig!,,
vernünftig,,,adj,,,,,,,
verpacken,,,verb,to pack / wrap / package,প্যাক করা / মোড়ানো,verpackt,hat,Hast du die Pakete gut verpackt?,,
verpassen,,,verb,"to miss (train, opportunity)",মিস করা / হাতছাড়া করা,verpasst,hat,Ich habe den Zug verpasst.,,
verpflegen,,,verb,to provide food for / cater for,খাবারের ব্যবস্থা করা,verpflegt,hat,Wir werden hier sehr gut mit Essen verpflegt.,,
verpflichtet,,,adj,obliged / required / bound,বাধ্য / দায়বদ্ধ,,,"Sie sind verpflichtet, den Unfall zu melden.",,
verraten,,,verb,to betray / reveal / tell (a secret),বিশ্বাসঘাতকতা করা / ফাঁস করা,verraten,hat,Wer hat dir das Geheimnis verraten?,,
verreisen,,,verb,to go on a trip / go away,ভ্রমণে যাওয়া,verreist,ist,Frau Dr. Mueller ist zurzeit verreist.,,
verrueckt,,,adj,crazy / mad / insane,পাগল / উদ্ভট,,,Bist du verrueckt geworden?!,,
verrückt,,,,,,,,,,
versaeumen,,,verb,to miss (deadline/event) / neglect,মিস করা / গাফিলতি করা,versaeumt,hat,"Tut mir leid, ich habe die Anmeldefrist versaeumt.",,
Versammlung,die,-en,noun,assembly / meeting / gathering,সভা / সমাবেশ,,,Der Minister hielt bei der Versammlung eine Rede.,,
verschieben,,,verb,to postpone / move / shift,স্থগিত করা / সরানো,verschoben,hat,Leider muss ich den Termin verschieben.,,
verschieden,,,adj,different / various / diverse,বিভিন্ন / ভিন্ন ভিন্ন,,,Unsere beiden Kinder sind sehr verschieden.,,
verschmutzen,,,verb,to pollute / dirty,দূষিত করা / নোংরা করা,verschmutzt,hat,Fabriken verschmutzen die Umwelt.,,
verschreiben,,,verb,to prescribe (medicine),প্রেসক্রাইব করা (ওষুধ),verschrieben,hat,Die Aertzin hat mir Tabletten verschrieben.,,
verschwinden,,,verb,to disappear / vanish,অদৃশ্য হওয়া / হারিয়ে যাওয়া,verschwunden,ist,Mein Ausweis ist verschwunden. Hast du ihn vielleicht gesehen?,,
versichern,,,verb,to insure / assure,বীমা করা / নিশ্চিত করা,versichert,hat,Wollen Sie Ihr Gepaeck versichern?,,
Versichertenkarte,die,-n,noun,insurance card (D),বীমা কার্ড (জার্মানি),,,Haben Sie Ihre Versichertenkarte dabei?,"D: Versichertenkarte, A: e-card",
Versicherung,die,-en,noun,insurance / assurance,বীমা,,,Sie sollten eine Versicherung fuer Ihr Gepaeck abschliessen.,,
Verspaetung,die,-en,noun,delay / lateness,বিলম্ব / দেরি,,,Unser Zug hatte 10 Minuten Verspaetung.,,
versprechen,,,verb,to promise,প্রতিশ্রুতি দেওয়া / ওয়াদা করা,versprochen,hat,"Meine Mutter hat mir versprochen, mich abzuholen.",,
Verspätung,die,-en,noun,,,,,,,
verstaendlich,,,adj,understandable / comprehensible,বোধগম্য / বোঝার মতো,,,Nach acht Stunden Schule haben die Kinder keine Lust mehr. Ich finde das verstaendlich.,,
Verstaendnis,das,,noun,understanding / comprehension,বোধগম্যতা / উপলব্ধি,,,Wir bitten um Ihr Verstaendnis.,,
versteckt,,,verb,,,,,,,
verständlich,,,adj,,,,,Wer hat dir das Geheimnis verraten?,,
Verständnis,das,,noun,,,,,,,
Versuch,der,-e,noun,attempt / try / experiment,প্রচেষ্টা / চেষ্টা / পরীক্ষা,,,In der Forschung werden viele Versuche gemacht.,,
versuchen,,,verb,to try / attempt / taste,চেষ্টা করা / স্বাদ নেওয়া,versucht,hat,Haben Sie es schon mal mit diesem Mittel versucht?,,
versäumen,,,verb,,,,,,,
vert,,,,,,,,,,
verteilen,,,verb,to distribute / hand out,বিতরণ করা / ভাগ করে দেওয়া,verteilt,hat,Kannst du bitte schon mal die Glaeser verteilen?,,
Vertrag,der,¨-e,noun,contract / agreement,চুক্তি / কন্ট্রাক্ট,,,Sie beide muessen den Vertrag unterschreiben.,,
Vertrauen,das,,noun,trust / confidence,বিশ্বাস / আস্থা,,,Ich habe Vertrauen zu Ihnen.,,
vertreten,,,verb,to represent / stand in for,প্রতিনিধিত্ব করা,vertreten,hat,"Wer vertritt Sie, wenn Sie Urlaub machen?",,
Vertreter,der,-,noun,representative (male),প্রতিনিধি (পুরুষ),,,"Als Herr Dr. Mueller in Urlaub war, bin ich zu seiner Vertreterin gegangen.",,
Vertreterin,die,-nen,noun,representative (female),প্রতিনিধি (মহিলা),,,"Als Herr Dr. Mueller in Urlaub war, bin ich zu seiner Vertreterin gegangen.",,
Vertretung,die,-en,noun,representation / substitution / stand-in,প্রতিনিধিত্ব,,,Herr Dr. Meyer macht fuer mich die Vertretung.,,
verursachen,,,verb,to cause / bring about,কারণ হওয়া / ঘটানো,verursacht,hat,Dieser Busfahrer verursachte den Unfall.,,
verurteilen,,,verb,to sentence / convict / condemn,দণ্ড দেওয়া / সাজা দেওয়া,verurteilt,hat,Das Gericht hat den Taeter zu einer Geldstrafe verurteilt.,,
Verwaltung,die,-en,noun,administration / management,প্রশাসন / ব্যবস্থাপনা,,,Sprechen Sie bitte mit der Verwaltung.,,
verwandt,,,adj,related (family),আত্মীয় / সম্পর্কিত,,,Sind Sie mit Frau Meyer verwandt?,,
Verwandte,der/die,-n,noun,relative / relation,আত্মীয়,,,Zu meinem Geburtstag kommen alle Verwandten.,,
verwechseln,,,verb,to mix up / confuse / mistake,ভুল করা / গুলিয়ে ফেলা,verwechselt,hat,"Entschuldigen Sie, ich habe Sie mit jemandem verwechselt.",,
verwenden,,,verb,to use / utilize,ব্যবহার করা,verwendet,hat,Dieses Wort wird oft verwendet.,,
verzeihen,,,verb,to forgive / pardon,ক্ষমা করা / মাফ করা,verziehen,hat,Das werde ich ihm nie verzeihen koennen.,,
Verzeihung,die,,noun,forgiveness / pardon / excuse me,ক্ষমা / সরি,,,Verzeihung! Ich habe die falsche Nummer gewaehlt.,,
verzichten,,,verb,to do without / waive / forgo,ত্যাগ করা / ছেড়ে দেওয়া,verzichtet,hat,Ich verzichte heute auf den Kaffee.,,
verändert,,,verb,,,,,,,
veröffentlichen,,,verb,to publish,প্রকাশ করা,veröffentlicht,hat,Der Autor möchte ein Buch veröffentlichen.,,
Video,das,-s,noun,video,ভিডিও,,,Ich habe den Film auf Video aufgenommen.,,
viel,,,adj,much / many / a lot,অনেক / প্রচুর,,,Ich habe schon viel gelernt.,,
vielleicht,,,adv,maybe / perhaps / possibly,হয়তো / সম্ভবত,,,Kommst du mit in die Stadt? – Vielleicht.,,
Viertel,das,-,noun,quarter / district / neighborhood,এলাকা / পাড়া / চতুর্থাংশ,,,Wir wohnen in einem schoenen Viertel.,"D/A: Viertel, CH: Quartier",
virtuell,,,adj,virtual,ভার্চুয়াল,,,Auf dieser Website kann man an einer virtuellen Stadtrundfahrt teilnehmen.,,
Virus,der,Viren,noun,virus,ভাইরাস,,,Ich habe mal wieder einen Virus auf meinem Computer.,,
Visitenkarte,die,-n,noun,business card / visiting card,ভিজিটিং কার্ড,,,Darf ich Ihnen meine Visitenkarte geben?,,
Visum,das,Visa,noun,visa,ভিসা,,,Das Visum ist fuer drei Monate gueltig.,,
Vitamin,das,-e,noun,vitamin,ভিটামিন,,,"Der Arzt sagt, ich soll viele Vitamine essen.",,
voellig,,,adj,completely / totally / utterly,সম্পূর্ণরূপে / পুরোপুরি,,,Das halte ich fuer voellig ausgeschlossen.,,
voll,,,adj,full / filled / complete,পূর্ণ / ভর্তি,,,Die Flasche ist noch ganz voll.,,
Volleyball,der,,noun,volleyball,ভলিবল,,,Im Sommer spiele ich gern Volleyball.,,
Vollzeit,die,,noun,full-time (work),পূর্ণকালীন / ফুল-টাইম,,,Ich moechte gerne Vollzeit arbeiten.,,
von,,,preposition,from / of / by,থেকে / র / দ্বারা,,,Ich komme gerade vom Zahnarzt.,,
voneinander,,,adv,from each other / of each other,পরস্পর থেকে / একে অপরের,,,Wir haben lange nichts voneinander gehoert.,,
vor,,,preposition,before / in front of / ago / from (pain),আগে / সামনে / কারণে,,,Ich bin vor einer Woche zurueckgekommen.,,
vor allem,,,adv,above all / especially,সর্বাগ্রে / বিশেষ করে,,,"Gruessen Sie alle von mir, vor allem Frau Meier.",,
voraus,,,adv,ahead / in advance,আগাম / অগ্রিম,,,Gehen Sie schon voraus.,,
Voraussetzung,die,-en,noun,prerequisite / condition / requirement,পূর্বশর্ত / শর্ত,,,Gesunde Ernaehrung ist die Voraussetzung fuer ein langes Leben.,,
voraussichtlich,,,adv,probably / expected / likely,সম্ভবত / প্রত্যাশিতভাবে,,,Der Zug hat voraussichtlich 20 Minuten Verspaetung.,,
vorbei,,,adv,past / over / finished / gone,পাশ দিয়ে / শেষ,,,Die Linie 8 faehrt am Krankenhaus vorbei.,,
Vorbereitung,die,-en,noun,preparation,প্রস্তুতি,,,Naechste Woche beginnen wir mit der Vorbereitung fuer die Pruefung.,,
vorder-,,,adj,front / forward,সামনের,,,In den vorderen Reihen sind noch Plaetze frei.,,
Vorfahrt,die,,noun,right of way / priority,রাস্তার অগ্রাধিকার,,,Achtung! Das Auto rechts hat Vorfahrt!,,
vorgestern,,,adv,the day before yesterday,পরশু (আগের দিন),,,Er hat mich vorgestern angerufen.,,
vorhaben,,,verb,to plan / intend / have in mind,পরিকল্পনা থাকা / ইচ্ছা থাকা,vorgehabt,hat,Haben Sie morgen Abend schon etwas vor?,,
vorher,,,adv,before / beforehand / previously,আগে / পূর্বে,,,Ich komme mit ins Cafe. Vorher muss ich aber noch zur Bank.,,
vorhin,,,adv,a short while ago / just now,এইমাত্র / একটু আগে,,,Vorhin hat Heidrun angerufen. Du sollst sie zurueckrufen.,,
vorkommen,,,verb,to happen / occur / seem,ঘটা / মনে হওয়া,vorgekommen,ist,Kein Problem. Das kann vorkommen.,,
vorlaeufig,,,adj,temporary / provisional / for now,অস্থায়ী / আপাতত,,,Ich wohne vorlaeufig bei einem Freund.,,
vorlesen,,,verb,to read aloud,পড়ে শোনানো,vorgelesen,hat,Ich lese meinen Kindern oft etwas vor.,,
vorläufig,,,adj,,,,,,,
vorn,,,adv,at the front / in front,সামনে / সমনের দিকে,,,Bitte vorn beim Fahrer einsteigen!,,
Vorname,der,-n,noun,first name,নামের প্রথম অংশ / নিজ নাম,,,Mein Vorname ist Anna.,,
Vorort,der,-e,noun,suburb,শহরতলী / উপশহর,,,Wir wohnen in einem Vorort von Koeln.,,
Vorschlag,der,¨-e,noun,suggestion / proposal,প্রস্তাব / পরামর্শ,,,Ich mache dir einen Vorschlag: Du hilfst mir beim Deutschlernen.,,
vorschlagen,,,verb,to suggest / propose,প্রস্তাব করা,vorgeschlagen,hat,"Ich schlage vor, dass wir eine Pause machen.",,
Vorschrift,die,-en,noun,regulation / rule / instruction,নিয়ম / বিধি,,,Beachten Sie bitte die Vorschriften fuer das Benutzen der Bibliothek.,,
Vorsicht,die,,noun,caution / care / carefulness,সতর্কতা,,,Vorsicht! Der Teller ist heiss.,,
vorsichtig,,,adj,careful / cautious,সতর্ক,,,"Bitte fahr vorsichtig, die Strasse ist glatt.",,
Vorspeise,die,-n,noun,appetizer / starter,এপেটাইজার / শুরুর খাবার,,,Als Vorspeise nehme ich eine Suppe.,,
Vorstellung,die,-en,noun,performance / show / idea / introduction,প্রদর্শনী / ধারণা / পরিচয়,,,Wann laeuft der Film? – Die naechste Vorstellung ist um 15 Uhr.,,
Vorstellungsgespraech,das,-e,noun,job interview,চাকরির ইন্টারভিউ,,,Wann hast du dein Vorstellungsgespraech?,,
Vorteil,der,-e,noun,advantage / benefit,সুবিধা / সুযোগ,,,"Der Vorteil von dieser Wohnung ist, dass sie direkt im Zentrum liegt.",,
Vortrag,der,¨-e,noun,lecture / presentation / talk,বক্তৃতা / উপস্থাপনা,,,Ihr Vortrag war sehr interessant.,,
vorwaerts,,,adv,forward / forwards,সামনের দিকে / আগাম,,,Ich kann nicht vorbei. Bitte fahr noch ein Stueck vorwaerts.,,
Vorwahl,die,-en,noun,area code / dialling code,এরিয়া কোড / ডায়ালিং কোড,,,Wie ist die Vorwahl von Hamburg?,,
Vorwurf,der,¨-e,noun,reproach / accusation / blame,অভিযোগ / দোষারোপ,,,Eva kann nichts dafuer. Mach ihr keine Vorwuerfe.,,
vorwärts,,,,,,,,,,
völlig,,,adj,,,,,,,
waagerecht,,,adj,horizontal,অনুভূমিক,,,Ziehen Sie bitte einen waagerechten Strich.,,
wach,,,adj,awake,জাগ্রত / জেগে থাকা,,,Bist du schon lange wach?,,
wachsen,,,verb,to grow,বড় হওয়া / বেড়ে ওঠা,gewachsen,ist,Mein Sohn ist sehr gewachsen. Er ist jetzt schon groesser als ich.,,
waehlen,,,verb,to choose / dial / elect / vote,বাছাই করা / ডায়াল করা / ভোট দেওয়া,gewaehlt,hat,Sie koennen waehlen: Als Vorspeise gibt es Suppe oder Salat.,,
waehrend,,,preposition,during / while,সময় / চলাকালে,,,"Waehrend ich arbeite, hoere ich oft Musik.",,
Waerme,die,,noun,warmth / heat,উষ্ণতা / তাপ,,,Waerme ist gut gegen meine Schmerzen.,,
Waesche,die,,noun,laundry / washing / linen,কাপড় ধোয়া / লন্ড্রি,,,Ich muss heute noch Waesche waschen.,,
Wagen,der,-,noun,car / vehicle / carriage / wagon,গাড়ি / ওয়াগন,,,Ich habe meinen Wagen in die Werkstatt gebracht.,,
Wahl,die,-en,noun,choice / election,পছন্দ / নির্বাচন,,,Sie haben die Wahl: mit Vollpension oder Halbpension?,,
wahnsinnig,,,adj,crazy / insane / mad / extremely,পাগল / খেপা / খুবই,,,Du faehrst viel zu schnell. Bist du wahnsinnig?!,,
wahr,,,adj,true / real / genuine,সত্য / সত্যি,,,"Was ich sage, ist wahr.",,
Wahrheit,die,-en,noun,truth,সত্য / সত্যতা,,,Sag mir bitte die Wahrheit. Hast du wieder geraucht?,,
wahrscheinlich,,,adj,probably / likely,সম্ভবত / সম্ভাব্য,,,Wahrscheinlich mache ich im Herbst noch einen Deutschkurs.,,
Wald,der,¨-er,noun,forest / woods,বন / জঙ্গল,,,Ich gehe gern im Wald spazieren.,,
Wand,die,¨-e,noun,wall,দেয়াল / প্রাচীর,,,Ich stelle das Regal rechts an die Wand.,,
wandern,,,verb,to hike / go hiking,হাইকিং করা / ভ্রমণ করা,gewandert,ist,Wir gehen oft wandern.,,
Wanderung,die,-en,noun,hike / hiking trip,হাইকিং ভ্রমণ,,,Wir haben in den Ferien eine schoene Wanderung gemacht.,,
wann,,,adv,when,কখন,,,Wann kommst du?,,
Ware,die,-n,noun,goods / merchandise / ware,পণ্য / মাল,,,Wir liefern Ihnen die Ware direkt ins Haus.,,
warm,,,adj,warm / hot,গরম / উষ্ণ,,,Hier ist es sehr warm.,,
warnen,,,verb,to warn,সতর্ক করা / হুঁশিয়ারি দেওয়া,gewarnt,hat,Ich warne Sie. Der Hund ist gefaehrlich.,,
warten,,,verb,to wait,অপেক্ষা করা,gewartet,hat,Koennen Sie ein paar Minuten warten?,,
warum,,,adv,why,কেন / কী কারণে,,,Warum besuchst du mich nicht?,,
was,,,pronoun,what / something,কি / কী,,,Was ist das?,,
was fuer ein-,,,phrase,what kind of / what a,কী ধরনের / কেমন,,,Ich will mir ein Auto kaufen. – Was denn fuer eins?,,
Waschmittel,das,-,noun,washing powder / detergent,কাপড় ধোয়ার পাউডার / ডিটারজেন্ট,,,Diese Bluse darfst du nicht mit jedem Waschmittel waschen.,,
Wasser,das,,noun,water,পানি / জল,,,Kann ich bitte ein Glas Wasser haben?,,
wechseln,,,verb,to change / exchange (money),পরিবর্তন করা / বিনিময় করা,gewechselt,hat,Koennen Sie 50 Euro in Kleingeld wechseln?,,
wecken,,,verb,to wake (someone) up,জাগানো / ঘুম থেকে তোলা,geweckt,hat,Koennen Sie mich morgen frueh um sechs wecken?,,
Wecker,der,-,noun,alarm clock,অ্যালার্ম ঘড়ি,,,Hast du den Wecker schon gestellt?,,
weder … noch,,,conjunction,neither … nor,এটাও না … ওটাও না,,,Fuer Urlaub haben wir weder Zeit noch Geld.,,
weg,der,-e,adv,gone / away / off,চলে গেছে / দূরে,,,Meine Handtasche ist weg!,,
wegen,,,preposition,because of / due to,কারণে / জন্য,,,Wegen Nebels konnte unser Flugzeug nicht landen.,,
wehtun,,,verb,to hurt / ache,ব্যথা করা,wehgetan,hat,Wo tut es weh?,,
weiblich,,,adj,female / feminine,মেয়েলি / স্ত্রীলিঙ্গ,,,Kreuzen Sie bitte an: weiblich oder maennlich.,,
weich,,,adj,soft,নরম / কোমল,,,Ich moechte zum Fruehstueck ein weiches Ei.,,
weil,,,conjunction,because,কারণ,,,"Ich kann nicht kommen, weil ich krank bin.",,
Wein,der,-e,noun,wine,ওয়াইন / মদ,,,In diesem Restaurant gibt es sehr guten Wein.,,
weinen,,,verb,to cry / weep,কাঁদা / কান্না করা,geweint,hat,Bitte nicht weinen. Du bekommst eine neue Puppe.,,
weit,,,adj,far / wide / loose (clothing),দূর / চওড়া / ঢিলা,,,Wie weit ist es noch bis Muenchen?,,
weiter,,,adv,further / further on / continue,আরও / চলতে থাকা,,,Bitte essen Sie ruhig weiter.,,
Weiterbildung,die,-en,noun,further education / continuing education,উচ্চতর শিক্ষা / প্রশিক্ষণ,,,Ich moechte eine Weiterbildung machen.,,
welcher/welche/welches,,,pronoun,which / what / that,কোনটি / যেটি,,,Welcher Tag ist heute?,,
Welt,die,,noun,world,বিশ্ব / পৃথিবী / দুনিয়া,,,Ueberall auf der Welt gibt es Probleme.,,
weltweit,,,adj,worldwide / global,বিশ্বব্যাপী,,,Unsere Firma produziert fuer den weltweiten Markt.,,
wenden,,,verb,to turn / turn around / flip,ঘোরানো / মোড় নেওয়া,gewendet,hat,"Sie muessen zurueckfahren, aber hier duerfen Sie nicht wenden.",,
wenig,,,adj,little / few / not much,অল্প / কম / সামান্য,,,Essen Sie immer so wenig?,,
wenigstens,,,adv,at least,অন্তত / নূন্যতম,,,Essen Sie wenigstens ein Stueck Kuchen.,,
wenn,,,conjunction,if / when / whenever,যদি / যখন,,,"Kommst du zu der Party? – Vielleicht, wenn ich nicht arbeiten muss.",,
wer,,,pronoun,who / whoever,কে,,,Wer ist das? Kennst du die Frau?,,
Werbung,die,-en,noun,advertising / advertisement / commercial,বিজ্ঞাপন / প্রচার,,,Ich sehe gern Werbung im Fernsehen.,,
werden,,,verb,to become / will (future) / get,হওয়া / হবে (ভবিষ্যৎ),geworden,ist,Es wird kalt.,,
werfen,,,verb,to throw / toss / cast,নিক্ষেপ করা / ছোঁড়া,geworfen,hat,Die Kinder haben Steine ins Wasser geworfen.,,
Werk,das,-e,noun,work / factory / plant / piece,কারখানা / কাজ / শিল্পকর্ম,,,Wir haben gestern das Werk besichtigt.,,
Werkstatt,die,¨-en,noun,workshop / garage / repair shop,মেরামতের দোকান / ওয়ার্কশপ,,,Mein Wagen ist zurzeit in der Werkstatt.,,
Werkzeug,das,-e,noun,tool / tools,হাতিয়ার / সরঞ্জাম,,,Wir hatten kein Werkzeug fuer die Reparatur dabei.,,
Wert,der,-e,noun,value / worth,মূল্য / দাম,,,Das Haus hat einen Wert von ca. 1 Mio. Euro.,,
wertlos,,,adj,worthless / valueless,মূল্যহীন,,,Diese alten Geldscheine sind heute voellig wertlos.,,
wertvoll,,,adj,valuable / precious,মূল্যবান / দামি,,,Ich habe einen sehr wertvollen Ring von meiner Grossmutter.,,
weshalb,,,adv,why / for what reason / therefore,কেন / কী কারণে,,,Weshalb rufst du an?,,
Wettbewerb,der,-e,noun,competition / contest,প্রতিযোগিতা,,,Meine Tochter hat bei einem Wettbewerb gewonnen.,,
wetten,,,verb,to bet / wager,বাজি ধরা,gewettet,hat,"Wir haben gewettet, dass sie wieder zu spaet kommt.",,
Wetter,das,,noun,weather,আবহাওয়া / জলবায়ু,,,Das Wetter soll schoen werden.,,
Wetterbericht,der,-e,noun,weather report / forecast,আবহাওয়ার খবর,,,Hast du schon den Wetterbericht gehoert?,,
Wettervorhersage,die,-n,noun,weather forecast,আবহাওয়ার পূর্বাভাস,,,Die Wettervorhersage fuer morgen: trocken und sonnig.,,
wichtig,,,adj,important,গুরুত্বপূর্ণ / জরুরি,,,Die Pruefung ist sehr wichtig fuer mich.,,
widersprechen,,,verb,to contradict / object / disagree,বিরোধিতা করা / বিপরীত বলা,widersprochen,hat,Da muss ich Ihnen widersprechen.,,
wie,,,adv,how / like / as,কেমন / কিভাবে / মত,,,Wie heisst du?,,
wie viel,,,phrase,how much / how many,কত / কতগুলো,,,Wie viel Geld hast du dabei?,,
wieder,,,adv,again / once more,আবার / পুনরায়,,,Wann kommst du wieder?,,
wiederholen,,,verb,to repeat,পুনরাবৃত্তি করা,wiederholt,hat,Ich wiederhole: Die Nummer ist 3487.,,
Wiederholung,die,-en,noun,repetition / repeat / rerun,পুনরাবৃত্তি,,,Eine Wiederholung der Pruefung ist moeglich.,,
wiegen,,,verb,to weigh,ওজন করা / ওজন হওয়া,gewogen,hat,Wie viel wiegst du?,,
Wiese,die,-n,noun,meadow / lawn / field,ঘাসের মাঠ / তৃণভূমি,,,Vor unserem Haus ist eine Wiese mit Baeumen.,,
wieso,,,adv,why / how come,কেন / কী করে,,,Wie lange sind Sie hier? – Wieso fragen Sie?,,
wild,,,adj,wild / rough / unruly,বন্য / অবাধ্য,,,Das ist ein wilder Fluss.,,
willkommen,,,adj,welcome,স্বাগত,,,Herzlich willkommen in Koeln.,,
Wind,der,-e,noun,wind,বাতাস / হাওয়া,,,Der Wind kommt heute von Westen.,,
windig,,,adj,windy,হাওয়াময়,,,Es ist heute sehr windig.,,
winken,,,verb,to wave,হাত নাড়ানো / ইশারা করা,gewinkt,hat,Alle standen auf dem Bahnsteig und winkten zum Abschied.,,
wirft runter,,,verb,,,,,,,
wirken,,,verb,to have an effect / work / appear,কার্যকর হওয়া / কাজ করা,gewirkt,hat,Die Tabletten haben nicht gewirkt.,,
wirklich,,,adj,really / truly / real / actual,সত্যিই / আসলেই,,,Du glaubst mir nicht? Es ist aber wirklich so.,,
Wirklichkeit,die,,noun,reality / actuality,বাস্তবতা,,,In Wirklichkeit kostet es 14 Euro.,,
Wirkung,die,-en,noun,effect / impact,প্রভাব / কার্যকারিতা,,,Welche Wirkungen hat dieses Medikament?,,
Wirt,der,-e,noun,innkeeper / landlord (male),সরাইখানার মালিক (পুরুষ),,,Ich kenne die Wirtin von diesem Lokal.,,
Wirtin,die,-nen,noun,innkeeper / landlady (female),সরাইখানার মালিক (মহিলা),,,Ich kenne die Wirtin von diesem Lokal.,,
Wirtschaft,die,,noun,economy / industry / pub/restaurant,অর্থনীতি / অর্থব্যবস্থা,,,In der Schule lernen die Kinder viel ueber Wirtschaft und Politik.,,
Wissen,das,,noun,knowledge,জ্ঞান,,,Er hat ein grosses Wissen ueber Pflanzen.,,
Wissenschaft,die,-en,noun,science / academia,বিজ্ঞান,,,Vertreter von Kunst und Wissenschaft treffen sich heute in Berlin.,,
Wissenschaftler,der,-,noun,scientist / academic (male),বিজ্ঞানী (পুরুষ),,,Sie ist Wissenschaftlerin an der Universitaet.,,
Wissenschaftlerin,die,-nen,noun,scientist / academic (female),বিজ্ঞানী (মহিলা),,,Sie ist Wissenschaftlerin an der Universitaet.,,
Witz,der,-e,noun,joke,রসিকতা / কৌতুক,,,Wir haben Witze erzaehlt und viel gelacht.,,
Woerterbuch,das,¨-er,noun,dictionary,অভিধান / ডিকশনারি,,,Ich muss das Wort im Woerterbuch nachschlagen.,,
woher,,,adv,where … from / from where,কোথা থেকে,,,Woher kommst du?,,
wohin,,,adv,where … to / to where,কোথায় / কোন দিকে,,,Wohin kommt der Schrank?,,
wohl,,,adv,well / probably / likely / indeed,ভালো / সম্ভবত / নিশ্চয়ই,,,Ich fuehle mich nicht wohl.,,
wohnen,,,verb,to live / reside / dwell,থাকা / বসবাস করা,gewohnt,hat,Wir wohnen in einem alten Haus.,,
Wohnort,der,-e,noun,place of residence / town,বাসস্থানের শহর,,,Tragen Sie bitte Strasse und Wohnort ein.,,
Wohnsitz,der,-e,noun,domicile / residence,স্থায়ী ঠিকানা,,,Er hat einen festen Wohnsitz in dieser Stadt.,,
Wohnung,die,-en,noun,apartment / flat / dwelling,বাসা / অ্যাপার্টমেন্ট,,,"Wir suchen eine moeblierte Wohnung, moeglichst im Zentrum.",,
Wohnzimmer,das,-,noun,living room,বসার ঘর / লিভিং রুম,,,Wir sitzen im Wohnzimmer und sehen fern.,,
Wolke,die,-n,noun,cloud,মেঘ,,,Es sind viele Wolken am Himmel.,,
Wolle,die,,noun,wool,উল / পশম,,,Dieser Pullover ist aus reiner Wolle.,,
wollen,,,verb,to want / wish,চাওয়া / ইচ্ছা করা,gewollt,hat,Peter will Arzt werden.,,
Wort,das,-e,noun,word (connected speech / statement),শব্দ / কথা / বক্তব্য,,,Sie hat mit wenigen Worten viel gesagt.,,
wortet,,,verb,,,,,,,
worueber,,,adv,about what / what … about,কী নিয়ে / কী বিষয়ে,,,Worueber lachen Sie?,,
worum,,,adv,what … about / about what,কী নিয়ে / কী বিষয়ে,,,Kann ich Herrn Meier sprechen? – Worum geht es denn?,,
worüber,,,,,,,,,,
wuetend,,,adj,furious / angry / enraged,রাগান্বিত / ক্ষুব্ধ,,,Warum bist du so wuetend?,,
Wunde,die,-n,noun,wound / injury,ক্ষত / আঘাত,,,Die Wunde muessen wir sofort verbinden.,,
Wunder,das,-,noun,miracle / wonder,অলৌকিক ঘটনা / বিস্ময়,,,"Es war ein Wunder, dass nichts Schlimmes passiert ist.",,
wunderbar,,,adj,wonderful / marvellous,চমৎকার / অসাধারণ / অদ্ভুত সুন্দর,,,Im ganzen Urlaub hatten wir wunderbares Wetter.,,
wunderschoen,,,adj,gorgeous / wonderfully beautiful,অসাধারণ সুন্দর,,,Wir haben einen Ausflug gemacht. Es war wunderschoen.,,
wunderschön,,,,,,,,,,
Wunsch,der,¨-e,noun,wish / desire / request,ইচ্ছা / চাওয়া / কামনা,,,Haben Sie sonst noch einen Wunsch?,,
Wurst,die,¨-e,noun,sausage,সসেজ,,,Diese Wurst ist mir zu fett.,,
während,,,,,,,,,,
Wärme,die,,noun,,,,,,,
Wäsche,die,,noun,,,,,,,
Wörterbuch,das,¨-er,noun,,,,,,,
wütend,,,,,,,,,,
zaehlen,,,verb,to count / count on (rely),গণনা করা / নির্ভর করা,gezaehlt,hat,Bitte zaehlen Sie das Wechselgeld sofort nach.,,
Zahl,die,-en,noun,number / figure / digit,সংখ্যা / অংক,,,Koennen Sie die Zahl bitte wiederholen?,,
zahlen,,,verb,to pay,টাকা দেওয়া / পরিশোধ করা,gezahlt,hat,"Herr Ober, zahlen bitte!",,
zahlreich,,,adj,numerous / plentiful / many,অনেক / বহু / প্রচুর,,,Die Gaeste sind zahlreich gekommen.,,
Zahlung,die,-en,noun,payment,পরিশোধ / পেমেন্ট,,,Bitte geben Sie bei der Zahlung die Rechnungsnummer an.,,
Zahn,der,¨-e,noun,tooth,দাঁত,,,Der Zahn tut mir schon lange weh.,,
Zahnbürste,die,-n,noun,toothbrush,দাঁতের ব্রাশ,,,Ich brauche eine neue Zahnbürste.,,
Zahncreme,die,,noun,toothpaste,টুথপেস্ট / দাঁত মাজার ক্রিম,,,Die neue Zahncreme riecht sehr gut.,,
Zahnpasta,die,,noun,toothpaste (alternative),টুথপেস্ট (বিকল্প),,,Die neue Zahnpasta riecht sehr gut.,,
Zange,die,-n,noun,pliers / pincers / tongs,প্লায়ার্স / সাঁড়াশি,,,"Um das Fahrrad zu reparieren, brauchst du eine Zange.",,
Zeichen,das,-,noun,sign / signal / symbol / character,চিহ্ন / ইশারা / সিগন্যাল,,,"Bitte fangen Sie erst an, wenn ich Ihnen ein Zeichen gebe.",,
zeichnen,,,verb,to draw,আঁকা / অঙ্কন করা,gezeichnet,hat,Meine Tochter kann sehr gut zeichnen.,,
Zeichnung,die,-en,noun,drawing / illustration,অঙ্কিত ছবি / ড্রয়িং,,,Das ist eine schoene Zeichnung.,,
zeigen,,,verb,to show / point,দেখানো / নির্দেশ করা,gezeigt,hat,Zeig mir bitte deine Hausaufgaben.,,
Zeile,die,-n,noun,line (of text),লাইন / সারি (লেখার),,,Das Wort steht in der fuenften Zeile von oben.,,
Zeit,die,,noun,time,সময়,,,Ich habe heute keine Zeit.,,
Zeitpunkt,der,-e,noun,point in time / moment / time,সময়বিন্দু / মুহূর্ত,,,Er ist krank. Das ist kein guter Zeitpunkt fuer einen Besuch.,,
Zeitschrift,die,-en,noun,magazine / journal / periodical,পত্রিকা / ম্যাগাজিন,,,Diese Zeitschrift kaufe ich jede Woche.,,
Zeitung,die,-en,noun,newspaper,সংবাদপত্র / পত্রিকা,,,Ich lese manchmal Zeitung.,,
Zelt,das,-e,noun,tent,তাঁবু / ক্যাম্পিং তাঁবু,,,Wir machen Camping-Urlaub und nehmen ein Zelt mit.,,
zelten,,,verb,to camp,ক্যাম্প করা / তাঁবুতে থাকা,gezeltet,hat,Ich habe noch nie gezeltet.,,
zentral,,,adj,central / centrally located,কেন্দ্রীয় / কেন্দ্রে অবস্থিত,,,Wir suchen eine Zweizimmerwohnung in zentraler Lage.,,
Zentrum,das,Zentren,noun,center / downtown / city center,কেন্দ্র / শহরের কেন্দ্র,,,Im Zentrum gibt es fast keine Parkplaetze.,,
zerstoeren,,,verb,to destroy,ধ্বংস করা / বিনষ্ট করা,zerstoert,hat,Der Sturm hat viele Haeuser zerstoert.,,
zerstören,,,verb,,,,,,,
Zertifikat,das,-e,noun,certificate,সার্টিফিকেট / সনদপত্র,,,"Wenn ich die Pruefung schaffe, bekomme ich ein Zertifikat.",,
Zettel,der,-,noun,note / slip of paper / piece of paper,ছোট কাগজ / চিরকুট / নোট,,,Hast du einen Zettel fuer mich? Ich muss etwas aufschreiben.,,
Zeug,das,,noun,stuff / things / gear,জিনিসপত্র / মালপত্র,,,Ich habe dein ganzes Zeug in dein Zimmer getan.,,
Zeuge,der,-n,noun,witness (male),সাক্ষী (পুরুষ),,,Die Polizei sucht noch Zeugen fuer den Unfall.,,
Zeugin,die,-nen,noun,witness (female),সাক্ষী (মহিলা),,,Die Polizei sucht noch Zeugen fuer den Unfall.,,
Zeugnis,das,-se,noun,certificate / report card / testimonial,সার্টিফিকেট / রিপোর্ট কার্ড,,,"Wenn Sie die Pruefung schaffen, bekommen Sie ein Zeugnis.",,
ziehen,,,verb,to pull / draw / move (house),টানা / সরানো / বাসা বদলানো,gezogen,hat/ist,"Sie muessen ziehen, nicht druecken.",,
Ziel,das,-e,noun,goal / aim / target / destination,লক্ষ্য / উদ্দেশ্য / গন্তব্য,,,Ich will die Pruefung unbedingt schaffen. Das ist mein Ziel.,,
ziemlich,,,adj,quite / rather / fairly / pretty,মোটামুটি / বেশ / যথেষ্ট,,,Ich bin schon ziemlich muede. Ich gehe ins Bett.,,
Zigarette,die,-n,noun,cigarette,সিগারেট,,,Wie viele Zigaretten rauchst du am Tag?,,
Zimmer,das,-,noun,room,ঘর / রুম,,,Die Wohnung hat drei Zimmer.,,
Zinsen,,(Pl.),noun,interest (financial),সুদ,,,Wie viele Zinsen bekomme ich fuer mein Sparkonto?,,
Zirkus,der,-se,noun,circus,সার্কাস,,,Heute gehen wir mit den Kindern in den Zirkus.,,
Zitrone,die,-n,noun,lemon,লেবু,,,Ich haette gern einen Tee mit Zitrone.,,
Zivilstand,der,,noun,marital status (CH),বৈবাহিক অবস্থা (সুইজারল্যান্ড),,,Bei Zivilstand musst du ledig ankreuzen.,"CH: Zivilstand, D/A: Familienstand/Personenstand",
Znueni,das/der,-s,noun,mid-morning snack (CH),সকালের নাস্তা (সুইজারল্যান্ড),,,Es ist Zeit fuer ein kleines Znueni.,"CH: Znueni/Zvieri, D: Imbiss, A: Jause",
Zoll,der,¨-e,noun,customs / customs duty,শুল্ক / কাস্টমস,,,Wir muessen jetzt noch durch den Zoll.,,
Zone,die,-n,noun,zone / area,জোন / এলাকা,,,Hier koennen wir nicht fahren. Das ist eine Fussgaengerzone.,,
Zoo,der,-s,noun,zoo,চিড়িয়াখানা,,,Am Sonntag gehen wir mit den Kindern in den Zoo.,,
zu sein,,,verb,to be closed / shut,বন্ধ থাকা,zu gewesen,ist,Am Sonntag sind die meisten Laeden zu.,,
zubereiten,,,verb,to prepare (food),প্রস্তুত করা (খাবার),zubereitet,hat,Sie bereitet das Fleisch mit Kartoffeln zu.,,
Zucker,der,,noun,sugar,চিনি,,,Nehmen Sie Zucker in den Tee?,,
Zuender,,(Pl.),noun,matches (A),দিয়াশলাই (অস্ট্রিয়া),,,Ich haette gern eine Schachtel Zuender.,"A: Zuender, D: Streichholz/Zuendholz",
Zuendholz,das,¨-er,noun,match (for fire),দিয়াশলাই / ম্যাচ,,,Ich haette gern eine Schachtel Zuendhoelzer.,"D: Zuendholz/Streichholz, A: Zuender",
zuerst,,,adv,first / at first / firstly,প্রথমে / আগে,,,Wer war zuerst? – Der Herr hier.,,
zufaellig,,,adj,by chance / coincidental / accidentally,হঠাৎ / দৈবক্রমে,,,Wir haben uns zufaellig am Bahnhof getroffen.,,
Zufall,der,¨-e,noun,coincidence / chance,কাকতাল / দৈবক্রম,,,"So ein Zufall, dass ich dich hier treffe.",,
zufrieden,,,adj,satisfied / content / happy,সন্তুষ্ট / খুশি,,,Ich bin mit der Wohnung zufrieden.,,
zufällig,,,adj,,,,,,,
Zug,der,¨-e,noun,train / pull / drag,ট্রেন / টান,,,Unser Zug hatte 40 Minuten Verspaetung.,,
zugaenglich,,,adj,accessible / available,প্রবেশযোগ্য / সহজলভ্য,,,Der Park ist fuer alle zugaenglich.,,
Zugang,der,¨-e,noun,access / entrance,প্রবেশ / প্রবেশাধিকার,,,Der Zugang zu diesem Haus ist schwierig.,,
zugehen,,,verb,to shut / close,বন্ধ হওয়া,zugegangen,ist,Die Tuer geht nicht zu. Kannst du mir helfen?,,
zugänglich,,,adj,,,,,,,
Zuhause,das,,noun,home,বাসা / নিজের বাড়ি,,,Ich fuehle mich hier wohl. Das ist mein Zuhause.,,
zuhoeren,,,verb,to listen,শোনা / কান দেওয়া,zugehoert,hat,Hoer mir doch mal zu!,,
Zuhoerer,der,-,noun,"listener (male, radio/audio)",শ্রোতা (পুরুষ),,,"Liebe Zuhoererinnen und Zuhoerer, Ihre Meinung interessiert uns.",,
Zuhoererin,die,-nen,noun,"listener (female, radio/audio)",শ্রোতা (মহিলা),,,"Liebe Zuhoererinnen und Zuhoerer, Ihre Meinung interessiert uns.",,
zuhören,,,verb,,,,,,,
Zuhörer,der,-,noun,,,,,,,
Zuhörerin,die,-nen,noun,,,,,,,
zukuenftig,,,adj,future / in future / from now on,ভবিষ্যতে / আগামীতে,,,"Ich bitte dich, zukuenftig frueher zu kommen.",,
Zukunft,die,,noun,future,ভবিষ্যৎ,,,Du musst mehr fuer die Schule lernen. Denk an die Zukunft.,,
zukünftig,,,adj,,,,,,,
zuletzt,,,adv,last / lastly / finally,সর্বশেষে / শেষবার,,,Die Kleider packen wir zuletzt ein.,,
zumachen,,,verb,to close / shut,বন্ধ করা,zugemacht,hat,Mach bitte die Tuer zu!,,
zumindest,,,adv,at least / at any rate,অন্তত / অন্ততপক্ষে,,,"Ich moechte nicht in der Stadt wohnen, zumindest jetzt nicht.",,
zunaechst,,,adv,first / initially / for now,প্রথমে / শুরুতে,,,Zunaechst moechte ich alle begruessen!,,
zunehmen,,,verb,to increase / gain weight,বাড়া / ওজন বাড়া,zugenommen,hat,Ich habe im Urlaub 1 Kilo zugenommen.,,
zunächst,,,,,,,,Wer war zuerst? – Der Herr hier.,,
zurechtkommen,,,verb,to manage / cope / get along,সামলানো / মানিয়ে চলা,zurechtgekommen,ist,Soll ich Ihnen helfen? – Danke. Ich komme allein zurecht.,,
zurueck,,,adv,back / backwards / returned,ফিরে / পেছনে,,,Bitte eine Fahrkarte nach Frankfurt und zurueck!,,
zurzeit,,,adv,currently / at the moment,বর্তমানে / এই মুহূর্তে,,,Zurzeit habe ich sehr viel zu tun.,,
zusaetzlich,,,adj,additional / extra / additionally,অতিরিক্ত / বাড়তি,,,Sie muessen in Zukunft eine Stunde zusaetzlich arbeiten.,,
zusagen,,,verb,to accept (invitation) / agree,সম্মত হওয়া / রাজি হওয়া,zugesagt,hat,Meine Eltern haben uns zum Essen eingeladen. Ich habe zugesagt.,,
zusammen,,,adv,together / jointly / in total,একসাথে / একত্রে,,,Wir haben als Kinder oft zusammen gespielt.,,
Zusammenarbeit,die,,noun,cooperation / collaboration,সহযোগিতা / সহযোগ,,,Sie sind der neue Kollege? Auf gute Zusammenarbeit!,,
zusammenfassen,,,verb,to summarize / sum up,সংক্ষেপ করা / সারাংশ বলা,zusammengefasst,hat,Koennen Sie das bitte noch einmal kurz zusammenfassen?,,
Zusammenhang,der,¨-e,noun,context / connection / relation,প্রসঙ্গ / সম্পর্ক / সংযোগ,,,In diesem Zusammenhang moechte ich Sie auf zwei Buecher aufmerksam machen.,,
zuschauen,,,verb,to watch / look on,দেখা / তাকিয়ে থাকা,zugeschaut,hat,"Willst du mitspielen? – Nein, ich schaue lieber nur zu.",,
Zuschauer,der,-,noun,spectator / viewer (male),দর্শক (পুরুষ),,,"Liebe Zuschauer, wir wuenschen Ihnen gute Unterhaltung.",,
Zuschauerin,die,-nen,noun,spectator / viewer (female),দর্শক (মহিলা),,,"Liebe Zuschauer, wir wuenschen Ihnen gute Unterhaltung.",,
Zuschlag,der,¨-e,noun,surcharge / supplement / extra charge,অতিরিক্ত চার্জ / সারচার্জ,,,Fuer diesen Zug muessen Sie einen Zuschlag zahlen.,,
zustaendig,,,adj,responsible / in charge / competent,দায়িত্বপ্রাপ্ত / দায়ী,,,Wir haben ein Problem mit der Heizung. Wer ist dafuer zustaendig?,,
Zustand,der,¨-e,noun,condition / state / shape,অবস্থা / হাল,,,"Als wir in die Wohnung eingezogen sind, war sie in sehr schlechtem Zustand.",,
zustimmen,,,verb,to agree / approve / consent,সম্মতি দেওয়া / একমত হওয়া,zugestimmt,hat,Ich stimme dir in dieser Sache voellig zu.,,
Zustimmung,die,-en,noun,approval / consent / agreement,সম্মতি / অনুমোদন,,,"Wir brauchen Ihre Zustimmung, um Ihnen Werbung zu schicken.",,
zuständig,,,adj,,,,,,,
zusätzlich,,,adj,,,,,,,
Zutaten,,(Pl.),noun,ingredients,উপকরণ / উপাদান (রান্নার),,,Welche Zutaten braucht man fuer diesen Kuchen?,,
zuverlaessig,,,adj,reliable / dependable / trustworthy,নির্ভরযোগ্য / বিশ্বস্ত,,,Der Kollege kommt bestimmt gleich. Er ist immer sehr zuverlaessig.,,
zuverlässig,,,adj,,,,,,,
Zvieri,das/der,-s,noun,afternoon snack (CH),বিকেলের নাস্তা (সুইজারল্যান্ড),,,Es ist Zeit fuer ein kleines Zvieri.,"CH: Zvieri/Znueni, D: Imbiss, A: Jause",
zwar,,,adv,indeed / it is true that / namely,যদিও / বটে / অর্থাৎ,,,"Diese Schuhe sind zwar teuer, aber gut.",,
Zweck,der,-e,noun,purpose / point / use,উদ্দেশ্য / অর্থ / প্রয়োজনীয়তা,,,"Ich glaube, es hat keinen Zweck, sich zu bewerben.",,
Zweifel,der,-,noun,doubt,সন্দেহ / সংশয়,,,Da ist ohne Zweifel die beste Loesung.,,
zweifeln,,,verb,to doubt,সন্দেহ করা,gezweifelt,hat,"Ich zweifle nicht daran, dass Sie recht haben.",,
Zweitsprache,die,-n,noun,second language,দ্বিতীয় ভাষা,,,Deutsch ist seine Zweitsprache.,,
Zwiebel,die,-n,noun,onion,পেঁয়াজ,,,Eine Zwiebel in kleine Stuecke schneiden und zusammen mit dem Fleisch braten.,,
zwischen,,,preposition,between,মাঝে / মধ্যে,,,Das Regal stellen wir zwischen die beiden Schraenke.,,
Zünder,die,,noun,,,,,,,
Zündholz,das,¨-er,noun,,,,,,,
ähnlich,,,adj,similar,অনুরূপ,,,Emilia ist in einer ganz ähnlichen Situation wie ich.,,
ändern,,,verb,to change,পরিবর্তন করা,geändert,hat,Das Wetter hat sich geändert.,,
Änderung,die,-en,noun,change,পরিবর্তন,,,Es gibt eine Programmänderung.,,
ängstlich,,,adj,anxious / fearful,ভীত / উদ্বিগ্ন,,,"Meine Mutter ist etwas ängstlich, sie geht nicht gern allein auf die Straße.",,
Ärger,der,,noun,anger / trouble,রাগ / ঝামেলা,,,Ich hatte heute Ärger im Büro.,,
ärgerlich,,,adj,annoying,বিরক্তিকর,,,"Der Zug hat schon wieder Verspätung, das ist wirklich ärgerlich.",,
Ärztin,die,-nen,noun,doctor (female),ডাক্তার (মহিলা),,,Gehst du auch zu dieser Ärztin?,,
äußerlich,,,adj,external / for external use,বাহ্যিক,,,Das Medikament dürfen Sie nur äußerlich anwenden.,,
öffentlich,,,adj,public,সরকারি/পাবলিক,,,Das ist ein öffentliches Gebäude.,,
Öffentlichkeit,die,-,noun,public/publicity,জনসাধারণ,,,Die Öffentlichkeit wurde informiert.,,
öffnen,,,verb,to open,খোলা,geöffnet,hat,Kannst du bitte die Tür öffnen?,,
Öko-,,,prefix,eco-/ecological,ইকো-/পরিবেশগত,,,Öko-Produkte werden immer beliebter.,,
üben,,,,,,,,,,
über,,,,,,,,,,
über-,,,,,,,,,,
überall,,,,,,,,,,
überfahren,,,verb,,,,,,,
überhaupt,,,,,,,,,,
überholen,,,verb,,,,,,,
überlegen,,,verb,,,,,Brauchen Sie eine Tüte für den Salat?,,
übermorgen,,,,,,,,,,
übernachten,,,verb,,,,,,,
Übernachtung,die,-en,noun,,,,,,,
übernehmen,,,verb,,,,,,,
überprüfen,,,verb,,,,,,,
überqueren,,,verb,,,,,,,
überraschen,,,verb,,,,,,,
Überraschung,die,-en,noun,,,,,,,
überreden,,,verb,,,,,,,
Überschrift,die,-en,noun,,,,,,,
übersetzen,,,verb,,,,,,,
Übersetzer,der,-,noun,,,,,,,
Übersetzerin,die,-nen,noun,,,,,,,
Übersetzung,die,-en,noun,,,,,,,
Überstunde,die,-n,noun,,,,,,,
übertreiben,,,verb,,,,,,,
überweisen,,,verb,,,,,Wohnung so billig ist.,,
überzeugt,,,verb,,,,,,,
Überzeugung,die,-en,noun,,,,,,,
üblich,,,adj,,,,,,,
übrig,,,adj,,,,,,,
übrigens,,,,,,,,,,
Übung,die,-en,noun,,,,,,,
